file,line,category,literal,context
app/src/main/java/ohi/andre/consolelauncher/MainManager.kt,571,review-literal,Command did not execute: ,"""Command did not execute: "" + parts.get(0),"
app/src/main/java/ohi/andre/consolelauncher/MainManager.kt,604,review-literal,Unable to remove empty legacy binary directory: ,"Tuils.log(""Unable to remove empty legacy binary directory: "" + legacyBinDir.getAbsolutePath())"
app/src/main/java/ohi/andre/consolelauncher/MainManager.kt,615,review-literal,Unable to remove legacy BusyBox file: ,"Tuils.log(""Unable to remove legacy BusyBox file: "" + file.getAbsolutePath())"
app/src/main/java/ohi/andre/consolelauncher/MainManager.kt,644,review-literal,launch ,"intent.putExtra(UIManager.EXTRA_TMUX_WORKSPACE_COMMAND, ""launch "" + launcher.id)"
app/src/main/java/ohi/andre/consolelauncher/MainManager.kt,664,review-literal,Invalid command input: ,"""Invalid command input: "" + parts.get(0),"
app/src/main/java/ohi/andre/consolelauncher/MainManager.kt,753,review-literal,shell: ,"Tuils.sendOutput(info.context, ""shell: "" + command, TerminalManager.CATEGORY_OUTPUT)"
app/src/main/java/ohi/andre/consolelauncher/MainManager.kt,769,review-literal,cd ,") || command.lowercase(Locale.getDefault()).startsWith(""cd "")"
app/src/main/java/ohi/andre/consolelauncher/UIManager.kt,391,review-literal,\\u001B\\[[0-?]*[ -/]*[@-~],"private val termuxAnsiPattern = Pattern.compile(""\\u001B\\[[0-?]*[ -/]*[@-~]"")"
app/src/main/java/ohi/andre/consolelauncher/UIManager.kt,1065,display-candidate,: $weatherCondition,"unifiedStatusWeather?.text = if (weatherCondition.isEmpty()) """" else "": $weatherCondition"""
app/src/main/java/ohi/andre/consolelauncher/UIManager.kt,1164,review-literal,  _____         _______     _    _ _____ \n,"val sample = ""  _____         _______     _    _ _____ \n"" +"
app/src/main/java/ohi/andre/consolelauncher/UIManager.kt,1165,review-literal, |  __ \\       |__   __|   | |  | |_   _|\n,""" |  __ \\       |__   __|   | |  | |_   _|\n"" +"
app/src/main/java/ohi/andre/consolelauncher/UIManager.kt,1166,review-literal, | |__) | ___     | |______| |  | | | |  \n,""" | |__) | ___     | |______| |  | | | |  \n"" +"
app/src/main/java/ohi/andre/consolelauncher/UIManager.kt,1167,review-literal, |  _  / / _ \\    | |______| |  | | | |  \n,""" |  _  / / _ \\    | |______| |  | | | |  \n"" +"
app/src/main/java/ohi/andre/consolelauncher/UIManager.kt,1168,review-literal, | | \\ \\|  __/    | |      | |__| |_| |_ \n,""" | | \\ \\|  __/    | |      | |__| |_| |_ \n"" +"
app/src/main/java/ohi/andre/consolelauncher/UIManager.kt,1169,review-literal, |_|  \\_\\\\___|    |_|       \\____/|_____|\n,""" |_|  \\_\\\\___|    |_|       \\____/|_____|\n"""
app/src/main/java/ohi/andre/consolelauncher/UIManager.kt,1171,review-literal,UTF-8,"stream.write(sample.toByteArray(charset(""UTF-8"")))"
app/src/main/java/ohi/andre/consolelauncher/UIManager.kt,1175,review-literal,TUI-UI,"Log.e(""TUI-UI"", ""Error creating ascii.txt"", e)"
app/src/main/java/ohi/andre/consolelauncher/UIManager.kt,1175,review-literal,Error creating ascii.txt,"Log.e(""TUI-UI"", ""Error creating ascii.txt"", e)"
app/src/main/java/ohi/andre/consolelauncher/UIManager.kt,3100,review-literal,BSpace,"sendTermuxWorkspaceKey(""BSpace"")"
app/src/main/java/ohi/andre/consolelauncher/UIManager.kt,3119,review-literal,BSpace,"sendTermuxWorkspaceKey(""BSpace"")"
app/src/main/java/ohi/andre/consolelauncher/UIManager.kt,3127,review-literal,Enter,"sendTermuxWorkspaceKey(""Enter"")"
app/src/main/java/ohi/andre/consolelauncher/UIManager.kt,3144,review-literal,Enter,"sendTermuxWorkspaceKey(""Enter"")"
app/src/main/java/ohi/andre/consolelauncher/UIManager.kt,3154,review-literal,Enter,"sendTermuxWorkspaceKey(""Enter"")"
app/src/main/java/ohi/andre/consolelauncher/UIManager.kt,3344,review-literal,REFRESH,"termuxWorkspaceRefreshSpec(""REFRESH""),"
app/src/main/java/ohi/andre/consolelauncher/UIManager.kt,3345,review-literal,ESC,"termuxWorkspaceKeySpec(""ESC"", ""Escape""),"
app/src/main/java/ohi/andre/consolelauncher/UIManager.kt,3345,review-literal,Escape,"termuxWorkspaceKeySpec(""ESC"", ""Escape""),"
app/src/main/java/ohi/andre/consolelauncher/UIManager.kt,3346,review-literal,F1,"termuxWorkspaceKeySpec(""F1"", ""F1""),"
app/src/main/java/ohi/andre/consolelauncher/UIManager.kt,3346,review-literal,F1,"termuxWorkspaceKeySpec(""F1"", ""F1""),"
app/src/main/java/ohi/andre/consolelauncher/UIManager.kt,3347,review-literal,F2,"termuxWorkspaceKeySpec(""F2"", ""F2""),"
app/src/main/java/ohi/andre/consolelauncher/UIManager.kt,3347,review-literal,F2,"termuxWorkspaceKeySpec(""F2"", ""F2""),"
app/src/main/java/ohi/andre/consolelauncher/UIManager.kt,3348,review-literal,F3,"termuxWorkspaceKeySpec(""F3"", ""F3""),"
app/src/main/java/ohi/andre/consolelauncher/UIManager.kt,3348,review-literal,F3,"termuxWorkspaceKeySpec(""F3"", ""F3""),"
app/src/main/java/ohi/andre/consolelauncher/UIManager.kt,3349,review-literal,F4,"termuxWorkspaceKeySpec(""F4"", ""F4""),"
app/src/main/java/ohi/andre/consolelauncher/UIManager.kt,3349,review-literal,F4,"termuxWorkspaceKeySpec(""F4"", ""F4""),"
app/src/main/java/ohi/andre/consolelauncher/UIManager.kt,3350,review-literal,F5,"termuxWorkspaceKeySpec(""F5"", ""F5""),"
app/src/main/java/ohi/andre/consolelauncher/UIManager.kt,3350,review-literal,F5,"termuxWorkspaceKeySpec(""F5"", ""F5""),"
app/src/main/java/ohi/andre/consolelauncher/UIManager.kt,3351,review-literal,F6,"termuxWorkspaceKeySpec(""F6"", ""F6""),"
app/src/main/java/ohi/andre/consolelauncher/UIManager.kt,3351,review-literal,F6,"termuxWorkspaceKeySpec(""F6"", ""F6""),"
app/src/main/java/ohi/andre/consolelauncher/UIManager.kt,3352,review-literal,F7,"termuxWorkspaceKeySpec(""F7"", ""F7""),"
app/src/main/java/ohi/andre/consolelauncher/UIManager.kt,3352,review-literal,F7,"termuxWorkspaceKeySpec(""F7"", ""F7""),"
app/src/main/java/ohi/andre/consolelauncher/UIManager.kt,3353,review-literal,F8,"termuxWorkspaceKeySpec(""F8"", ""F8""),"
app/src/main/java/ohi/andre/consolelauncher/UIManager.kt,3353,review-literal,F8,"termuxWorkspaceKeySpec(""F8"", ""F8""),"
app/src/main/java/ohi/andre/consolelauncher/UIManager.kt,3354,review-literal,F9,"termuxWorkspaceKeySpec(""F9"", ""F9""),"
app/src/main/java/ohi/andre/consolelauncher/UIManager.kt,3354,review-literal,F9,"termuxWorkspaceKeySpec(""F9"", ""F9""),"
app/src/main/java/ohi/andre/consolelauncher/UIManager.kt,3355,review-literal,F10,"termuxWorkspaceKeySpec(""F10"", ""F10""),"
app/src/main/java/ohi/andre/consolelauncher/UIManager.kt,3355,review-literal,F10,"termuxWorkspaceKeySpec(""F10"", ""F10""),"
app/src/main/java/ohi/andre/consolelauncher/UIManager.kt,3356,review-literal,Up,"termuxWorkspaceKeySpec(""↑"", ""Up""),"
app/src/main/java/ohi/andre/consolelauncher/UIManager.kt,3357,review-literal,BTAB,"termuxWorkspaceKeySpec(""BTAB"", ""BTab""),"
app/src/main/java/ohi/andre/consolelauncher/UIManager.kt,3357,review-literal,BTab,"termuxWorkspaceKeySpec(""BTAB"", ""BTab""),"
app/src/main/java/ohi/andre/consolelauncher/UIManager.kt,3358,review-literal,INS,"termuxWorkspaceKeySpec(""INS"", ""Insert""),"
app/src/main/java/ohi/andre/consolelauncher/UIManager.kt,3358,review-literal,Insert,"termuxWorkspaceKeySpec(""INS"", ""Insert""),"
app/src/main/java/ohi/andre/consolelauncher/UIManager.kt,3359,review-literal,DEL,"termuxWorkspaceKeySpec(""DEL"", ""Delete""),"
app/src/main/java/ohi/andre/consolelauncher/UIManager.kt,3359,review-literal,Delete,"termuxWorkspaceKeySpec(""DEL"", ""Delete""),"
app/src/main/java/ohi/andre/consolelauncher/UIManager.kt,3360,review-literal,REFRESH,"termuxWorkspaceRefreshSpec(""REFRESH""),"
app/src/main/java/ohi/andre/consolelauncher/UIManager.kt,3363,review-literal,TAB,"termuxWorkspaceKeySpec(""TAB"", ""Tab""),"
app/src/main/java/ohi/andre/consolelauncher/UIManager.kt,3363,review-literal,Tab,"termuxWorkspaceKeySpec(""TAB"", ""Tab""),"
app/src/main/java/ohi/andre/consolelauncher/UIManager.kt,3364,review-literal,CTRL,"termuxWorkspaceModifierSpec(""CTRL"", TermuxWorkspaceModifier.CTRL),"
app/src/main/java/ohi/andre/consolelauncher/UIManager.kt,3365,review-literal,ALT,"termuxWorkspaceModifierSpec(""ALT"", TermuxWorkspaceModifier.ALT),"
app/src/main/java/ohi/andre/consolelauncher/UIManager.kt,3366,review-literal,SHIFT,"termuxWorkspaceModifierSpec(""SHIFT"", TermuxWorkspaceModifier.SHIFT),"
app/src/main/java/ohi/andre/consolelauncher/UIManager.kt,3367,review-literal,HOME,"termuxWorkspaceKeySpec(""HOME"", ""Home""),"
app/src/main/java/ohi/andre/consolelauncher/UIManager.kt,3367,review-literal,Home,"termuxWorkspaceKeySpec(""HOME"", ""Home""),"
app/src/main/java/ohi/andre/consolelauncher/UIManager.kt,3368,review-literal,END,"termuxWorkspaceKeySpec(""END"", ""End""),"
app/src/main/java/ohi/andre/consolelauncher/UIManager.kt,3368,review-literal,End,"termuxWorkspaceKeySpec(""END"", ""End""),"
app/src/main/java/ohi/andre/consolelauncher/UIManager.kt,3369,review-literal,PGUP,"termuxWorkspaceKeySpec(""PGUP"", ""PageUp""),"
app/src/main/java/ohi/andre/consolelauncher/UIManager.kt,3369,review-literal,PageUp,"termuxWorkspaceKeySpec(""PGUP"", ""PageUp""),"
app/src/main/java/ohi/andre/consolelauncher/UIManager.kt,3370,review-literal,BKSP,"termuxWorkspaceKeySpec(""BKSP"", ""BSpace""),"
app/src/main/java/ohi/andre/consolelauncher/UIManager.kt,3370,review-literal,BSpace,"termuxWorkspaceKeySpec(""BKSP"", ""BSpace""),"
app/src/main/java/ohi/andre/consolelauncher/UIManager.kt,3371,review-literal,Left,"termuxWorkspaceKeySpec(""←"", ""Left""),"
app/src/main/java/ohi/andre/consolelauncher/UIManager.kt,3372,review-literal,Down,"termuxWorkspaceKeySpec(""↓"", ""Down""),"
app/src/main/java/ohi/andre/consolelauncher/UIManager.kt,3373,review-literal,Right,"termuxWorkspaceKeySpec(""→"", ""Right""),"
app/src/main/java/ohi/andre/consolelauncher/UIManager.kt,3374,review-literal,PGDN,"termuxWorkspaceKeySpec(""PGDN"", ""PageDown""),"
app/src/main/java/ohi/andre/consolelauncher/UIManager.kt,3374,review-literal,PageDown,"termuxWorkspaceKeySpec(""PGDN"", ""PageDown""),"
app/src/main/java/ohi/andre/consolelauncher/UIManager.kt,3375,review-literal,ENTER,"termuxWorkspaceKeySpec(""ENTER"", ""Enter"")"
app/src/main/java/ohi/andre/consolelauncher/UIManager.kt,3375,review-literal,Enter,"termuxWorkspaceKeySpec(""ENTER"", ""Enter"")"
app/src/main/java/ohi/andre/consolelauncher/UIManager.kt,3442,review-literal,REFRESH,"termuxWorkspaceRefreshSpec(""REFRESH""),"
app/src/main/java/ohi/andre/consolelauncher/UIManager.kt,3443,review-literal,ESC,"termuxWorkspaceKeySpec(""ESC"", ""Escape""),"
app/src/main/java/ohi/andre/consolelauncher/UIManager.kt,3443,review-literal,Escape,"termuxWorkspaceKeySpec(""ESC"", ""Escape""),"
app/src/main/java/ohi/andre/consolelauncher/UIManager.kt,3446,review-literal,HOME,"termuxWorkspaceKeySpec(""HOME"", ""Home""),"
app/src/main/java/ohi/andre/consolelauncher/UIManager.kt,3446,review-literal,Home,"termuxWorkspaceKeySpec(""HOME"", ""Home""),"
app/src/main/java/ohi/andre/consolelauncher/UIManager.kt,3447,review-literal,Up,"termuxWorkspaceKeySpec(""↑"", ""Up""),"
app/src/main/java/ohi/andre/consolelauncher/UIManager.kt,3448,review-literal,END,"termuxWorkspaceKeySpec(""END"", ""End""),"
app/src/main/java/ohi/andre/consolelauncher/UIManager.kt,3448,review-literal,End,"termuxWorkspaceKeySpec(""END"", ""End""),"
app/src/main/java/ohi/andre/consolelauncher/UIManager.kt,3449,review-literal,PGUP,"termuxWorkspaceKeySpec(""PGUP"", ""PageUp""),"
app/src/main/java/ohi/andre/consolelauncher/UIManager.kt,3449,review-literal,PageUp,"termuxWorkspaceKeySpec(""PGUP"", ""PageUp""),"
app/src/main/java/ohi/andre/consolelauncher/UIManager.kt,3450,review-literal,TAB,"termuxWorkspaceKeySpec(""TAB"", ""Tab""),"
app/src/main/java/ohi/andre/consolelauncher/UIManager.kt,3450,review-literal,Tab,"termuxWorkspaceKeySpec(""TAB"", ""Tab""),"
app/src/main/java/ohi/andre/consolelauncher/UIManager.kt,3451,review-literal,CTRL,"termuxWorkspaceModifierSpec(""CTRL"", TermuxWorkspaceModifier.CTRL),"
app/src/main/java/ohi/andre/consolelauncher/UIManager.kt,3452,review-literal,ALT,"termuxWorkspaceModifierSpec(""ALT"", TermuxWorkspaceModifier.ALT),"
app/src/main/java/ohi/andre/consolelauncher/UIManager.kt,3453,review-literal,SHIFT,"termuxWorkspaceModifierSpec(""SHIFT"", TermuxWorkspaceModifier.SHIFT),"
app/src/main/java/ohi/andre/consolelauncher/UIManager.kt,3454,review-literal,Left,"termuxWorkspaceKeySpec(""←"", ""Left""),"
app/src/main/java/ohi/andre/consolelauncher/UIManager.kt,3455,review-literal,Down,"termuxWorkspaceKeySpec(""↓"", ""Down""),"
app/src/main/java/ohi/andre/consolelauncher/UIManager.kt,3456,review-literal,Right,"termuxWorkspaceKeySpec(""→"", ""Right""),"
app/src/main/java/ohi/andre/consolelauncher/UIManager.kt,3457,review-literal,PGDN,"termuxWorkspaceKeySpec(""PGDN"", ""PageDown"")"
app/src/main/java/ohi/andre/consolelauncher/UIManager.kt,3457,review-literal,PageDown,"termuxWorkspaceKeySpec(""PGDN"", ""PageDown"")"
app/src/main/java/ohi/andre/consolelauncher/UIManager.kt,3463,review-literal,REFRESH,"termuxWorkspaceRefreshSpec(""REFRESH""),"
app/src/main/java/ohi/andre/consolelauncher/UIManager.kt,3464,review-literal,F1,"termuxWorkspaceKeySpec(""F1"", ""F1""),"
app/src/main/java/ohi/andre/consolelauncher/UIManager.kt,3464,review-literal,F1,"termuxWorkspaceKeySpec(""F1"", ""F1""),"
app/src/main/java/ohi/andre/consolelauncher/UIManager.kt,3465,review-literal,F2,"termuxWorkspaceKeySpec(""F2"", ""F2""),"
app/src/main/java/ohi/andre/consolelauncher/UIManager.kt,3465,review-literal,F2,"termuxWorkspaceKeySpec(""F2"", ""F2""),"
app/src/main/java/ohi/andre/consolelauncher/UIManager.kt,3466,review-literal,F3,"termuxWorkspaceKeySpec(""F3"", ""F3""),"
app/src/main/java/ohi/andre/consolelauncher/UIManager.kt,3466,review-literal,F3,"termuxWorkspaceKeySpec(""F3"", ""F3""),"
app/src/main/java/ohi/andre/consolelauncher/UIManager.kt,3467,review-literal,F4,"termuxWorkspaceKeySpec(""F4"", ""F4""),"
app/src/main/java/ohi/andre/consolelauncher/UIManager.kt,3467,review-literal,F4,"termuxWorkspaceKeySpec(""F4"", ""F4""),"
app/src/main/java/ohi/andre/consolelauncher/UIManager.kt,3468,review-literal,F5,"termuxWorkspaceKeySpec(""F5"", ""F5""),"
app/src/main/java/ohi/andre/consolelauncher/UIManager.kt,3468,review-literal,F5,"termuxWorkspaceKeySpec(""F5"", ""F5""),"
app/src/main/java/ohi/andre/consolelauncher/UIManager.kt,3469,review-literal,F6,"termuxWorkspaceKeySpec(""F6"", ""F6""),"
app/src/main/java/ohi/andre/consolelauncher/UIManager.kt,3469,review-literal,F6,"termuxWorkspaceKeySpec(""F6"", ""F6""),"
app/src/main/java/ohi/andre/consolelauncher/UIManager.kt,3470,review-literal,F7,"termuxWorkspaceKeySpec(""F7"", ""F7""),"
app/src/main/java/ohi/andre/consolelauncher/UIManager.kt,3470,review-literal,F7,"termuxWorkspaceKeySpec(""F7"", ""F7""),"
app/src/main/java/ohi/andre/consolelauncher/UIManager.kt,3471,review-literal,INS,"termuxWorkspaceKeySpec(""INS"", ""Insert""),"
app/src/main/java/ohi/andre/consolelauncher/UIManager.kt,3471,review-literal,Insert,"termuxWorkspaceKeySpec(""INS"", ""Insert""),"
app/src/main/java/ohi/andre/consolelauncher/UIManager.kt,3472,review-literal,DEL,"termuxWorkspaceKeySpec(""DEL"", ""Delete""),"
app/src/main/java/ohi/andre/consolelauncher/UIManager.kt,3472,review-literal,Delete,"termuxWorkspaceKeySpec(""DEL"", ""Delete""),"
app/src/main/java/ohi/andre/consolelauncher/UIManager.kt,3473,review-literal,F8,"termuxWorkspaceKeySpec(""F8"", ""F8""),"
app/src/main/java/ohi/andre/consolelauncher/UIManager.kt,3473,review-literal,F8,"termuxWorkspaceKeySpec(""F8"", ""F8""),"
app/src/main/java/ohi/andre/consolelauncher/UIManager.kt,3474,review-literal,F9,"termuxWorkspaceKeySpec(""F9"", ""F9""),"
app/src/main/java/ohi/andre/consolelauncher/UIManager.kt,3474,review-literal,F9,"termuxWorkspaceKeySpec(""F9"", ""F9""),"
app/src/main/java/ohi/andre/consolelauncher/UIManager.kt,3475,review-literal,F10,"termuxWorkspaceKeySpec(""F10"", ""F10""),"
app/src/main/java/ohi/andre/consolelauncher/UIManager.kt,3475,review-literal,F10,"termuxWorkspaceKeySpec(""F10"", ""F10""),"
app/src/main/java/ohi/andre/consolelauncher/UIManager.kt,3476,review-literal,BTAB,"termuxWorkspaceKeySpec(""BTAB"", ""BTab""),"
app/src/main/java/ohi/andre/consolelauncher/UIManager.kt,3476,review-literal,BTab,"termuxWorkspaceKeySpec(""BTAB"", ""BTab""),"
app/src/main/java/ohi/andre/consolelauncher/UIManager.kt,3477,review-literal,ENTER,"termuxWorkspaceKeySpec(""ENTER"", ""Enter""),"
app/src/main/java/ohi/andre/consolelauncher/UIManager.kt,3477,review-literal,Enter,"termuxWorkspaceKeySpec(""ENTER"", ""Enter""),"
app/src/main/java/ohi/andre/consolelauncher/UIManager.kt,3478,review-literal,BKSP,"termuxWorkspaceKeySpec(""BKSP"", ""BSpace"")"
app/src/main/java/ohi/andre/consolelauncher/UIManager.kt,3478,review-literal,BSpace,"termuxWorkspaceKeySpec(""BKSP"", ""BSpace"")"
app/src/main/java/ohi/andre/consolelauncher/UIManager.kt,3585,review-literal,C-,"prefix.append(""C-"")"
app/src/main/java/ohi/andre/consolelauncher/UIManager.kt,3588,review-literal,M-,"prefix.append(""M-"")"
app/src/main/java/ohi/andre/consolelauncher/UIManager.kt,3591,review-literal,S-,"prefix.append(""S-"")"
app/src/main/java/ohi/andre/consolelauncher/UIManager.kt,3614,review-literal,CTRL,"updateTermuxWorkspaceModifierButton(key, ""CTRL"", termuxWorkspaceCtrlPending, normalColor, activeColor)"
app/src/main/java/ohi/andre/consolelauncher/UIManager.kt,3617,review-literal,ALT,"updateTermuxWorkspaceModifierButton(key, ""ALT"", termuxWorkspaceAltPending, normalColor, activeColor)"
app/src/main/java/ohi/andre/consolelauncher/UIManager.kt,3620,review-literal,SHIFT,"updateTermuxWorkspaceModifierButton(key, ""SHIFT"", termuxWorkspaceShiftPending, normalColor, activeColor)"
app/src/main/java/ohi/andre/consolelauncher/UIManager.kt,4202,review-literal,Escape,"return ""Escape"""
app/src/main/java/ohi/andre/consolelauncher/UIManager.kt,4207,review-literal,Space,"ch == ' ' -> ""Space"""
app/src/main/java/ohi/andre/consolelauncher/UIManager.kt,4210,review-literal,C-M-$ctrlKey,"return if (alt) ""C-M-$ctrlKey"" else ""C-$ctrlKey"""
app/src/main/java/ohi/andre/consolelauncher/UIManager.kt,4210,review-literal,C-$ctrlKey,"return if (alt) ""C-M-$ctrlKey"" else ""C-$ctrlKey"""
app/src/main/java/ohi/andre/consolelauncher/UIManager.kt,4213,review-literal,M-$altKey,"return ""M-$altKey"""
app/src/main/java/ohi/andre/consolelauncher/UIManager.kt,4220,review-literal,Space,"return if (ch == ' ') ""Space"" else ch.toString()"
app/src/main/java/ohi/andre/consolelauncher/UIManager.kt,4460,review-literal,$label -> $command,"renderTermuxWorkspaceStatus(if (command.isEmpty()) label else ""$label -> $command"")"
app/src/main/java/ohi/andre/consolelauncher/UIManager.kt,4606,review-literal,M,"max(1f, output.paint.measureText(""M""))"
app/src/main/java/ohi/andre/consolelauncher/UIManager.kt,4627,review-literal,MMMM,"max(1, output.paint.measureText(""MMMM"").roundToInt())"
app/src/main/java/ohi/andre/consolelauncher/UIManager.kt,4741,review-literal,tmux send-keys -t ,"""tmux send-keys -t "" + session + "" C-m"""
app/src/main/java/ohi/andre/consolelauncher/UIManager.kt,4741,review-literal, C-m,"""tmux send-keys -t "" + session + "" C-m"""
app/src/main/java/ohi/andre/consolelauncher/UIManager.kt,4743,review-literal,tmux send-keys -t ,"""tmux send-keys -t "" + session + "" -l -- "" + shellQuote(input) + ""\n"" +"
app/src/main/java/ohi/andre/consolelauncher/UIManager.kt,4743,review-literal, -l -- ,"""tmux send-keys -t "" + session + "" -l -- "" + shellQuote(input) + ""\n"" +"
app/src/main/java/ohi/andre/consolelauncher/UIManager.kt,4744,review-literal,tmux send-keys -t ,"""tmux send-keys -t "" + session + "" C-m"""
app/src/main/java/ohi/andre/consolelauncher/UIManager.kt,4744,review-literal, C-m,"""tmux send-keys -t "" + session + "" C-m"""
app/src/main/java/ohi/andre/consolelauncher/UIManager.kt,4747,review-literal,RETUI_INPUT,"buildTermuxWorkspaceBridgeScript(""send"", ""RETUI_INPUT"", input) + ""\n"" +"
app/src/main/java/ohi/andre/consolelauncher/UIManager.kt,4750,review-literal,\nsleep 0.25\n,"send + ""\nsleep 0.25\n"" +"
app/src/main/java/ohi/andre/consolelauncher/UIManager.kt,4757,review-literal,RETUI_INPUT,"buildTermuxWorkspaceBridgeScript(""type"", ""RETUI_INPUT"", input) + ""\n"" +"
app/src/main/java/ohi/andre/consolelauncher/UIManager.kt,4760,review-literal,tmux send-keys -t ,"""tmux send-keys -t "" + session + "" -l -- "" + shellQuote(input) + ""\n"" +"
app/src/main/java/ohi/andre/consolelauncher/UIManager.kt,4760,review-literal, -l -- ,"""tmux send-keys -t "" + session + "" -l -- "" + shellQuote(input) + ""\n"" +"
app/src/main/java/ohi/andre/consolelauncher/UIManager.kt,4761,review-literal,sleep 0.08\n,"""sleep 0.08\n"" +"
app/src/main/java/ohi/andre/consolelauncher/UIManager.kt,4768,review-literal, -n ,"val nameArg = if (name.isEmpty()) """" else "" -n "" + shellQuote(name)"
app/src/main/java/ohi/andre/consolelauncher/UIManager.kt,4773,review-literal,\nsleep 0.08\n,"""\nsleep 0.08\n"" +"
app/src/main/java/ohi/andre/consolelauncher/UIManager.kt,4774,review-literal,tmux send-keys -t ,"""tmux send-keys -t "" + session + "" -l -- "" + shellQuote(command) + ""\n"" +"
app/src/main/java/ohi/andre/consolelauncher/UIManager.kt,4774,review-literal, -l -- ,"""tmux send-keys -t "" + session + "" -l -- "" + shellQuote(command) + ""\n"" +"
app/src/main/java/ohi/andre/consolelauncher/UIManager.kt,4775,review-literal,tmux send-keys -t ,"""tmux send-keys -t "" + session + "" C-m"""
app/src/main/java/ohi/andre/consolelauncher/UIManager.kt,4775,review-literal, C-m,"""tmux send-keys -t "" + session + "" C-m"""
app/src/main/java/ohi/andre/consolelauncher/UIManager.kt,4780,review-literal,RETUI_WINDOW_NAME,"listOf(Pair(""RETUI_WINDOW_NAME"", name), Pair(""RETUI_COMMAND"", command))"
app/src/main/java/ohi/andre/consolelauncher/UIManager.kt,4780,review-literal,RETUI_COMMAND,"listOf(Pair(""RETUI_WINDOW_NAME"", name), Pair(""RETUI_COMMAND"", command))"
app/src/main/java/ohi/andre/consolelauncher/UIManager.kt,4784,review-literal,new-window -t ,"buildTermuxWorkspaceTmuxCommand(""new-window -t "" + session + nameArg + "" -c "" + home) +"
app/src/main/java/ohi/andre/consolelauncher/UIManager.kt,4784,review-literal, -c ,"buildTermuxWorkspaceTmuxCommand(""new-window -t "" + session + nameArg + "" -c "" + home) +"
app/src/main/java/ohi/andre/consolelauncher/UIManager.kt,4786,review-literal,sleep 0.15\n,"""sleep 0.15\n"" +"
app/src/main/java/ohi/andre/consolelauncher/UIManager.kt,4799,review-literal,\n  sleep 0.08\n,"""\n  sleep 0.08\n"" +"
app/src/main/java/ohi/andre/consolelauncher/UIManager.kt,4800,review-literal,  tmux send-keys -t ,"""  tmux send-keys -t "" + session + "" -l -- "" + shellQuote(command) + ""\n"" +"
app/src/main/java/ohi/andre/consolelauncher/UIManager.kt,4800,review-literal, -l -- ,"""  tmux send-keys -t "" + session + "" -l -- "" + shellQuote(command) + ""\n"" +"
app/src/main/java/ohi/andre/consolelauncher/UIManager.kt,4801,review-literal,  tmux send-keys -t ,"""  tmux send-keys -t "" + session + "" C-m"""
app/src/main/java/ohi/andre/consolelauncher/UIManager.kt,4801,review-literal, C-m,"""  tmux send-keys -t "" + session + "" C-m"""
app/src/main/java/ohi/andre/consolelauncher/UIManager.kt,4806,review-literal,RETUI_WINDOW_NAME,"listOf(Pair(""RETUI_WINDOW_NAME"", name), Pair(""RETUI_COMMAND"", command))"
app/src/main/java/ohi/andre/consolelauncher/UIManager.kt,4806,review-literal,RETUI_COMMAND,"listOf(Pair(""RETUI_WINDOW_NAME"", name), Pair(""RETUI_COMMAND"", command))"
app/src/main/java/ohi/andre/consolelauncher/UIManager.kt,4810,review-literal,if tmux list-windows -t ,"""if tmux list-windows -t "" + session + "" -F '#W' | grep -F -x -- "" + windowName + "" >/dev/null 2>&1; then\n"" +"
app/src/main/java/ohi/andre/consolelauncher/UIManager.kt,4810,review-literal, -F '#W' | grep -F -x -- ,"""if tmux list-windows -t "" + session + "" -F '#W' | grep -F -x -- "" + windowName + "" >/dev/null 2>&1; then\n"" +"
app/src/main/java/ohi/andre/consolelauncher/UIManager.kt,4810,review-literal, >/dev/null 2>&1; then\n,"""if tmux list-windows -t "" + session + "" -F '#W' | grep -F -x -- "" + windowName + "" >/dev/null 2>&1; then\n"" +"
app/src/main/java/ohi/andre/consolelauncher/UIManager.kt,4811,review-literal,  tmux select-window -t ,"""  tmux select-window -t "" + tmuxTarget + ""\n"" +"
app/src/main/java/ohi/andre/consolelauncher/UIManager.kt,4813,review-literal,new-window -t ,"""  "" + buildTermuxWorkspaceTmuxCommand(""new-window -t "" + session + "" -n "" + windowName + "" -c "" + home) +"
app/src/main/java/ohi/andre/consolelauncher/UIManager.kt,4813,review-literal, -n ,"""  "" + buildTermuxWorkspaceTmuxCommand(""new-window -t "" + session + "" -n "" + windowName + "" -c "" + home) +"
app/src/main/java/ohi/andre/consolelauncher/UIManager.kt,4813,review-literal, -c ,"""  "" + buildTermuxWorkspaceTmuxCommand(""new-window -t "" + session + "" -n "" + windowName + "" -c "" + home) +"
app/src/main/java/ohi/andre/consolelauncher/UIManager.kt,4816,review-literal,sleep 0.15\n,"""sleep 0.15\n"" +"
app/src/main/java/ohi/andre/consolelauncher/UIManager.kt,4824,review-literal,RETUI_DIRECTION,"buildTermuxWorkspaceBridgeScript(""switch"", ""RETUI_DIRECTION"", direction) + ""\n"" +"
app/src/main/java/ohi/andre/consolelauncher/UIManager.kt,4827,review-literal,tmux select-window -t ,"""tmux select-window -t "" + session + "" "" + flag + ""\n"" +"
app/src/main/java/ohi/andre/consolelauncher/UIManager.kt,4828,review-literal,sleep 0.1\n,"""sleep 0.1\n"" +"
app/src/main/java/ohi/andre/consolelauncher/UIManager.kt,4835,review-literal,RETUI_TARGET,"buildTermuxWorkspaceBridgeScript(""select"", ""RETUI_TARGET"", target) + ""\n"" +"
app/src/main/java/ohi/andre/consolelauncher/UIManager.kt,4838,review-literal,tmux select-window -t ,"""tmux select-window -t "" + tmuxTarget + ""\n"" +"
app/src/main/java/ohi/andre/consolelauncher/UIManager.kt,4839,review-literal,sleep 0.1\n,"""sleep 0.1\n"" +"
app/src/main/java/ohi/andre/consolelauncher/UIManager.kt,4846,review-literal,RETUI_KEY,"buildTermuxWorkspaceBridgeScript(""key"", ""RETUI_KEY"", key) + ""\n"" +"
app/src/main/java/ohi/andre/consolelauncher/UIManager.kt,4849,review-literal,tmux send-keys -t ,"""tmux send-keys -t "" + session + "" -- "" + shellQuote(key) + ""\n"" +"
app/src/main/java/ohi/andre/consolelauncher/UIManager.kt,4850,review-literal,sleep 0.08\n,"""sleep 0.08\n"" +"
app/src/main/java/ohi/andre/consolelauncher/UIManager.kt,4857,review-literal,export HOME=,"return (""export HOME="" + home + ""\n"""
app/src/main/java/ohi/andre/consolelauncher/UIManager.kt,4858,review-literal,export PATH=,"+ ""export PATH="" + termuxBin + "":\$PATH\n"""
app/src/main/java/ohi/andre/consolelauncher/UIManager.kt,4859,review-literal,cd ,"+ ""cd "" + home + "" 2>/dev/null || true"")"
app/src/main/java/ohi/andre/consolelauncher/UIManager.kt,4859,review-literal, 2>/dev/null || true,"+ ""cd "" + home + "" 2>/dev/null || true"")"
app/src/main/java/ohi/andre/consolelauncher/UIManager.kt,4876,review-literal,RETUI_COLS=,"env.append(""RETUI_COLS="").append(shellQuote(geometry.cols.toString())).append(' ')"
app/src/main/java/ohi/andre/consolelauncher/UIManager.kt,4877,review-literal,RETUI_ROWS=,"env.append(""RETUI_ROWS="").append(shellQuote(geometry.rows.toString())).append(' ')"
app/src/main/java/ohi/andre/consolelauncher/UIManager.kt,4878,review-literal,RETUI_SOCKET_NAME=,"env.append(""RETUI_SOCKET_NAME="").append(shellQuote(TERMUX_WORKSPACE_SOCKET_NAME)).append(' ')"
app/src/main/java/ohi/andre/consolelauncher/UIManager.kt,4884,review-literal,RETUI_TCP_PORT=,"env.append(""RETUI_TCP_PORT="").append(shellQuote(TERMUX_WORKSPACE_TCP_PORT.toString())).append(' ')"
app/src/main/java/ohi/andre/consolelauncher/UIManager.kt,4885,review-literal,if command -v retui >/dev/null 2>&1; then\n,"return (""if command -v retui >/dev/null 2>&1; then\n"""
app/src/main/java/ohi/andre/consolelauncher/UIManager.kt,4886,review-literal,  RETUI_SESSION=,"+ ""  RETUI_SESSION="" + shellQuote(TERMUX_WORKSPACE_SESSION) + "" "" + env + ""retui bridge "" + action + ""\n"""
app/src/main/java/ohi/andre/consolelauncher/UIManager.kt,4886,review-literal,retui bridge ,"+ ""  RETUI_SESSION="" + shellQuote(TERMUX_WORKSPACE_SESSION) + "" "" + env + ""retui bridge "" + action + ""\n"""
app/src/main/java/ohi/andre/consolelauncher/UIManager.kt,4887,review-literal,  retui_status=\$?\n,"+ ""  retui_status=\$?\n"""
app/src/main/java/ohi/andre/consolelauncher/UIManager.kt,4888,review-literal,"  if [ \""\$retui_status\"" -eq 0 ]; then exit 0; fi\n","+ ""  if [ \""\$retui_status\"" -eq 0 ]; then exit 0; fi\n"""
app/src/main/java/ohi/andre/consolelauncher/UIManager.kt,4896,review-literal,"retui_workspace_shell=\""\$(command -v bash 2>/dev/null || printf '%s\\n' ","return (""retui_workspace_shell=\""\$(command -v bash 2>/dev/null || printf '%s\\n' "" + fallbackShell + "")\""\n"""
app/src/main/java/ohi/andre/consolelauncher/UIManager.kt,4897,review-literal,if ! command -v tmux >/dev/null 2>&1; then\n,"+ ""if ! command -v tmux >/dev/null 2>&1; then\n"""
app/src/main/java/ohi/andre/consolelauncher/UIManager.kt,4898,review-literal,  printf '%s\\n' 'tmux missing: pkg install tmux'\n,"+ ""  printf '%s\\n' 'tmux missing: pkg install tmux'\n"""
app/src/main/java/ohi/andre/consolelauncher/UIManager.kt,4899,review-literal,  exit 127\n,"+ ""  exit 127\n"""
app/src/main/java/ohi/andre/consolelauncher/UIManager.kt,4901,review-literal,if ! tmux has-session -t ,"+ ""if ! tmux has-session -t "" + session + "" 2>/dev/null; then\n"""
app/src/main/java/ohi/andre/consolelauncher/UIManager.kt,4901,review-literal, 2>/dev/null; then\n,"+ ""if ! tmux has-session -t "" + session + "" 2>/dev/null; then\n"""
app/src/main/java/ohi/andre/consolelauncher/UIManager.kt,4902,review-literal,new-session -d -s ,"+ ""  "" + buildTermuxWorkspaceTmuxCommand(""new-session -d -s "" + session + "" -n 1 -c "" + home) + ""\n"""
app/src/main/java/ohi/andre/consolelauncher/UIManager.kt,4902,review-literal, -n 1 -c ,"+ ""  "" + buildTermuxWorkspaceTmuxCommand(""new-session -d -s "" + session + "" -n 1 -c "" + home) + ""\n"""
app/src/main/java/ohi/andre/consolelauncher/UIManager.kt,4903,review-literal,  sleep 0.25\n,"+ ""  sleep 0.25\n"""
app/src/main/java/ohi/andre/consolelauncher/UIManager.kt,4910,review-literal,tmux resize-window -t ,"return (""tmux resize-window -t "" + session + "" -x "" + geometry.cols + "" -y "" + geometry.rows + "" 2>/dev/null || true\n"""
app/src/main/java/ohi/andre/consolelauncher/UIManager.kt,4910,review-literal, -x ,"return (""tmux resize-window -t "" + session + "" -x "" + geometry.cols + "" -y "" + geometry.rows + "" 2>/dev/null || true\n"""
app/src/main/java/ohi/andre/consolelauncher/UIManager.kt,4910,review-literal, -y ,"return (""tmux resize-window -t "" + session + "" -x "" + geometry.cols + "" -y "" + geometry.rows + "" 2>/dev/null || true\n"""
app/src/main/java/ohi/andre/consolelauncher/UIManager.kt,4910,review-literal, 2>/dev/null || true\n,"return (""tmux resize-window -t "" + session + "" -x "" + geometry.cols + "" -y "" + geometry.rows + "" 2>/dev/null || true\n"""
app/src/main/java/ohi/andre/consolelauncher/UIManager.kt,4911,review-literal,tmux resize-pane -t ,"+ ""tmux resize-pane -t "" + session + "" -x "" + geometry.cols + "" -y "" + geometry.rows + "" 2>/dev/null || true"")"
app/src/main/java/ohi/andre/consolelauncher/UIManager.kt,4911,review-literal, -x ,"+ ""tmux resize-pane -t "" + session + "" -x "" + geometry.cols + "" -y "" + geometry.rows + "" 2>/dev/null || true"")"
app/src/main/java/ohi/andre/consolelauncher/UIManager.kt,4911,review-literal, -y ,"+ ""tmux resize-pane -t "" + session + "" -x "" + geometry.cols + "" -y "" + geometry.rows + "" 2>/dev/null || true"")"
app/src/main/java/ohi/andre/consolelauncher/UIManager.kt,4911,review-literal, 2>/dev/null || true,"+ ""tmux resize-pane -t "" + session + "" -x "" + geometry.cols + "" -y "" + geometry.rows + "" 2>/dev/null || true"")"
app/src/main/java/ohi/andre/consolelauncher/UIManager.kt,4920,review-literal,printf '%s ' '__RETUI_WINDOW__'\n,"return (""printf '%s ' '__RETUI_WINDOW__'\n"""
app/src/main/java/ohi/andre/consolelauncher/UIManager.kt,4921,review-literal,tmux display-message -p -t ,"+ ""tmux display-message -p -t "" + session + "" '#I:#W'\n"""
app/src/main/java/ohi/andre/consolelauncher/UIManager.kt,4921,review-literal, '#I:#W'\n,"+ ""tmux display-message -p -t "" + session + "" '#I:#W'\n"""
app/src/main/java/ohi/andre/consolelauncher/UIManager.kt,4922,review-literal,printf '%s ' '__RETUI_WINDOWS__'\n,"+ ""printf '%s ' '__RETUI_WINDOWS__'\n"""
app/src/main/java/ohi/andre/consolelauncher/UIManager.kt,4923,review-literal,tmux list-windows -t ,"+ ""tmux list-windows -t "" + session + "" -F '#I:#W#{?window_active,*,}' | tr '\\n' ' '\n"""
app/src/main/java/ohi/andre/consolelauncher/UIManager.kt,4923,review-literal," -F '#I:#W#{?window_active,*,}' | tr '\\n' ' '\n","+ ""tmux list-windows -t "" + session + "" -F '#I:#W#{?window_active,*,}' | tr '\\n' ' '\n"""
app/src/main/java/ohi/andre/consolelauncher/UIManager.kt,4924,review-literal,printf '\\n'\n,"+ ""printf '\\n'\n"""
app/src/main/java/ohi/andre/consolelauncher/UIManager.kt,4925,review-literal,printf '%s %s\\n' '__RETUI_COLS__' ',"+ ""printf '%s %s\\n' '__RETUI_COLS__' '"" + calculateTermuxWorkspaceGeometry().cols + ""'\n"""
app/src/main/java/ohi/andre/consolelauncher/UIManager.kt,4926,review-literal,printf '%s %s\\n' '__RETUI_ROWS__' ',"+ ""printf '%s %s\\n' '__RETUI_ROWS__' '"" + calculateTermuxWorkspaceGeometry().rows + ""'\n"""
app/src/main/java/ohi/andre/consolelauncher/UIManager.kt,4927,review-literal,printf '%s ' '__RETUI_CURSOR__'\n,"+ ""printf '%s ' '__RETUI_CURSOR__'\n"""
app/src/main/java/ohi/andre/consolelauncher/UIManager.kt,4928,review-literal,tmux display-message -p -t ,"+ ""tmux display-message -p -t "" + session + "" '#{cursor_x}:#{cursor_y}' 2>/dev/null || printf '%s\\n' '0:0'\n"""
app/src/main/java/ohi/andre/consolelauncher/UIManager.kt,4928,review-literal, '#{cursor_x}:#{cursor_y}' 2>/dev/null || printf '%s\\n' '0:0'\n,"+ ""tmux display-message -p -t "" + session + "" '#{cursor_x}:#{cursor_y}' 2>/dev/null || printf '%s\\n' '0:0'\n"""
app/src/main/java/ohi/andre/consolelauncher/UIManager.kt,4929,review-literal,printf '%s\\n' '__RETUI_FRAME_BEGIN__'\n,"+ ""printf '%s\\n' '__RETUI_FRAME_BEGIN__'\n"""
app/src/main/java/ohi/andre/consolelauncher/UIManager.kt,4930,review-literal,tmux capture-pane -t ,"+ ""tmux capture-pane -t "" + session + "" -p -e -N\n"""
app/src/main/java/ohi/andre/consolelauncher/UIManager.kt,4930,review-literal, -p -e -N\n,"+ ""tmux capture-pane -t "" + session + "" -p -e -N\n"""
app/src/main/java/ohi/andre/consolelauncher/UIManager.kt,4931,review-literal,printf '%s\\n' '__RETUI_FRAME_END__',"+ ""printf '%s\\n' '__RETUI_FRAME_END__'"")"
app/src/main/java/ohi/andre/consolelauncher/UIManager.kt,6499,review-literal,module -show ,"return ""module -show "" + obj.optString(""module"")"
app/src/main/java/ohi/andre/consolelauncher/UIManager.kt,6901,review-literal,module -show calendar,"executeLuaWidgetCommand(""module -show calendar"")"
app/src/main/java/ohi/andre/consolelauncher/UIManager.kt,6906,review-literal,module -show timer,"executeLuaWidgetCommand(""module -show timer"")"
app/src/main/java/ohi/andre/consolelauncher/UIManager.kt,7715,review-literal,ESC,"""ESC"", ""/"", ""-"", ""HOME"", ""↑"", ""END"", ""PGUP"", ""CFG"","
app/src/main/java/ohi/andre/consolelauncher/UIManager.kt,7715,review-literal,HOME,"""ESC"", ""/"", ""-"", ""HOME"", ""↑"", ""END"", ""PGUP"", ""CFG"","
app/src/main/java/ohi/andre/consolelauncher/UIManager.kt,7715,review-literal,END,"""ESC"", ""/"", ""-"", ""HOME"", ""↑"", ""END"", ""PGUP"", ""CFG"","
app/src/main/java/ohi/andre/consolelauncher/UIManager.kt,7715,review-literal,PGUP,"""ESC"", ""/"", ""-"", ""HOME"", ""↑"", ""END"", ""PGUP"", ""CFG"","
app/src/main/java/ohi/andre/consolelauncher/UIManager.kt,7715,review-literal,CFG,"""ESC"", ""/"", ""-"", ""HOME"", ""↑"", ""END"", ""PGUP"", ""CFG"","
app/src/main/java/ohi/andre/consolelauncher/UIManager.kt,7716,review-literal,TAB,"""TAB"", ""CTRL"", ""ALT"", ""←"", ""↓"", ""→"", ""PGDN"", ""IME"""
app/src/main/java/ohi/andre/consolelauncher/UIManager.kt,7716,review-literal,CTRL,"""TAB"", ""CTRL"", ""ALT"", ""←"", ""↓"", ""→"", ""PGDN"", ""IME"""
app/src/main/java/ohi/andre/consolelauncher/UIManager.kt,7716,review-literal,ALT,"""TAB"", ""CTRL"", ""ALT"", ""←"", ""↓"", ""→"", ""PGDN"", ""IME"""
app/src/main/java/ohi/andre/consolelauncher/UIManager.kt,7716,review-literal,PGDN,"""TAB"", ""CTRL"", ""ALT"", ""←"", ""↓"", ""→"", ""PGDN"", ""IME"""
app/src/main/java/ohi/andre/consolelauncher/UIManager.kt,7716,review-literal,IME,"""TAB"", ""CTRL"", ""ALT"", ""←"", ""↓"", ""→"", ""PGDN"", ""IME"""
app/src/main/java/ohi/andre/consolelauncher/UIManager.kt,7934,review-literal,C-,"prefix.append(""C-"")"
app/src/main/java/ohi/andre/consolelauncher/UIManager.kt,7937,review-literal,M-,"prefix.append(""M-"")"
app/src/main/java/ohi/andre/consolelauncher/UIManager.kt,7940,review-literal,S-,"prefix.append(""S-"")"
app/src/main/java/ohi/andre/consolelauncher/UIManager.kt,7993,review-literal,Escape,"return ""Escape"""
app/src/main/java/ohi/andre/consolelauncher/UIManager.kt,7998,review-literal,Space,"ch == ' ' -> ""Space"""
app/src/main/java/ohi/andre/consolelauncher/UIManager.kt,8001,review-literal,C-M-$ctrlKey,"return if (alt) ""C-M-$ctrlKey"" else ""C-$ctrlKey"""
app/src/main/java/ohi/andre/consolelauncher/UIManager.kt,8001,review-literal,C-$ctrlKey,"return if (alt) ""C-M-$ctrlKey"" else ""C-$ctrlKey"""
app/src/main/java/ohi/andre/consolelauncher/UIManager.kt,8004,review-literal,M-$altKey,"return ""M-$altKey"""
app/src/main/java/ohi/andre/consolelauncher/UIManager.kt,8011,review-literal,CTRL,"updateTermuxWorkspaceModifierButton(key, ""CTRL"", termuxCtrlPending, normalColor, activeColor)"
app/src/main/java/ohi/andre/consolelauncher/UIManager.kt,8014,review-literal,ALT,"updateTermuxWorkspaceModifierButton(key, ""ALT"", termuxAltPending, normalColor, activeColor)"
app/src/main/java/ohi/andre/consolelauncher/UIManager.kt,8017,review-literal,SHIFT,"updateTermuxWorkspaceModifierButton(key, ""SHIFT"", termuxShiftPending, normalColor, activeColor)"
app/src/main/java/ohi/andre/consolelauncher/UIManager.kt,8090,review-literal,cd ..,"""cd .."""
app/src/main/java/ohi/andre/consolelauncher/UIManager.kt,8097,display-candidate,open ,"fileInput!!.setText(""open "")"
app/src/main/java/ohi/andre/consolelauncher/UIManager.kt,8142,review-literal,C,"arrayOf(""C"", ""("", "")"", ""⌫""),"
app/src/main/java/ohi/andre/consolelauncher/UIManager.kt,8171,review-literal,C,"""C"" -> mContext.getString(R.string.surface_clear_719ea)"
app/src/main/java/ohi/andre/consolelauncher/UIManager.kt,8197,review-literal,C,"""C"" -> calculatorInput.clear()"
app/src/main/java/ohi/andre/consolelauncher/UIManager.kt,8403,display-candidate,X,"text = ""X"""
app/src/main/java/ohi/andre/consolelauncher/UIManager.kt,8624,review-literal,TUI-Music,"Log.d(""TUI-Music"", ""UIManager received music change broadcast"")"
app/src/main/java/ohi/andre/consolelauncher/UIManager.kt,8624,review-literal,UIManager received music change broadcast,"Log.d(""TUI-Music"", ""UIManager received music change broadcast"")"
app/src/main/java/ohi/andre/consolelauncher/UIManager.kt,8654,review-literal,TUI-Music,"""TUI-Music"","
app/src/main/java/ohi/andre/consolelauncher/UIManager.kt,8655,review-literal,UIManager update UI: ,"""UIManager update UI: "" + song + "", isPlaying="" + isPlaying + "" source="" + activeMusicSource + "" pkg="" + pkg"
app/src/main/java/ohi/andre/consolelauncher/UIManager.kt,8655,review-literal,", isPlaying=","""UIManager update UI: "" + song + "", isPlaying="" + isPlaying + "" source="" + activeMusicSource + "" pkg="" + pkg"
app/src/main/java/ohi/andre/consolelauncher/UIManager.kt,8655,review-literal, source=,"""UIManager update UI: "" + song + "", isPlaying="" + isPlaying + "" source="" + activeMusicSource + "" pkg="" + pkg"
app/src/main/java/ohi/andre/consolelauncher/UIManager.kt,8655,review-literal, pkg=,"""UIManager update UI: "" + song + "", isPlaying="" + isPlaying + "" source="" + activeMusicSource + "" pkg="" + pkg"
app/src/main/java/ohi/andre/consolelauncher/UIManager.kt,11020,review-literal,podcast ,"if (lower == ""podcast"" || lower.startsWith(""podcast "")) {"
app/src/main/java/ohi/andre/consolelauncher/UIManager.kt,11159,review-literal,speed ,"lower.startsWith(""speed "") -> {"
app/src/main/java/ohi/andre/consolelauncher/UIManager.kt,11166,review-literal,add ,"lower.startsWith(""add "") -> {"
app/src/main/java/ohi/andre/consolelauncher/UIManager.kt,11414,review-literal,User-Agent,".header(""User-Agent"", ""ReTUI/1.0 Android Podcast"")"
app/src/main/java/ohi/andre/consolelauncher/UIManager.kt,11414,review-literal,ReTUI/1.0 Android Podcast,".header(""User-Agent"", ""ReTUI/1.0 Android Podcast"")"
app/src/main/java/ohi/andre/consolelauncher/UIManager.kt,12081,review-literal,cd ,"if (lower == ""cd"" || lower.startsWith(""cd "")) {"
app/src/main/java/ohi/andre/consolelauncher/UIManager.kt,12083,review-literal,open ,"} else if (lower.startsWith(""open "") || lower.startsWith(""termux-open "") || lower.startsWith("
app/src/main/java/ohi/andre/consolelauncher/UIManager.kt,12083,review-literal,termux-open ,"} else if (lower.startsWith(""open "") || lower.startsWith(""termux-open "") || lower.startsWith("
app/src/main/java/ohi/andre/consolelauncher/UIManager.kt,12084,review-literal,share ,"""share """
app/src/main/java/ohi/andre/consolelauncher/UIManager.kt,12405,review-literal,C-c,"dispatchTermuxAppScript(""interrupt"", buildTermuxAppControlScript(app, ""C-c""), true)"
app/src/main/java/ohi/andre/consolelauncher/UIManager.kt,12595,review-literal,lua -config ,"executeLuaWidgetCommand(""lua -config "" + id)"
app/src/main/java/ohi/andre/consolelauncher/UIManager.kt,12600,review-literal,lua -edit ,"executeLuaWidgetCommand(""lua -edit "" + id)"
app/src/main/java/ohi/andre/consolelauncher/UIManager.kt,12876,review-literal,run ,"} else if (""run"" == lower || lower.startsWith(""run "")) {"
app/src/main/java/ohi/andre/consolelauncher/UIManager.kt,12878,review-literal,app -ls,"} else if (""apps"" == lower || ""app-ls"" == lower || ""app -ls"" == lower) {"
app/src/main/java/ohi/andre/consolelauncher/UIManager.kt,12880,review-literal,app-info ,"} else if (""app-info"" == lower || lower.startsWith(""app-info "")) {"
app/src/main/java/ohi/andre/consolelauncher/UIManager.kt,12882,review-literal,app-sync ,"} else if (""app-sync"" == lower || lower.startsWith(""app-sync "")) {"
app/src/main/java/ohi/andre/consolelauncher/UIManager.kt,12884,review-literal,app ,"} else if (""app"" == lower || lower.startsWith(""app "")) {"
app/src/main/java/ohi/andre/consolelauncher/UIManager.kt,12886,review-literal,app-add ,"} else if (""app-add"" == lower || lower.startsWith(""app-add "")"
app/src/main/java/ohi/andre/consolelauncher/UIManager.kt,12887,review-literal,add-app ,"|| ""add-app"" == lower || lower.startsWith(""add-app "")"
app/src/main/java/ohi/andre/consolelauncher/UIManager.kt,12890,review-literal,app-actions ,"} else if (""app-actions"" == lower || lower.startsWith(""app-actions "")) {"
app/src/main/java/ohi/andre/consolelauncher/UIManager.kt,12892,review-literal,app-action-rm ,"} else if (""app-action-rm"" == lower || lower.startsWith(""app-action-rm "")) {"
app/src/main/java/ohi/andre/consolelauncher/UIManager.kt,12894,review-literal,app-action ,"} else if (""app-action"" == lower || lower.startsWith(""app-action "")) {"
app/src/main/java/ohi/andre/consolelauncher/UIManager.kt,12896,review-literal,app-rm ,"} else if (""app-rm"" == lower || lower.startsWith(""app-rm "")"
app/src/main/java/ohi/andre/consolelauncher/UIManager.kt,12897,review-literal,app-remove ,"|| ""app-remove"" == lower || lower.startsWith(""app-remove "")"
app/src/main/java/ohi/andre/consolelauncher/UIManager.kt,12898,review-literal,rm-app ,"|| ""rm-app"" == lower || lower.startsWith(""rm-app "")"
app/src/main/java/ohi/andre/consolelauncher/UIManager.kt,12899,review-literal,remove-app ,"|| ""remove-app"" == lower || lower.startsWith(""remove-app "")"
app/src/main/java/ohi/andre/consolelauncher/UIManager.kt,12902,review-literal,cd ,"} else if (""cd"" == lower || lower.startsWith(""cd "")) {"
app/src/main/java/ohi/andre/consolelauncher/UIManager.kt,12984,review-literal,launch ,"handleTermuxWorkspaceExternalCommand(""launch "" + parts[1])"
app/src/main/java/ohi/andre/consolelauncher/UIManager.kt,13225,review-literal,rm -f ,"""rm -f "" + appHome + ""/app.json\n"""
app/src/main/java/ohi/andre/consolelauncher/UIManager.kt,13226,review-literal,printf '%s\\n' 'Re:T-UI app manifest removed; state directory kept.',"+ ""printf '%s\\n' 'Re:T-UI app manifest removed; state directory kept.'"","
app/src/main/java/ohi/andre/consolelauncher/UIManager.kt,13311,review-literal,MMMM,"max(1, output.paint.measureText(""MMMM"").roundToInt())"
app/src/main/java/ohi/andre/consolelauncher/UIManager.kt,13383,review-literal,tmux resize-window -t ,"return (""tmux resize-window -t "" + session + "" -x "" + geometry.cols + "" -y "" + geometry.rows + "" 2>/dev/null || true\n"""
app/src/main/java/ohi/andre/consolelauncher/UIManager.kt,13383,review-literal, -x ,"return (""tmux resize-window -t "" + session + "" -x "" + geometry.cols + "" -y "" + geometry.rows + "" 2>/dev/null || true\n"""
app/src/main/java/ohi/andre/consolelauncher/UIManager.kt,13383,review-literal, -y ,"return (""tmux resize-window -t "" + session + "" -x "" + geometry.cols + "" -y "" + geometry.rows + "" 2>/dev/null || true\n"""
app/src/main/java/ohi/andre/consolelauncher/UIManager.kt,13383,review-literal, 2>/dev/null || true\n,"return (""tmux resize-window -t "" + session + "" -x "" + geometry.cols + "" -y "" + geometry.rows + "" 2>/dev/null || true\n"""
app/src/main/java/ohi/andre/consolelauncher/UIManager.kt,13384,review-literal,tmux resize-pane -t ,"+ ""tmux resize-pane -t "" + session + "" -x "" + geometry.cols + "" -y "" + geometry.rows + "" 2>/dev/null || true"")"
app/src/main/java/ohi/andre/consolelauncher/UIManager.kt,13384,review-literal, -x ,"+ ""tmux resize-pane -t "" + session + "" -x "" + geometry.cols + "" -y "" + geometry.rows + "" 2>/dev/null || true"")"
app/src/main/java/ohi/andre/consolelauncher/UIManager.kt,13384,review-literal, -y ,"+ ""tmux resize-pane -t "" + session + "" -x "" + geometry.cols + "" -y "" + geometry.rows + "" 2>/dev/null || true"")"
app/src/main/java/ohi/andre/consolelauncher/UIManager.kt,13384,review-literal, 2>/dev/null || true,"+ ""tmux resize-pane -t "" + session + "" -x "" + geometry.cols + "" -y "" + geometry.rows + "" 2>/dev/null || true"")"
app/src/main/java/ohi/andre/consolelauncher/UIManager.kt,13397,review-literal,if ! command -v tmux >/dev/null 2>&1; then\n,"+ ""if ! command -v tmux >/dev/null 2>&1; then\n"""
app/src/main/java/ohi/andre/consolelauncher/UIManager.kt,13398,review-literal,  printf '%s\\n' 'tmux missing: pkg install tmux'\n,"+ ""  printf '%s\\n' 'tmux missing: pkg install tmux'\n"""
app/src/main/java/ohi/andre/consolelauncher/UIManager.kt,13399,review-literal,  exit 127\n,"+ ""  exit 127\n"""
app/src/main/java/ohi/andre/consolelauncher/UIManager.kt,13401,review-literal,if ! tmux has-session -t ,"+ ""if ! tmux has-session -t "" + session + "" 2>/dev/null; then\n"""
app/src/main/java/ohi/andre/consolelauncher/UIManager.kt,13401,review-literal, 2>/dev/null; then\n,"+ ""if ! tmux has-session -t "" + session + "" 2>/dev/null; then\n"""
app/src/main/java/ohi/andre/consolelauncher/UIManager.kt,13402,review-literal,  mkdir -p ,"+ ""  mkdir -p "" + workDir + "" 2>/dev/null || true\n"""
app/src/main/java/ohi/andre/consolelauncher/UIManager.kt,13402,review-literal, 2>/dev/null || true\n,"+ ""  mkdir -p "" + workDir + "" 2>/dev/null || true\n"""
app/src/main/java/ohi/andre/consolelauncher/UIManager.kt,13403,review-literal,  tmux new-session -d -s ,"+ ""  tmux new-session -d -s "" + session + "" -c "" + workDir"
app/src/main/java/ohi/andre/consolelauncher/UIManager.kt,13403,review-literal, -c ,"+ ""  tmux new-session -d -s "" + session + "" -c "" + workDir"
app/src/main/java/ohi/andre/consolelauncher/UIManager.kt,13404,review-literal, env RETUI_APP_ID=,"+ "" env RETUI_APP_ID="" + appId"
app/src/main/java/ohi/andre/consolelauncher/UIManager.kt,13405,review-literal, RETUI_APP_HOME=,"+ "" RETUI_APP_HOME="" + appHome"
app/src/main/java/ohi/andre/consolelauncher/UIManager.kt,13406,review-literal, RETUI_APP_STATE=,"+ "" RETUI_APP_STATE="" + state"
app/src/main/java/ohi/andre/consolelauncher/UIManager.kt,13407,review-literal, RETUI_APP_MANIFEST=,"+ "" RETUI_APP_MANIFEST="" + manifest"
app/src/main/java/ohi/andre/consolelauncher/UIManager.kt,13408,review-literal, -lc ,"+ "" "" + sh + "" -lc "" + command + ""\n"""
app/src/main/java/ohi/andre/consolelauncher/UIManager.kt,13409,review-literal,  sleep 0.35\n,"+ ""  sleep 0.35\n"""
app/src/main/java/ohi/andre/consolelauncher/UIManager.kt,13412,review-literal,tmux capture-pane -t ,"+ ""tmux capture-pane -t "" + session + "" -p -e -N"")"
app/src/main/java/ohi/andre/consolelauncher/UIManager.kt,13412,review-literal, -p -e -N,"+ ""tmux capture-pane -t "" + session + "" -p -e -N"")"
app/src/main/java/ohi/andre/consolelauncher/UIManager.kt,13422,review-literal,mkdir -p ,"val script = (""mkdir -p "" + appHome + "" "" + memoryDir + "" "" + logsDir + ""\n"""
app/src/main/java/ohi/andre/consolelauncher/UIManager.kt,13423,review-literal,if [ ! -f ,"+ ""if [ ! -f "" + state + "" ]; then printf '%s\\n' '{}' > "" + state + ""; fi\n"""
app/src/main/java/ohi/andre/consolelauncher/UIManager.kt,13423,review-literal, ]; then printf '%s\\n' '{}' > ,"+ ""if [ ! -f "" + state + "" ]; then printf '%s\\n' '{}' > "" + state + ""; fi\n"""
app/src/main/java/ohi/andre/consolelauncher/UIManager.kt,13423,review-literal,; fi\n,"+ ""if [ ! -f "" + state + "" ]; then printf '%s\\n' '{}' > "" + state + ""; fi\n"""
app/src/main/java/ohi/andre/consolelauncher/UIManager.kt,13424,review-literal,printf '%s\\n' ,"+ ""printf '%s\\n' "" + json + "" > "" + manifest)"
app/src/main/java/ohi/andre/consolelauncher/UIManager.kt,13428,review-literal,\nprintf '%s\\n' 'manifest: ,"return script + ""\nprintf '%s\\n' 'manifest: "" + app.manifestPath.replace(""'"", ""'\""'\""'"") + ""'"""
app/src/main/java/ohi/andre/consolelauncher/UIManager.kt,13434,review-literal,tmux send-keys -t ,"""tmux send-keys -t "" + session + "" C-m"""
app/src/main/java/ohi/andre/consolelauncher/UIManager.kt,13434,review-literal, C-m,"""tmux send-keys -t "" + session + "" C-m"""
app/src/main/java/ohi/andre/consolelauncher/UIManager.kt,13436,review-literal,tmux send-keys -t ,"""tmux send-keys -t "" + session + "" -- "" + shellQuote(input) + ""\n"" +"
app/src/main/java/ohi/andre/consolelauncher/UIManager.kt,13437,review-literal,tmux send-keys -t ,"""tmux send-keys -t "" + session + "" C-m"""
app/src/main/java/ohi/andre/consolelauncher/UIManager.kt,13437,review-literal, C-m,"""tmux send-keys -t "" + session + "" C-m"""
app/src/main/java/ohi/andre/consolelauncher/UIManager.kt,13441,review-literal,\nsleep 0.25\n,"send + ""\nsleep 0.25\n"" +"
app/src/main/java/ohi/andre/consolelauncher/UIManager.kt,13449,review-literal,tmux send-keys -t ,"""tmux send-keys -t "" + session + "" -- "" + shellQuote(key) + ""\n"" +"
app/src/main/java/ohi/andre/consolelauncher/UIManager.kt,13450,review-literal,sleep 0.25\n,"""sleep 0.25\n"" +"
app/src/main/java/ohi/andre/consolelauncher/UIManager.kt,13458,review-literal,tmux capture-pane -t ,"""tmux capture-pane -t "" + session + "" -p -e -N"""
app/src/main/java/ohi/andre/consolelauncher/UIManager.kt,13458,review-literal, -p -e -N,"""tmux capture-pane -t "" + session + "" -p -e -N"""
app/src/main/java/ohi/andre/consolelauncher/UIManager.kt,13462,review-literal,if ! tmux has-session -t ,"return (""if ! tmux has-session -t "" + session + "" 2>/dev/null; then\n"""
app/src/main/java/ohi/andre/consolelauncher/UIManager.kt,13462,review-literal, 2>/dev/null; then\n,"return (""if ! tmux has-session -t "" + session + "" 2>/dev/null; then\n"""
app/src/main/java/ohi/andre/consolelauncher/UIManager.kt,13463,review-literal,  printf '%s\\n' 'session ended. Type :restart to start it.'\n,"+ ""  printf '%s\\n' 'session ended. Type :restart to start it.'\n"""
app/src/main/java/ohi/andre/consolelauncher/UIManager.kt,13464,review-literal,  exit 0\n,"+ ""  exit 0\n"""
app/src/main/java/ohi/andre/consolelauncher/UIManager.kt,13466,review-literal,tmux capture-pane -t ,"+ ""tmux capture-pane -t "" + session + "" -p -e -N"")"
app/src/main/java/ohi/andre/consolelauncher/UIManager.kt,13466,review-literal, -p -e -N,"+ ""tmux capture-pane -t "" + session + "" -p -e -N"")"
app/src/main/java/ohi/andre/consolelauncher/UIManager.kt,13471,review-literal,if command -v tmux >/dev/null 2>&1; then\n,"return (""if command -v tmux >/dev/null 2>&1; then\n"""
app/src/main/java/ohi/andre/consolelauncher/UIManager.kt,13472,review-literal,  tmux kill-session -t ,"+ ""  tmux kill-session -t "" + session + "" 2>/dev/null || true\n"""
app/src/main/java/ohi/andre/consolelauncher/UIManager.kt,13472,review-literal, 2>/dev/null || true\n,"+ ""  tmux kill-session -t "" + session + "" 2>/dev/null || true\n"""
app/src/main/java/ohi/andre/consolelauncher/UIManager.kt,13473,review-literal,  printf '%s\\n' 'session stopped.'\n,"+ ""  printf '%s\\n' 'session stopped.'\n"""
app/src/main/java/ohi/andre/consolelauncher/UIManager.kt,13475,review-literal,  printf '%s\\n' 'tmux missing: pkg install tmux'\n,"+ ""  printf '%s\\n' 'tmux missing: pkg install tmux'\n"""
app/src/main/java/ohi/andre/consolelauncher/UIManager.kt,13481,review-literal,if ! command -v tmux >/dev/null 2>&1; then\n,"return (""if ! command -v tmux >/dev/null 2>&1; then\n"""
app/src/main/java/ohi/andre/consolelauncher/UIManager.kt,13482,review-literal,  printf '%s\\n' 'tmux missing: pkg install tmux'\n,"+ ""  printf '%s\\n' 'tmux missing: pkg install tmux'\n"""
app/src/main/java/ohi/andre/consolelauncher/UIManager.kt,13483,review-literal,  exit 127\n,"+ ""  exit 127\n"""
app/src/main/java/ohi/andre/consolelauncher/UIManager.kt,13485,review-literal,if ! tmux has-session -t ,"+ ""if ! tmux has-session -t "" + session + "" 2>/dev/null; then\n"""
app/src/main/java/ohi/andre/consolelauncher/UIManager.kt,13485,review-literal, 2>/dev/null; then\n,"+ ""if ! tmux has-session -t "" + session + "" 2>/dev/null; then\n"""
app/src/main/java/ohi/andre/consolelauncher/UIManager.kt,13486,review-literal,  printf '%s\\n' 'session not running. Type :restart to start it.'\n,"+ ""  printf '%s\\n' 'session not running. Type :restart to start it.'\n"""
app/src/main/java/ohi/andre/consolelauncher/UIManager.kt,13487,review-literal,  exit 1\n,"+ ""  exit 1\n"""
app/src/main/java/ohi/andre/consolelauncher/UIManager.kt,13652,review-literal,session ended. type :restart,"if (text.contains(""session ended. type :restart"")"
app/src/main/java/ohi/andre/consolelauncher/UIManager.kt,13653,review-literal,session not running. type :restart,"|| text.contains(""session not running. type :restart"")"
app/src/main/java/ohi/andre/consolelauncher/UIManager.kt,13654,review-literal,no server running on,"|| text.contains(""no server running on"")"
app/src/main/java/ohi/andre/consolelauncher/UIManager.kt,13655,review-literal,can't find session,"|| text.contains(""can't find session"")"
app/src/main/java/ohi/andre/consolelauncher/UIManager.kt,13656,review-literal,can't find pane,"|| text.contains(""can't find pane"")"
app/src/main/java/ohi/andre/consolelauncher/UIManager.kt,13784,review-literal,termux ,"if (lower.startsWith(""termux "")) {"
app/src/main/java/ohi/andre/consolelauncher/UIManager.kt,13827,review-literal,cd ,"val shellCommand = ""cd "" + shellQuote(termuxWorkingDirectory) + "" && "" + trimmed"
app/src/main/java/ohi/andre/consolelauncher/UIManager.kt,13840,review-literal,cd ,"val shellCommand = (""cd "" + shellQuote(termuxWorkingDirectory)"
app/src/main/java/ohi/andre/consolelauncher/UIManager.kt,13841,review-literal, && cd ,"+ "" && cd "" + shellQuote(target)"
app/src/main/java/ohi/andre/consolelauncher/UIManager.kt,13842,review-literal, && pwd,"+ "" && pwd"")"
app/src/main/java/ohi/andre/consolelauncher/UIManager.kt,14040,review-literal,mkdir -p ,"command.append(""mkdir -p "").append(shellQuote(runtimeDir)).append("" && "")"
app/src/main/java/ohi/andre/consolelauncher/UIManager.kt,14041,review-literal,cp ,"command.append(""cp "").append(shellQuote(path)).append("" "").append(shellQuote(runtimePath))"
app/src/main/java/ohi/andre/consolelauncher/UIManager.kt,14045,review-literal, && sed -i ,"command.append("" && sed -i "")"
app/src/main/java/ohi/andre/consolelauncher/UIManager.kt,14050,review-literal, && chmod +x ,"command.append("" && chmod +x "").append(shellQuote(runtimePath))"
app/src/main/java/ohi/andre/consolelauncher/UIManager.kt,14058,review-literal, && export ,"command.append("" && export "")"
app/src/main/java/ohi/andre/consolelauncher/UIManager.kt,14064,review-literal, && export RETUI_NOW=,"command.append("" && export RETUI_NOW="")"
app/src/main/java/ohi/andre/consolelauncher/UIManager.kt,14066,review-literal, && exec ,"command.append("" && exec "").append(shellQuote(runtimePath)).append("" \""$@\"""")"
app/src/main/java/ohi/andre/consolelauncher/UIManager.kt,14324,review-literal,cd ,"if (label.startsWith(""cd "") && exitCode == 0 && stdout != null && stdout.trim { it <= ' ' }.length > 0) {"
app/src/main/java/ohi/andre/consolelauncher/UIManager.kt,14331,review-literal,cd ',"""cd '"" + folder.getAbsolutePath().replace(""'"", ""'\\''"") + ""'"""
app/src/main/java/ohi/andre/consolelauncher/UIManager.kt,14340,review-literal,fm-dirs ,"if (label.startsWith(""fm-dirs "")) {"
app/src/main/java/ohi/andre/consolelauncher/UIManager.kt,14349,review-literal,fm-files ,"} else if (label.startsWith(""fm-files "")) {"
app/src/main/java/ohi/andre/consolelauncher/UIManager.kt,14358,review-literal,dirs ,"} else if (label.startsWith(""dirs "") && exitCode == 0) {"
app/src/main/java/ohi/andre/consolelauncher/UIManager.kt,14368,review-literal,files ,"} else if (label.startsWith(""files "") && exitCode == 0) {"
app/src/main/java/ohi/andre/consolelauncher/UIManager.kt,14449,review-literal,broadcasting: intent,"if (!lower.contains(""retui_callback"") && !lower.contains(""broadcasting: intent"")) {"
app/src/main/java/ohi/andre/consolelauncher/UIManager.kt,14453,review-literal,-p com.dvil.tui_renewed,"if (!lower.contains(""-p com.dvil.tui_renewed"") && !lower.contains(""pkg=com.dvil.tui_renewed"")) {"
app/src/main/java/ohi/andre/consolelauncher/UIManager.kt,15623,review-literal,--- null,"if (clean.contains(""%pkg"") || clean.contains(""%t"") || clean.contains(""--- null"")) {"
app/src/main/java/ohi/andre/consolelauncher/UIManager.kt,15959,review-literal,WrongConstant,"@SuppressLint(""WrongConstant"") val sbservice = mContext!!.getSystemService(""statusbar"")"
app/src/main/java/ohi/andre/consolelauncher/UIManager.kt,16720,review-literal,M\n\u2502\n\u2500\n\u2514\n\u2588,"private const val TERMUX_WORKSPACE_LINE_HEIGHT_SAMPLE = ""M\n\u2502\n\u2500\n\u2514\n\u2588"""
app/src/main/java/ohi/andre/consolelauncher/UIManager.kt,16826,review-literal,BAT: $it,"return BATTERY_PERCENT.find(text)?.value?.let { ""BAT: $it"" }"
app/src/main/java/ohi/andre/consolelauncher/UIManager.kt,16835,review-literal,Weather:,"return line.substringAfter(""Weather:"", line).substringBefore(',').trim()"
app/src/main/java/ohi/andre/consolelauncher/UIManager.kt,16847,review-literal,${number(availableGb)}/${number(totalGb)} GB,"return ""${number(availableGb)}/${number(totalGb)} GB"""
app/src/main/java/ohi/andre/consolelauncher/commands/CommandTuils.kt,34,command-review,DefaultLocale,"@SuppressLint(""DefaultLocale"")"
app/src/main/java/ohi/andre/consolelauncher/commands/CommandTuils.kt,37,command-review, on|off|left|right|toggle|status,"val DUO_USAGE: String = DUO_COMMAND + "" on|off|left|right|toggle|status"""
app/src/main/java/ohi/andre/consolelauncher/commands/CommandTuils.kt,181,command-review,"' && !inSingleQuote) {
                inDoubleQuote = !inDoubleQuote
            } else if (c == '\'' && !inDoubleQuote) {
                inSingleQuote = !inSingleQuote
            } else if (Character.isWhitespace(c) && !inDoubleQuote && !inSingleQuote) {
                return input.substring(0, i)
            }
        }
        return input
    }

    //	find args
    fun getArg(info: ExecutePack, input: String, type: Int): ArgInfo? {
        if (type == CommandAbstraction.FILE && info is MainPack) {
            val pack = info
            return file(input, pack.currentDirectory)
        } else if (type == CommandAbstraction.CONTACTNUMBER && info is MainPack) {
            val pack = info
            return contactNumber(input, pack.contacts)
        } else if (type == CommandAbstraction.PLAIN_TEXT || type == CommandAbstraction.PRESET_NAME || type == CommandAbstraction.SAVED_PRESET_NAME || type == CommandAbstraction.SPACE_TARGET || type == CommandAbstraction.SPACE_RENAME_NAME) {
            return plainText(input)
        } else if (type == CommandAbstraction.VISIBLE_PACKAGE && info is MainPack) {
            val pack = info
            return activityName(input, pack.appsManager)
        } else if (type == CommandAbstraction.HIDDEN_PACKAGE && info is MainPack) {
            val pack = info
            return hiddenPackage(input, pack.appsManager)
        } else if (type == CommandAbstraction.TEXTLIST) {
            return textList(input)
        } else if (type == CommandAbstraction.SONG && info is MainPack) {
            val pack = info
            if (pack.player == null) return null

            return song(input, pack.player)
        } else if (type == CommandAbstraction.COMMAND) {
            return command(input, info.commandGroup)
        } else if (type == CommandAbstraction.BOOLEAN) {
            return bln(input)
        } else if (type == CommandAbstraction.COLOR) {
            return color(input)
        } else if (type == CommandAbstraction.CONFIG_ENTRY) {
            return configEntry(input)
        } else if (type == CommandAbstraction.CONFIG_FILE) {
            return configFile(input)
        } else if (type == CommandAbstraction.INT) {
            return integer(input)
        } else if (type == CommandAbstraction.DEFAULT_APP) {
            return defaultApp(input, (info as MainPack).appsManager)
        } else if (type == CommandAbstraction.ALL_PACKAGES) {
            return allPackages(input, (info as MainPack).appsManager)
        } else if (type == CommandAbstraction.NO_SPACE_STRING || type == CommandAbstraction.APP_GROUP || type == CommandAbstraction.BOUND_REPLY_APP) {
            return noSpaceString(input)
        } else if (type == CommandAbstraction.APP_INSIDE_GROUP) {
            return activityName(input, (info as MainPack).appsManager)
        } else if (type == CommandAbstraction.LONG) {
            return numberLong(input)
        } else if (type == CommandAbstraction.DATASTORE_PATH_TYPE) {
            return dataStoreType(input)
        }

        return null
    }

    //	args extractors {
    private fun dataStoreType(input: String?): ArgInfo? {
        val a = noSpaceString(input)
        if (a.found) {
            val s = a.arg as String?
            try {
                HTMLExtractManager.StoreableValue.Type.valueOf(s!!)
                return a
            } catch (e: Exception) {
                return null
            }
        }

        a.found = false
        return a
    }

    private fun numberLong(input: String): ArgInfo {
        val split: Array<String?> =
            input.split(Tuils.SPACE.toRegex()).dropLastWhile { it.isEmpty() }.toTypedArray()

        try {
            val l = split[0]!!.toLong()

            val builder = StringBuilder()
            for (c in 1..<split.size) {
                builder.append(split[c]).append(Tuils.SPACE)
            }
            return ArgInfo(l, builder.toString().trim { it <= ' ' }, true, 1)
        } catch (e: Exception) {
            return ArgInfo(null, input, false, 0)
        }
    }

    private fun color(input: String): ArgInfo {
        var input = input
        input = input.trim { it <= ' ' }

        val space = input.indexOf(Tuils.SPACE)
        val cl = input.substring(0, if (space == -1) input.length else space)
        input = if (space == -1) Tuils.EMPTYSTRING else input.substring(space + 1)

        try {
            Color.parseColor(cl)
            return ArgInfo(cl, input, true, 1)
        } catch (e: Exception) {
            return ArgInfo(null, input, false, 0)
        }
    }

    private fun bln(input: String): ArgInfo {
        val used: String?
        val notUsed: String?
        if (input.contains(Tuils.SPACE)) {
            val space = input.indexOf(Tuils.SPACE)
            used = input.substring(0, space)
            notUsed = input.substring(space + 1)
        } else {
            used = input
            notUsed = null
        }

        val result: Any = used.toBoolean()
        return ArgInfo(result, notUsed, used.length > 0, if (used.length > 0) 1 else 0)
    }

    private fun plainText(input: String?): ArgInfo {
        return ArgInfo(input, ","} else if (c == '\""' && !inSingleQuote) {
                inDoubleQuote = !inDoubleQuote
            } else if (c == '\'' && !inDoubleQuote) {
                inSingleQuote = !inSingleQuote
            } else if (Character.isWhitespace(c) && !inDoubleQuote && !inSingleQuote) {
                return input.substring(0, i)
            }
        }
        return input
    }

    //	find args
    fun getArg(info: ExecutePack, input: String, type: Int): ArgInfo? {
        if (type == CommandAbstraction.FILE && info is MainPack) {
            val pack = info
            return file(input, pack.currentDirectory)
        } else if (type == CommandAbstraction.CONTACTNUMBER && info is MainPack) {
            val pack = info
            return contactNumber(input, pack.contacts)
        } else if (type == CommandAbstraction.PLAIN_TEXT || type == CommandAbstraction.PRESET_NAME || type == CommandAbstraction.SAVED_PRESET_NAME || type == CommandAbstraction.SPACE_TARGET || type == CommandAbstraction.SPACE_RENAME_NAME) {
            return plainText(input)
        } else if (type == CommandAbstraction.VISIBLE_PACKAGE && info is MainPack) {
            val pack = info
            return activityName(input, pack.appsManager)
        } else if (type == CommandAbstraction.HIDDEN_PACKAGE && info is MainPack) {
            val pack = info
            return hiddenPackage(input, pack.appsManager)
        } else if (type == CommandAbstraction.TEXTLIST) {
            return textList(input)
        } else if (type == CommandAbstraction.SONG && info is MainPack) {
            val pack = info
            if (pack.player == null) return null

            return song(input, pack.player)
        } else if (type == CommandAbstraction.COMMAND) {
            return command(input, info.commandGroup)
        } else if (type == CommandAbstraction.BOOLEAN) {
            return bln(input)
        } else if (type == CommandAbstraction.COLOR) {
            return color(input)
        } else if (type == CommandAbstraction.CONFIG_ENTRY) {
            return configEntry(input)
        } else if (type == CommandAbstraction.CONFIG_FILE) {
            return configFile(input)
        } else if (type == CommandAbstraction.INT) {
            return integer(input)
        } else if (type == CommandAbstraction.DEFAULT_APP) {
            return defaultApp(input, (info as MainPack).appsManager)
        } else if (type == CommandAbstraction.ALL_PACKAGES) {
            return allPackages(input, (info as MainPack).appsManager)
        } else if (type == CommandAbstraction.NO_SPACE_STRING || type == CommandAbstraction.APP_GROUP || type == CommandAbstraction.BOUND_REPLY_APP) {
            return noSpaceString(input)
        } else if (type == CommandAbstraction.APP_INSIDE_GROUP) {
            return activityName(input, (info as MainPack).appsManager)
        } else if (type == CommandAbstraction.LONG) {
            return numberLong(input)
        } else if (type == CommandAbstraction.DATASTORE_PATH_TYPE) {
            return dataStoreType(input)
        }

        return null
    }

    //	args extractors {
    private fun dataStoreType(input: String?): ArgInfo? {
        val a = noSpaceString(input)
        if (a.found) {
            val s = a.arg as String?
            try {
                HTMLExtractManager.StoreableValue.Type.valueOf(s!!)
                return a
            } catch (e: Exception) {
                return null
            }
        }

        a.found = false
        return a
    }

    private fun numberLong(input: String): ArgInfo {
        val split: Array<String?> =
            input.split(Tuils.SPACE.toRegex()).dropLastWhile { it.isEmpty() }.toTypedArray()

        try {
            val l = split[0]!!.toLong()

            val builder = StringBuilder()
            for (c in 1..<split.size) {
                builder.append(split[c]).append(Tuils.SPACE)
            }
            return ArgInfo(l, builder.toString().trim { it <= ' ' }, true, 1)
        } catch (e: Exception) {
            return ArgInfo(null, input, false, 0)
        }
    }

    private fun color(input: String): ArgInfo {
        var input = input
        input = input.trim { it <= ' ' }

        val space = input.indexOf(Tuils.SPACE)
        val cl = input.substring(0, if (space == -1) input.length else space)
        input = if (space == -1) Tuils.EMPTYSTRING else input.substring(space + 1)

        try {
            Color.parseColor(cl)
            return ArgInfo(cl, input, true, 1)
        } catch (e: Exception) {
            return ArgInfo(null, input, false, 0)
        }
    }

    private fun bln(input: String): ArgInfo {
        val used: String?
        val notUsed: String?
        if (input.contains(Tuils.SPACE)) {
            val space = input.indexOf(Tuils.SPACE)
            used = input.substring(0, space)
            notUsed = input.substring(space + 1)
        } else {
            used = input
            notUsed = null
        }

        val result: Any = used.toBoolean()
        return ArgInfo(result, notUsed, used.length > 0, if (used.length > 0) 1 else 0)
    }

    private fun plainText(input: String?): ArgInfo {
        return ArgInfo(input, """", true, 1)"
app/src/main/java/ohi/andre/consolelauncher/commands/CommandTuils.kt,311,command-review,", true, 1)
    }

    private fun textList(input: String?): ArgInfo? {
        if (input == null) {
            return null
        }

        val arg = Tuils.splitArgs(input)
        return ArgInfo(arg, null, true, arg.size)
    }

    private fun noSpaceString(input: String?): ArgInfo {
        if (input == null || input.isEmpty()) return ArgInfo(null, input, false, 0)

        var inDoubleQuote = false
        var inSingleQuote = false
        var escaped = false
        val arg = StringBuilder()

        var i = 0
        while (i < input.length) {
            val c = input.get(i)
            if (escaped) {
                arg.append(c)
                escaped = false
            } else if (c == '\\') {
                escaped = true
            } else if (c == '\""' && !inSingleQuote) {
                inDoubleQuote = !inDoubleQuote
            } else if (c == '\'' && !inDoubleQuote) {
                inSingleQuote = !inSingleQuote
            } else if (Character.isWhitespace(c) && !inDoubleQuote && !inSingleQuote) {
                break
            } else {
                arg.append(c)
            }
            i++
        }

        var residual: String? = null
        if (i < input.length) {
            residual = input.substring(i + 1).trim { it <= ' ' }
        }

        return ArgInfo(arg.toString(), residual, true, 1)
    }

    private fun command(string: String?, active: CommandGroup): ArgInfo {
        var string = string
        val i = noSpaceString(string)
        string = i.arg as String?

        var abstraction: CommandAbstraction? = null
        try {
            abstraction = active.getCommandByName(string)
        } catch (e: Exception) {
            Tuils.log(e)
            Tuils.toFile(e)
        }

        if (isHiddenCommandName(string)) {
            abstraction = null
        }

        return ArgInfo(abstraction, i.residualString, abstraction != null, 1)
    }

    private fun file(input: String, cd: File?): ArgInfo {
        var input = input
        input = input.trim { it <= ' ' }
        if ((input.startsWith(","return ArgInfo(input, """", true, 1)
    }

    private fun textList(input: String?): ArgInfo? {
        if (input == null) {
            return null
        }

        val arg = Tuils.splitArgs(input)
        return ArgInfo(arg, null, true, arg.size)
    }

    private fun noSpaceString(input: String?): ArgInfo {
        if (input == null || input.isEmpty()) return ArgInfo(null, input, false, 0)

        var inDoubleQuote = false
        var inSingleQuote = false
        var escaped = false
        val arg = StringBuilder()

        var i = 0
        while (i < input.length) {
            val c = input.get(i)
            if (escaped) {
                arg.append(c)
                escaped = false
            } else if (c == '\\') {
                escaped = true
            } else if (c == '\""' && !inSingleQuote) {
                inDoubleQuote = !inDoubleQuote
            } else if (c == '\'' && !inDoubleQuote) {
                inSingleQuote = !inSingleQuote
            } else if (Character.isWhitespace(c) && !inDoubleQuote && !inSingleQuote) {
                break
            } else {
                arg.append(c)
            }
            i++
        }

        var residual: String? = null
        if (i < input.length) {
            residual = input.substring(i + 1).trim { it <= ' ' }
        }

        return ArgInfo(arg.toString(), residual, true, 1)
    }

    private fun command(string: String?, active: CommandGroup): ArgInfo {
        var string = string
        val i = noSpaceString(string)
        string = i.arg as String?

        var abstraction: CommandAbstraction? = null
        try {
            abstraction = active.getCommandByName(string)
        } catch (e: Exception) {
            Tuils.log(e)
            Tuils.toFile(e)
        }

        if (isHiddenCommandName(string)) {
            abstraction = null
        }

        return ArgInfo(abstraction, i.residualString, abstraction != null, 1)
    }

    private fun file(input: String, cd: File?): ArgInfo {
        var input = input
        input = input.trim { it <= ' ' }
        if ((input.startsWith(""\"""") || input.startsWith(""'"")) && (input.substring(1, input.length)"
app/src/main/java/ohi/andre/consolelauncher/commands/CommandTuils.kt,624,command-review,su ,"return input.startsWith(""su "")"
app/src/main/java/ohi/andre/consolelauncher/commands/ExecutePack.kt,1,command-review,DEPRECATION,"@file:Suppress(""DEPRECATION"", ""UNCHECKED_CAST"")"
app/src/main/java/ohi/andre/consolelauncher/commands/ExecutePack.kt,1,command-review,UNCHECKED_CAST,"@file:Suppress(""DEPRECATION"", ""UNCHECKED_CAST"")"
app/src/main/java/ohi/andre/consolelauncher/commands/ExecutePack.kt,10,command-review,UNCHECKED_CAST,"@Suppress(""UNCHECKED_CAST"")"
app/src/main/java/ohi/andre/consolelauncher/commands/main/MainPack.kt,61,command-review,Re:T-UI,"val oldColonFolder = path.contains(File.separator + ""Re:T-UI"") ||"
app/src/main/java/ohi/andre/consolelauncher/commands/main/MainPack.kt,62,command-review,Re:T-UI,"path.endsWith(File.separator + ""Re:T-UI"")"
app/src/main/java/ohi/andre/consolelauncher/commands/main/raw/bluetooth.kt,1,command-review,DEPRECATION,"@file:Suppress(""DEPRECATION"")"
app/src/main/java/ohi/andre/consolelauncher/commands/main/raw/bluetooth.kt,19,command-review,MissingPermission,"@SuppressLint(""MissingPermission"")"
app/src/main/java/ohi/andre/consolelauncher/commands/main/raw/cd.kt,1,command-review,DEPRECATION,"@file:Suppress(""DEPRECATION"")"
app/src/main/java/ohi/andre/consolelauncher/commands/main/raw/cd.kt,33,command-review,cd ',"MainManager.interactive.addCommand(""cd '"" + folder.absolutePath.replace(""'"", ""'\\''"") + ""'"")"
app/src/main/java/ohi/andre/consolelauncher/commands/main/raw/clear.kt,1,command-review,DEPRECATION,"@file:Suppress(""DEPRECATION"")"
app/src/main/java/ohi/andre/consolelauncher/commands/main/raw/ctrlc.kt,1,command-review,DEPRECATION,"@file:Suppress(""DEPRECATION"")"
app/src/main/java/ohi/andre/consolelauncher/commands/main/raw/devutils.kt,32,command-review,MissingPermission,"@SuppressLint(""MissingPermission"")"
app/src/main/java/ohi/andre/consolelauncher/commands/main/raw/devutils.kt,80,command-review,MissingPermission,"@SuppressLint(""MissingPermission"")"
app/src/main/java/ohi/andre/consolelauncher/commands/main/raw/events.kt,95,command-review,"echo \""::title Events\""\n","""echo \""::title Events\""\n"" +"
app/src/main/java/ohi/andre/consolelauncher/commands/main/raw/events.kt,97,command-review,"EVENTS_FILE=\""%RETUI_CALENDAR_UPCOMING_MONTH\""\n","""EVENTS_FILE=\""%RETUI_CALENDAR_UPCOMING_MONTH\""\n"" +"
app/src/main/java/ohi/andre/consolelauncher/commands/main/raw/events.kt,98,command-review,"if [ ! -s \""\$EVENTS_FILE\"" ]; then\n","""if [ ! -s \""\$EVENTS_FILE\"" ]; then\n"" +"
app/src/main/java/ohi/andre/consolelauncher/commands/main/raw/events.kt,99,command-review,"  echo \""::body No upcoming events this month.\""\n","""  echo \""::body No upcoming events this month.\""\n"" +"
app/src/main/java/ohi/andre/consolelauncher/commands/main/raw/events.kt,101,command-review,  while IFS='\t' read -r date time title location; do\n,"""  while IFS='\t' read -r date time title location; do\n"" +"
app/src/main/java/ohi/andre/consolelauncher/commands/main/raw/events.kt,102,command-review,"    if [ -n \""\$time\"" ]; then\n","""    if [ -n \""\$time\"" ]; then\n"" +"
app/src/main/java/ohi/andre/consolelauncher/commands/main/raw/events.kt,103,command-review,"      line=\""\$date \$time - \$title\""\n","""      line=\""\$date \$time - \$title\""\n"" +"
app/src/main/java/ohi/andre/consolelauncher/commands/main/raw/events.kt,104,command-review,    else\n,"""    else\n"" +"
app/src/main/java/ohi/andre/consolelauncher/commands/main/raw/events.kt,105,command-review,"      line=\""\$date - \$title\""\n","""      line=\""\$date - \$title\""\n"" +"
app/src/main/java/ohi/andre/consolelauncher/commands/main/raw/events.kt,106,command-review,    fi\n,"""    fi\n"" +"
app/src/main/java/ohi/andre/consolelauncher/commands/main/raw/events.kt,107,command-review,"    [ -n \""\$location\"" ] && line=\""\$line @ \$location\""\n","""    [ -n \""\$location\"" ] && line=\""\$line @ \$location\""\n"" +"
app/src/main/java/ohi/andre/consolelauncher/commands/main/raw/events.kt,108,command-review,"    echo \""::body \$line\""\n","""    echo \""::body \$line\""\n"" +"
app/src/main/java/ohi/andre/consolelauncher/commands/main/raw/events.kt,109,command-review,"  done < \""\$EVENTS_FILE\""\n","""  done < \""\$EVENTS_FILE\""\n"" +"
app/src/main/java/ohi/andre/consolelauncher/commands/main/raw/events.kt,112,command-review,"echo \""::suggest refresh | command | module -refresh events\""\n","""echo \""::suggest refresh | command | module -refresh events\""\n"" +"
app/src/main/java/ohi/andre/consolelauncher/commands/main/raw/events.kt,113,command-review,"echo \""::suggest access | command | events -access\""\n","""echo \""::suggest access | command | events -access\""\n"" +"
app/src/main/java/ohi/andre/consolelauncher/commands/main/raw/events.kt,114,command-review,"echo \""::suggest calendar | command | intent -view content://com.android.calendar/time/%RETUI_NOW\""","""echo \""::suggest calendar | command | intent -view content://com.android.calendar/time/%RETUI_NOW\"""""
app/src/main/java/ohi/andre/consolelauncher/commands/main/raw/files.kt,47,command-review,files $suggestion,"if (suggestion.startsWith(""-"")) ""files $suggestion"" else suggestion"
app/src/main/java/ohi/andre/consolelauncher/commands/main/raw/hack.kt,1,command-review,DEPRECATION,"@file:Suppress(""DEPRECATION"")"
app/src/main/java/ohi/andre/consolelauncher/commands/main/raw/inspect.kt,65,command-review,share text,"addActivityHandler(pm, lines, ""share text"", Intent(Intent.ACTION_SEND).setType(""text/plain"").setPackage(packageName))"
app/src/main/java/ohi/andre/consolelauncher/commands/main/raw/inspect.kt,66,command-review,view web,"addActivityHandler(pm, lines, ""view web"", Intent(Intent.ACTION_VIEW, Uri.parse(""https://example.com"")).setPackage(packageName))"
app/src/main/java/ohi/andre/consolelauncher/commands/main/raw/inspect.kt,67,command-review,process text,"addActivityHandler(pm, lines, ""process text"", Intent(Intent.ACTION_PROCESS_TEXT).setType(""text/plain"").setPackage(packageName))"
app/src/main/java/ohi/andre/consolelauncher/commands/main/raw/inspect.kt,76,command-review,$label -> $component,"if (seen.add(component)) lines.add(""$label -> $component"")"
app/src/main/java/ohi/andre/consolelauncher/commands/main/raw/inspect.kt,87,command-review, requires ,"componentPermission(component)?.let { out.append("" requires "").append(it) }"
app/src/main/java/ohi/andre/consolelauncher/commands/main/raw/intent.kt,126,command-review,--es key,"requiredValue(args, ++i, ""--es key""),"
app/src/main/java/ohi/andre/consolelauncher/commands/main/raw/intent.kt,127,command-review,--es value,"requiredValue(args, ++i, ""--es value"")"
app/src/main/java/ohi/andre/consolelauncher/commands/main/raw/intent.kt,132,command-review,--ei key,"requiredValue(args, ++i, ""--ei key""),"
app/src/main/java/ohi/andre/consolelauncher/commands/main/raw/intent.kt,133,command-review,--ei value,"requiredValue(args, ++i, ""--ei value"")!!.toInt()"
app/src/main/java/ohi/andre/consolelauncher/commands/main/raw/intent.kt,138,command-review,--ez key,"requiredValue(args, ++i, ""--ez key""),"
app/src/main/java/ohi/andre/consolelauncher/commands/main/raw/intent.kt,139,command-review,--ez value,"requiredValue(args, ++i, ""--ez value"").toBoolean()"
app/src/main/java/ohi/andre/consolelauncher/commands/main/raw/intent.kt,143,command-review,unknown option ,"throw IllegalArgumentException(""unknown option "" + arg)"
app/src/main/java/ohi/andre/consolelauncher/commands/main/raw/intent.kt,160,command-review, needs a value,"require(index < args.size) { option + "" needs a value"" }"
app/src/main/java/ohi/andre/consolelauncher/commands/main/raw/intent.kt,166,command-review,invalid component ,"requireNotNull(component) { ""invalid component "" + value }"
app/src/main/java/ohi/andre/consolelauncher/commands/main/raw/module.kt,48,command-review,-show $module,"return delegateLuaCommand(pack, ""-show $module"")"
app/src/main/java/ohi/andre/consolelauncher/commands/main/raw/module.kt,116,command-review,-refresh $module,"return delegateLuaCommand(pack, ""-refresh $module"")"
app/src/main/java/ohi/andre/consolelauncher/commands/main/raw/module.kt,132,command-review,-rm $module,"return delegateLuaCommand(pack, ""-rm $module"")"
app/src/main/java/ohi/andre/consolelauncher/commands/main/raw/music.kt,19,command-review,NEXT,"execute(""NEXT"")"
app/src/main/java/ohi/andre/consolelauncher/commands/main/raw/music.kt,32,command-review,PREVIOUS,"execute(""PREVIOUS"")"
app/src/main/java/ohi/andre/consolelauncher/commands/main/raw/music.kt,52,command-review,PLAY_PAUSE,"execute(""PLAY_PAUSE"")"
app/src/main/java/ohi/andre/consolelauncher/commands/main/raw/music.kt,65,command-review,CLOSE,"execute(""CLOSE"")"
app/src/main/java/ohi/andre/consolelauncher/commands/main/raw/music.kt,212,command-review,input keyevent KEYCODE_MEDIA_,"Shell.SH.run(""input keyevent KEYCODE_MEDIA_"" + code)"
app/src/main/java/ohi/andre/consolelauncher/commands/main/raw/post.kt,77,command-review,application/json; charset=utf-8,"private val JSON = ""application/json; charset=utf-8"".toMediaType()"
app/src/main/java/ohi/andre/consolelauncher/commands/main/raw/post.kt,78,command-review,text/plain; charset=utf-8,"private val TEXT = ""text/plain; charset=utf-8"".toMediaType()"
app/src/main/java/ohi/andre/consolelauncher/commands/main/raw/status.kt,22,command-review,DEPRECATION,"@Suppress(""DEPRECATION"")"
app/src/main/java/ohi/andre/consolelauncher/commands/main/raw/tasker.kt,12,command-review,-run ,"if (input.startsWith(""-run "", true)) input = input.substring(5).trim()"
app/src/main/java/ohi/andre/consolelauncher/commands/main/raw/tasker.kt,14,command-review,' && input.last() == ',"if (input.length >= 2 && input.first() == '""' && input.last() == '""') {"
app/src/main/java/ohi/andre/consolelauncher/commands/main/raw/tbridge.kt,100,command-review,"target=\""\$1\""; [ -d \""\$target\"" ] || { echo \""not a directory: \$target\"" >&2; exit 2; }; cd \""\$target\"" && pwd","""target=\""\$1\""; [ -d \""\$target\"" ] || { echo \""not a directory: \$target\"" >&2; exit 2; }; cd \""\$target\"" && pwd"""
app/src/main/java/ohi/andre/consolelauncher/commands/main/raw/tbridge.kt,102,command-review,"dir=\""\$1\""; [ -d \""\$dir\"" ] || { echo \""not a directory: \$dir\"" >&2; exit 2; }; find \""\$dir\"" -mindepth 1 -maxdepth 1 -type d -printf '%f/\\n' 2>/dev/null | sort","""dir=\""\$1\""; [ -d \""\$dir\"" ] || { echo \""not a directory: \$dir\"" >&2; exit 2; }; find \""\$dir\"" -mindepth 1 -maxdepth 1 -type d -printf '%f/\\n' 2>/dev/null | sort"""
app/src/main/java/ohi/andre/consolelauncher/commands/main/raw/tbridge.kt,104,command-review,"dir=\""\$1\""; [ -d \""\$dir\"" ] || { echo \""not a directory: \$dir\"" >&2; exit 2; }; find \""\$dir\"" -mindepth 1 -maxdepth 1 -type f -printf '%f\\n' 2>/dev/null | sort","""dir=\""\$1\""; [ -d \""\$dir\"" ] || { echo \""not a directory: \$dir\"" >&2; exit 2; }; find \""\$dir\"" -mindepth 1 -maxdepth 1 -type f -printf '%f\\n' 2>/dev/null | sort"""
app/src/main/java/ohi/andre/consolelauncher/commands/main/raw/tbridge.kt,106,command-review,"dir=\""\$1\""; [ -d \""\$dir\"" ] || { echo \""not a directory: \$dir\"" >&2; exit 2; }; { find \""\$dir\"" -mindepth 1 -maxdepth 1 -type d -printf '%f/\\n' 2>/dev/null; find \""\$dir\"" -mindepth 1 -maxdepth 1 -type f -printf '%f\\n' 2>/dev/null; } | sort","""dir=\""\$1\""; [ -d \""\$dir\"" ] || { echo \""not a directory: \$dir\"" >&2; exit 2; }; { find \""\$dir\"" -mindepth 1 -maxdepth 1 -type d -printf '%f/\\n' 2>/dev/null; find \""\$dir\"" -mindepth 1 -maxdepth 1 -type f -printf '%f\\n' 2>/dev/null; } | sort"""
app/src/main/java/ohi/andre/consolelauncher/commands/main/raw/tbridge.kt,108,command-review,"target=\""\$1\""; [ -e \""\$target\"" ] || { echo \""not found: \$target\"" >&2; exit 2; }; [ -f \""\$target\"" ] || { echo \""is directory: \$target\"" >&2; exit 3; }; command -v termux-open >/dev/null || { echo \""termux-open missing\"" >&2; exit 4; }; termux-open \""\$target\"" && printf 'opening %s\\n' \""\$target\""","""target=\""\$1\""; [ -e \""\$target\"" ] || { echo \""not found: \$target\"" >&2; exit 2; }; [ -f \""\$target\"" ] || { echo \""is directory: \$target\"" >&2; exit 3; }; command -v termux-open >/dev/null || { echo \""termux-open missing\"" >&2; exit 4; }; termux-open \""\$target\"" && printf 'opening %s\\n' \""\$target\"""""
app/src/main/java/ohi/andre/consolelauncher/commands/main/raw/tbridge.kt,110,command-review,"target=\""\$1\""; [ -e \""\$target\"" ] || { echo \""not found: \$target\"" >&2; exit 2; }; [ -f \""\$target\"" ] || { echo \""is directory: \$target\"" >&2; exit 3; }; if command -v termux-share >/dev/null; then termux-share \""\$target\"" && printf 'sharing %s\\n' \""\$target\""; else echo \""termux-share missing; install Termux:API for share support\"" >&2; exit 4; fi","""target=\""\$1\""; [ -e \""\$target\"" ] || { echo \""not found: \$target\"" >&2; exit 2; }; [ -f \""\$target\"" ] || { echo \""is directory: \$target\"" >&2; exit 3; }; if command -v termux-share >/dev/null; then termux-share \""\$target\"" && printf 'sharing %s\\n' \""\$target\""; else echo \""termux-share missing; install Termux:API for share support\"" >&2; exit 4; fi"""
app/src/main/java/ohi/andre/consolelauncher/commands/main/raw/tbridge.kt,112,command-review,"printf 'termux_home=%s\\n' \""\$HOME\""; printf 'pwd=%s\\n' \""\$PWD\""; command -v find >/dev/null && echo 'find=available' || echo 'find=missing'; [ -d /storage/emulated/0 ] && echo 'shared_storage=visible' || echo 'shared_storage=not_visible'","""printf 'termux_home=%s\\n' \""\$HOME\""; printf 'pwd=%s\\n' \""\$PWD\""; command -v find >/dev/null && echo 'find=available' || echo 'find=missing'; [ -d /storage/emulated/0 ] && echo 'shared_storage=visible' || echo 'shared_storage=not_visible'"""
app/src/main/java/ohi/andre/consolelauncher/commands/main/raw/termux.kt,1,command-review,DEPRECATION,"@file:Suppress(""DEPRECATION"")"
app/src/main/java/ohi/andre/consolelauncher/commands/main/raw/termux.kt,43,command-review,run ,"lower == ""run"" || lower.startsWith(""run "") -> openConsole(pack, stripped)"
app/src/main/java/ohi/andre/consolelauncher/commands/main/raw/termux.kt,46,command-review,app ,"lower == ""app"" || lower.startsWith(""app "") -> {"
app/src/main/java/ohi/andre/consolelauncher/commands/main/raw/tmux.kt,1,command-review,DEPRECATION,"@file:Suppress(""DEPRECATION"")"
app/src/main/java/ohi/andre/consolelauncher/commands/main/raw/vibrate.kt,1,command-review,DEPRECATION,"@file:Suppress(""DEPRECATION"")"
app/src/main/java/ohi/andre/consolelauncher/commands/main/raw/volume.kt,141,command-review,voice call,"""voice"", ""voice call"" -> 0"
app/src/main/java/ohi/andre/consolelauncher/commands/main/raw/wallpaper.kt,131,command-review,wallpaper -auto,"markCompletedCommand(""wallpaper -auto"")"
app/src/main/java/ohi/andre/consolelauncher/commands/main/raw/webhook.kt,242,command-review,application/json; charset=utf-8,"private val JSON: MediaType = ""application/json; charset=utf-8"".toMediaType()"
app/src/main/java/ohi/andre/consolelauncher/commands/main/raw/webhook.kt,243,command-review,text/plain; charset=utf-8,"private val TEXT: MediaType = ""text/plain; charset=utf-8"".toMediaType()"
app/src/main/java/ohi/andre/consolelauncher/commands/main/raw/webhook.kt,319,command-review,"' || c == '\\') {
                    needsQuotes = true
                }
                i++
            }

            if (!needsQuotes) {
                return arg
            }

            val escaped = arg.replace(","if (Character.isWhitespace(c) || c == '""' || c == '\\') {
                    needsQuotes = true
                }
                i++
            }

            if (!needsQuotes) {
                return arg
            }

            val escaped = arg.replace(""\\"", ""\\\\"").replace(""\"""", ""\\\"""")"
app/src/main/java/ohi/andre/consolelauncher/commands/main/raw/widget.kt,16,command-review,module -ls,"""module -ls"""
app/src/main/java/ohi/andre/consolelauncher/commands/main/raw/widget.kt,18,command-review,module $input,"""module $input"""
app/src/main/java/ohi/andre/consolelauncher/commands/main/raw/widget.kt,20,command-review,module -$input,"""module -$input"""
app/src/main/java/ohi/andre/consolelauncher/commands/main/raw/wifi.kt,1,command-review,DEPRECATION,"@file:Suppress(""DEPRECATION"")"
app/src/main/java/ohi/andre/consolelauncher/commands/tuixt/NotesEditorActivity.kt,161,command-review,GestureBackNavigation,"@SuppressLint(""GestureBackNavigation"")"
app/src/main/java/ohi/andre/consolelauncher/commands/tuixt/PinShortcutConfirmActivity.kt,74,command-review,GestureBackNavigation,"@SuppressLint(""GestureBackNavigation"")"
app/src/main/java/ohi/andre/consolelauncher/commands/tuixt/PinShortcutConfirmActivity.kt,214,command-review,shortcut -use @,"addAlias(handle, ""shortcut -use @"" + handle)"
app/src/main/java/ohi/andre/consolelauncher/commands/tuixt/ThemerActivity.kt,918,display-candidate,X,"holder.delete.text = ""X"""
app/src/main/java/ohi/andre/consolelauncher/commands/tuixt/ThemerActivity.kt,939,display-candidate,A,"text = ""A"""
app/src/main/java/ohi/andre/consolelauncher/commands/tuixt/ThemerActivity.kt,966,display-candidate,A,"text = ""A"""
app/src/main/java/ohi/andre/consolelauncher/commands/tuixt/ThemerActivity.kt,978,display-candidate,A,"text = ""A"""
app/src/main/java/ohi/andre/consolelauncher/commands/tuixt/ThemerActivity.kt,1445,command-review,GestureBackNavigation,"@SuppressLint(""GestureBackNavigation"", ""MissingSuperCall"")"
app/src/main/java/ohi/andre/consolelauncher/commands/tuixt/ThemerActivity.kt,1445,command-review,MissingSuperCall,"@SuppressLint(""GestureBackNavigation"", ""MissingSuperCall"")"
app/src/main/java/ohi/andre/consolelauncher/commands/tuixt/ThemerActivity.kt,1689,command-review,TUI-THEMER,"""TUI-THEMER"","
app/src/main/java/ohi/andre/consolelauncher/commands/tuixt/ThemerActivity.kt,1690,command-review,Unable to create fonts folder: ,"""Unable to create fonts folder: "" + fontsDir.getAbsolutePath()"
app/src/main/java/ohi/andre/consolelauncher/commands/tuixt/ThemerActivity.kt,2455,command-review,$label (${app.componentName?.packageName.orEmpty()}),"""$label (${app.componentName?.packageName.orEmpty()})"""
app/src/main/java/ohi/andre/consolelauncher/commands/tuixt/ThemerActivity.kt,2812,command-review,[^A-Za-z0-9._ -],"name = name.trim { it <= ' ' }.replace(""[^A-Za-z0-9._ -]"".toRegex(), ""_"")"
app/src/main/java/ohi/andre/consolelauncher/commands/tuixt/ThemerActivity.kt,3151,command-review,DvilSpawn@gmail.com,"private const val FEEDBACK_EMAIL = ""DvilSpawn@gmail.com"""
app/src/main/java/ohi/andre/consolelauncher/commands/tuixt/TuixtActivity.kt,579,command-review,TUI-ASCII,"Log.i(""TUI-ASCII"", ""onActivityResult request="" + requestCode + "" result="" + resultCode + "" data="" + (data != null))"
app/src/main/java/ohi/andre/consolelauncher/commands/tuixt/TuixtActivity.kt,579,command-review,onActivityResult request=,"Log.i(""TUI-ASCII"", ""onActivityResult request="" + requestCode + "" result="" + resultCode + "" data="" + (data != null))"
app/src/main/java/ohi/andre/consolelauncher/commands/tuixt/TuixtActivity.kt,579,command-review, result=,"Log.i(""TUI-ASCII"", ""onActivityResult request="" + requestCode + "" result="" + resultCode + "" data="" + (data != null))"
app/src/main/java/ohi/andre/consolelauncher/commands/tuixt/TuixtActivity.kt,579,command-review, data=,"Log.i(""TUI-ASCII"", ""onActivityResult request="" + requestCode + "" result="" + resultCode + "" data="" + (data != null))"
app/src/main/java/ohi/andre/consolelauncher/commands/tuixt/TuixtActivity.kt,711,command-review,TUI-ASCII,"Log.w(""TUI-ASCII"", message)"
app/src/main/java/ohi/andre/consolelauncher/commands/tuixt/TuixtActivity.kt,713,command-review,TUI-ASCII,"Log.i(""TUI-ASCII"", message)"
app/src/main/java/ohi/andre/consolelauncher/commands/tuixt/TuixtActivity.kt,718,command-review,GestureBackNavigation,"@SuppressLint(""GestureBackNavigation"")"
app/src/main/java/ohi/andre/consolelauncher/commands/tuixt/TuixtTheme.kt,296,display-candidate,✓ $label,"view.text = if (selected) ""✓ $label"" else label"
app/src/main/java/ohi/andre/consolelauncher/commands/tuixt/WidgetConfigActivity.kt,188,command-review,GestureBackNavigation,"@SuppressLint(""GestureBackNavigation"")"
app/src/main/java/ohi/andre/consolelauncher/commands/tuixt/WidgetEditorActivity.kt,267,command-review,X,"closeRow.addView(button(""X"", false).apply {"
app/src/main/java/ohi/andre/consolelauncher/commands/tuixt/WidgetEditorActivity.kt,415,command-review,GestureBackNavigation,"@SuppressLint(""GestureBackNavigation"")"
app/src/main/java/ohi/andre/consolelauncher/integrations/tasker/RetuiTaskerPlugin.kt,77,review-literal,${regular.themeElement} = ${regular.value},"TaskerIntegrationManager.ACTION_SET_THEME -> ""${regular.themeElement} = ${regular.value}"""
app/src/main/java/ohi/andre/consolelauncher/localization/LanguagePack.kt,22,review-literal,"%(?:(\\d+)\\$)?([-#+ 0,(<]*)(?:\\d+)?(?:\\.\\d+)?([tT][a-zA-Z]|[a-zA-Z%])","private val format = Regex(""%(?:(\\d+)\\$)?([-#+ 0,(<]*)(?:\\d+)?(?:\\.\\d+)?([tT][a-zA-Z]|[a-zA-Z%])"")"
app/src/main/java/ohi/andre/consolelauncher/localization/LanguagePack.kt,30,review-literal,Pack exceeds size limit,"require(out.size() + size <= maximum) { ""Pack exceeds size limit"" }"
app/src/main/java/ohi/andre/consolelauncher/localization/LanguagePack.kt,37,review-literal,Pack exceeds size limit,"require(bytes.size <= MAX_BYTES) { ""Pack exceeds size limit"" }"
app/src/main/java/ohi/andre/consolelauncher/localization/LanguagePack.kt,43,review-literal,LICENSE,"require(!entry.isDirectory && entry.name in setOf(""manifest.json"", ""strings.xml"", ""LICENSE"", ""NOTICE"")) { ""Unexpected archive entry"" }"
app/src/main/java/ohi/andre/consolelauncher/localization/LanguagePack.kt,43,review-literal,NOTICE,"require(!entry.isDirectory && entry.name in setOf(""manifest.json"", ""strings.xml"", ""LICENSE"", ""NOTICE"")) { ""Unexpected archive entry"" }"
app/src/main/java/ohi/andre/consolelauncher/localization/LanguagePack.kt,43,review-literal,Unexpected archive entry,"require(!entry.isDirectory && entry.name in setOf(""manifest.json"", ""strings.xml"", ""LICENSE"", ""NOTICE"")) { ""Unexpected archive entry"" }"
app/src/main/java/ohi/andre/consolelauncher/localization/LanguagePack.kt,44,review-literal,Duplicate archive entry,"require(entry.name !in entries) { ""Duplicate archive entry"" }"
app/src/main/java/ohi/andre/consolelauncher/localization/LanguagePack.kt,48,review-literal,Expanded pack exceeds size limit,"require(total <= MAX_BYTES) { ""Expanded pack exceeds size limit"" }"
app/src/main/java/ohi/andre/consolelauncher/localization/LanguagePack.kt,52,review-literal,Missing manifest.json,"val manifest = JSONObject(decode(requireNotNull(entries[""manifest.json""]) { ""Missing manifest.json"" }))"
app/src/main/java/ohi/andre/consolelauncher/localization/LanguagePack.kt,53,review-literal,Incompatible pack,"require(manifest.getInt(""schema"") == 1 && manifest.getString(""target"") == TARGET) { ""Incompatible pack"" }"
app/src/main/java/ohi/andre/consolelauncher/localization/LanguagePack.kt,55,review-literal,Invalid pack ID,"require(idPattern.matches(id) && id != ""en"") { ""Invalid pack ID"" }"
app/src/main/java/ohi/andre/consolelauncher/localization/LanguagePack.kt,57,review-literal,Invalid locale,"val locale = try { Locale.Builder().setLanguageTag(tag).build() } catch (_: Exception) { throw IllegalArgumentException(""Invalid locale"") }"
app/src/main/java/ohi/andre/consolelauncher/localization/LanguagePack.kt,58,review-literal,Invalid locale,"require(locale.language.isNotBlank() && locale.language != ""und"") { ""Invalid locale"" }"
app/src/main/java/ohi/andre/consolelauncher/localization/LanguagePack.kt,60,review-literal,Invalid direction,"require(direction == ""ltr"" || direction == ""rtl"") { ""Invalid direction"" }"
app/src/main/java/ohi/andre/consolelauncher/localization/LanguagePack.kt,62,review-literal,Invalid version,"require(version > 0) { ""Invalid version"" }"
app/src/main/java/ohi/andre/consolelauncher/localization/LanguagePack.kt,64,review-literal,Invalid label,"require(it.isNotEmpty() && it.length <= 80 && it.none(Char::isISOControl)) { ""Invalid label"" }"
app/src/main/java/ohi/andre/consolelauncher/localization/LanguagePack.kt,66,review-literal,Missing strings.xml,"val texts = parseTexts(decode(requireNotNull(entries[""strings.xml""]) { ""Missing strings.xml"" }), catalog)"
app/src/main/java/ohi/andre/consolelauncher/localization/LanguagePack.kt,67,review-literal,Empty translation,"require(texts.isNotEmpty()) { ""Empty translation"" }"
app/src/main/java/ohi/andre/consolelauncher/localization/LanguagePack.kt,76,review-literal,XML declarations are not allowed,"require(!xml.contains(""<!DOCTYPE"", true) && !xml.contains(""<!ENTITY"", true)) { ""XML declarations are not allowed"" }"
app/src/main/java/ohi/andre/consolelauncher/localization/LanguagePack.kt,80,review-literal,Expected resources,"require(parser.name == ""resources"") { ""Expected resources"" }"
app/src/main/java/ohi/andre/consolelauncher/localization/LanguagePack.kt,84,review-literal,Unsupported resource type,"require(kind == ""string"" || kind == ""plurals"") { ""Unsupported resource type"" }"
app/src/main/java/ohi/andre/consolelauncher/localization/LanguagePack.kt,85,review-literal,Missing resource name,"val key = requireNotNull(parser.getAttributeValue(null, ""name"")) { ""Missing resource name"" }"
app/src/main/java/ohi/andre/consolelauncher/localization/LanguagePack.kt,86,review-literal,"Unknown, protected or duplicate resource: $key","require(key !in result && catalog.has(key)) { ""Unknown, protected or duplicate resource: $key"" }"
app/src/main/java/ohi/andre/consolelauncher/localization/LanguagePack.kt,88,review-literal,Resource type mismatch: $key,"require(definition.getString(""type"") == kind) { ""Resource type mismatch: $key"" }"
app/src/main/java/ohi/andre/consolelauncher/localization/LanguagePack.kt,93,review-literal,Expected plural item,"require(parser.name == ""item"") { ""Expected plural item"" }"
app/src/main/java/ohi/andre/consolelauncher/localization/LanguagePack.kt,95,review-literal,Invalid plural quantity,"require(quantity in quantities && quantity !in forms) { ""Invalid plural quantity"" }"
app/src/main/java/ohi/andre/consolelauncher/localization/LanguagePack.kt,98,review-literal,Missing plural fallback,"require(parser.name == ""plurals"" && ""other"" in forms) { ""Missing plural fallback"" }"
app/src/main/java/ohi/andre/consolelauncher/localization/LanguagePack.kt,100,review-literal,Empty or oversized translation,"require(forms.values.all { it.isNotBlank() && it.length <= 32768 }) { ""Empty or oversized translation"" }"
app/src/main/java/ohi/andre/consolelauncher/localization/LanguagePack.kt,106,review-literal,Format arguments differ: $key,"require(expected == arguments(text)) { ""Format arguments differ: $key"" }"
app/src/main/java/ohi/andre/consolelauncher/localization/LanguagePack.kt,117,review-literal,Formatted text exceeds limit,"require(String.format(Locale.ROOT, text, *args).length <= 65536) { ""Formatted text exceeds limit"" }"
app/src/main/java/ohi/andre/consolelauncher/localization/LanguagePack.kt,122,review-literal,Invalid resources end,"require(parser.name == ""resources"") { ""Invalid resources end"" }"
app/src/main/java/ohi/andre/consolelauncher/localization/LanguagePack.kt,124,review-literal,Unexpected trailing XML,"require(parser.eventType == XmlPullParser.COMMENT || (parser.eventType == XmlPullParser.TEXT && parser.isWhitespace)) { ""Unexpected trailing XML"" }"
app/src/main/java/ohi/andre/consolelauncher/localization/LanguagePack.kt,138,review-literal,Invalid format token,"require(match != null && match.range.first == percent) { ""Invalid format token"" }"
app/src/main/java/ohi/andre/consolelauncher/localization/LanguagePack.kt,139,review-literal,Format width exceeds limit,"require(Regex(""\\d+"").findAll(match.value).all { (it.value.toLongOrNull() ?: Long.MAX_VALUE) <= 4096 }) { ""Format width exceeds limit"" }"
app/src/main/java/ohi/andre/consolelauncher/localization/LanguagePack.kt,141,review-literal,S,"require(kind in setOf(""s"", ""S"", ""d"", ""o"", ""x"", ""X"", ""f"", ""e"", ""E"", ""g"", ""G"", ""a"", ""A"", ""b"", ""B"", ""c"", ""C"", ""h"", ""H"", ""%"", ""n"") || kind.matches(Regex(""[tT][HIklMSLNpzZsQBbhAaCYyjmdeRTrDFc]""))) { ""Unsupported format token"" }"
app/src/main/java/ohi/andre/consolelauncher/localization/LanguagePack.kt,141,review-literal,X,"require(kind in setOf(""s"", ""S"", ""d"", ""o"", ""x"", ""X"", ""f"", ""e"", ""E"", ""g"", ""G"", ""a"", ""A"", ""b"", ""B"", ""c"", ""C"", ""h"", ""H"", ""%"", ""n"") || kind.matches(Regex(""[tT][HIklMSLNpzZsQBbhAaCYyjmdeRTrDFc]""))) { ""Unsupported format token"" }"
app/src/main/java/ohi/andre/consolelauncher/localization/LanguagePack.kt,141,review-literal,E,"require(kind in setOf(""s"", ""S"", ""d"", ""o"", ""x"", ""X"", ""f"", ""e"", ""E"", ""g"", ""G"", ""a"", ""A"", ""b"", ""B"", ""c"", ""C"", ""h"", ""H"", ""%"", ""n"") || kind.matches(Regex(""[tT][HIklMSLNpzZsQBbhAaCYyjmdeRTrDFc]""))) { ""Unsupported format token"" }"
app/src/main/java/ohi/andre/consolelauncher/localization/LanguagePack.kt,141,review-literal,G,"require(kind in setOf(""s"", ""S"", ""d"", ""o"", ""x"", ""X"", ""f"", ""e"", ""E"", ""g"", ""G"", ""a"", ""A"", ""b"", ""B"", ""c"", ""C"", ""h"", ""H"", ""%"", ""n"") || kind.matches(Regex(""[tT][HIklMSLNpzZsQBbhAaCYyjmdeRTrDFc]""))) { ""Unsupported format token"" }"
app/src/main/java/ohi/andre/consolelauncher/localization/LanguagePack.kt,141,review-literal,A,"require(kind in setOf(""s"", ""S"", ""d"", ""o"", ""x"", ""X"", ""f"", ""e"", ""E"", ""g"", ""G"", ""a"", ""A"", ""b"", ""B"", ""c"", ""C"", ""h"", ""H"", ""%"", ""n"") || kind.matches(Regex(""[tT][HIklMSLNpzZsQBbhAaCYyjmdeRTrDFc]""))) { ""Unsupported format token"" }"
app/src/main/java/ohi/andre/consolelauncher/localization/LanguagePack.kt,141,review-literal,B,"require(kind in setOf(""s"", ""S"", ""d"", ""o"", ""x"", ""X"", ""f"", ""e"", ""E"", ""g"", ""G"", ""a"", ""A"", ""b"", ""B"", ""c"", ""C"", ""h"", ""H"", ""%"", ""n"") || kind.matches(Regex(""[tT][HIklMSLNpzZsQBbhAaCYyjmdeRTrDFc]""))) { ""Unsupported format token"" }"
app/src/main/java/ohi/andre/consolelauncher/localization/LanguagePack.kt,141,review-literal,C,"require(kind in setOf(""s"", ""S"", ""d"", ""o"", ""x"", ""X"", ""f"", ""e"", ""E"", ""g"", ""G"", ""a"", ""A"", ""b"", ""B"", ""c"", ""C"", ""h"", ""H"", ""%"", ""n"") || kind.matches(Regex(""[tT][HIklMSLNpzZsQBbhAaCYyjmdeRTrDFc]""))) { ""Unsupported format token"" }"
app/src/main/java/ohi/andre/consolelauncher/localization/LanguagePack.kt,141,review-literal,H,"require(kind in setOf(""s"", ""S"", ""d"", ""o"", ""x"", ""X"", ""f"", ""e"", ""E"", ""g"", ""G"", ""a"", ""A"", ""b"", ""B"", ""c"", ""C"", ""h"", ""H"", ""%"", ""n"") || kind.matches(Regex(""[tT][HIklMSLNpzZsQBbhAaCYyjmdeRTrDFc]""))) { ""Unsupported format token"" }"
app/src/main/java/ohi/andre/consolelauncher/localization/LanguagePack.kt,141,review-literal,Unsupported format token,"require(kind in setOf(""s"", ""S"", ""d"", ""o"", ""x"", ""X"", ""f"", ""e"", ""E"", ""g"", ""G"", ""a"", ""A"", ""b"", ""B"", ""c"", ""C"", ""h"", ""H"", ""%"", ""n"") || kind.matches(Regex(""[tT][HIklMSLNpzZsQBbhAaCYyjmdeRTrDFc]""))) { ""Unsupported format token"" }"
app/src/main/java/ohi/andre/consolelauncher/localization/LanguagePack.kt,142,review-literal,Invalid literal format,"if (kind == ""%"" || kind == ""n"") require(match.value == ""%$kind"") { ""Invalid literal format"" }"
app/src/main/java/ohi/andre/consolelauncher/localization/LanguagePack.kt,146,review-literal,Invalid argument index,"require(index in 1..100) { ""Invalid argument index"" }"
app/src/main/java/ohi/andre/consolelauncher/localization/LanguagePacks.kt,58,review-literal,Older pack version,"require(existing == null || pack.version >= existing.version) { ""Older pack version"" }"
app/src/main/java/ohi/andre/consolelauncher/localization/LanguagePacks.kt,75,review-literal,DEPRECATION,"@Suppress(""DEPRECATION"") it.locale"
app/src/main/java/ohi/andre/consolelauncher/localization/LanguagePacks.kt,123,review-literal,DEPRECATION,"@Suppress(""DEPRECATION"")"
app/src/main/java/ohi/andre/consolelauncher/localization/LocalizedActivities.kt,54,review-literal,DEPRECATION,"@Suppress(""DEPRECATION"")"
app/src/main/java/ohi/andre/consolelauncher/managers/AppsManager.kt,66,review-literal,APPS,"private val NAME = ""APPS"""
app/src/main/java/ohi/andre/consolelauncher/managers/AppsManager.kt,477,review-literal,TUI-APPS,"Log.i(""TUI-APPS"", ""Loaded "" + deduped.size + "" launchable activities"")"
app/src/main/java/ohi/andre/consolelauncher/managers/AppsManager.kt,477,review-literal,Loaded ,"Log.i(""TUI-APPS"", ""Loaded "" + deduped.size + "" launchable activities"")"
app/src/main/java/ohi/andre/consolelauncher/managers/AppsManager.kt,477,review-literal, launchable activities,"Log.i(""TUI-APPS"", ""Loaded "" + deduped.size + "" launchable activities"")"
app/src/main/java/ohi/andre/consolelauncher/managers/AppsManager.kt,515,review-literal,TUI-APPS,"Log.w(""TUI-APPS"", ""Shortcut access denied for "" + li.componentName!!.getPackageName())"
app/src/main/java/ohi/andre/consolelauncher/managers/AppsManager.kt,515,review-literal,Shortcut access denied for ,"Log.w(""TUI-APPS"", ""Shortcut access denied for "" + li.componentName!!.getPackageName())"
app/src/main/java/ohi/andre/consolelauncher/managers/AppsManager.kt,1309,review-literal,", n=","return write() + "" --> "" + publicLabel + "", n="" + launchedTimes"
app/src/main/java/ohi/andre/consolelauncher/managers/BackupManager.kt,107,review-literal,UNUSED_PARAMETER,"@Suppress(""UNUSED_PARAMETER"")"
app/src/main/java/ohi/andre/consolelauncher/managers/BackupManager.kt,291,review-literal,UTF-8,"manifest = manifestOut.toString(""UTF-8"")"
app/src/main/java/ohi/andre/consolelauncher/managers/BackupManager.kt,317,review-literal,Imported preset,"manifestValue(manifest, ""presetName"")?.takeIf { it.isNotBlank() } ?: ""Imported preset"","
app/src/main/java/ohi/andre/consolelauncher/managers/BackupManager.kt,566,review-literal,UTF-8,"zip.write(text.toByteArray(kotlin.text.charset(""UTF-8"")))"
app/src/main/java/ohi/andre/consolelauncher/managers/BackupManager.kt,714,review-literal,AES/GCM/NoPadding,"val cipher = javax.crypto.Cipher.getInstance(""AES/GCM/NoPadding"")"
app/src/main/java/ohi/andre/consolelauncher/managers/BackupManager.kt,765,review-literal,AES/GCM/NoPadding,"val cipher = javax.crypto.Cipher.getInstance(""AES/GCM/NoPadding"")"
app/src/main/java/ohi/andre/consolelauncher/managers/BackupManager.kt,793,review-literal,PBKDF2WithHmacSHA256,"factory = javax.crypto.SecretKeyFactory.getInstance(""PBKDF2WithHmacSHA256"")"
app/src/main/java/ohi/andre/consolelauncher/managers/BackupManager.kt,795,review-literal,PBKDF2WithHmacSHA1,"factory = javax.crypto.SecretKeyFactory.getInstance(""PBKDF2WithHmacSHA1"")"
app/src/main/java/ohi/andre/consolelauncher/managers/BackupManager.kt,797,review-literal,AES,"return javax.crypto.spec.SecretKeySpec(factory.generateSecret(spec).getEncoded(), ""AES"")"
app/src/main/java/ohi/andre/consolelauncher/managers/BackupManager.kt,866,review-literal,UTF-8,"return out.toString(""UTF-8"")"
app/src/main/java/ohi/andre/consolelauncher/managers/BreachManager.kt,51,review-literal,Invalid breach node.,"return PickResult(""Invalid breach node."", false, false)"
app/src/main/java/ohi/andre/consolelauncher/managers/BreachManager.kt,59,review-literal,Breach accepted.,"return PickResult(""Breach accepted."", true, false)"
app/src/main/java/ohi/andre/consolelauncher/managers/BreachManager.kt,64,review-literal,Buffer exhausted.,"return PickResult(""Buffer exhausted."", false, true)"
app/src/main/java/ohi/andre/consolelauncher/managers/BreachManager.kt,77,review-literal,No valid route remains.,"return PickResult(""No valid route remains."", false, true)"
app/src/main/java/ohi/andre/consolelauncher/managers/BreachManager.kt,80,review-literal,Node accepted.,"return PickResult(""Node accepted."", false, false)"
app/src/main/java/ohi/andre/consolelauncher/managers/BreachManager.kt,167,review-literal,BD,"arrayOf(arrayOf(""1C"", ""55""), arrayOf(""7A"", ""BD"")),"
app/src/main/java/ohi/andre/consolelauncher/managers/BreachManager.kt,168,review-literal,BD,"listOf(listOf(""1C"", ""7A"", ""BD"", ""55"")),"
app/src/main/java/ohi/andre/consolelauncher/managers/BreachManager.kt,180,review-literal,BD,"private val TOKEN_POOL = arrayOf(""1C"", ""55"", ""7A"", ""BD"", ""E9"", ""FF"", ""A0"", ""C3"")"
app/src/main/java/ohi/andre/consolelauncher/managers/BreachManager.kt,180,review-literal,E9,"private val TOKEN_POOL = arrayOf(""1C"", ""55"", ""7A"", ""BD"", ""E9"", ""FF"", ""A0"", ""C3"")"
app/src/main/java/ohi/andre/consolelauncher/managers/BreachManager.kt,180,review-literal,FF,"private val TOKEN_POOL = arrayOf(""1C"", ""55"", ""7A"", ""BD"", ""E9"", ""FF"", ""A0"", ""C3"")"
app/src/main/java/ohi/andre/consolelauncher/managers/BreachManager.kt,180,review-literal,A0,"private val TOKEN_POOL = arrayOf(""1C"", ""55"", ""7A"", ""BD"", ""E9"", ""FF"", ""A0"", ""C3"")"
app/src/main/java/ohi/andre/consolelauncher/managers/BreachManager.kt,180,review-literal,C3,"private val TOKEN_POOL = arrayOf(""1C"", ""55"", ""7A"", ""BD"", ""E9"", ""FF"", ""A0"", ""C3"")"
app/src/main/java/ohi/andre/consolelauncher/managers/ClockManager.kt,48,review-literal,Timer finished.,"message = ""Timer finished."""
app/src/main/java/ohi/andre/consolelauncher/managers/ClockManager.kt,74,review-literal,"Invalid duration. Use values like 30s, 5m, or 1h.","return ""Invalid duration. Use values like 30s, 5m, or 1h."""
app/src/main/java/ohi/andre/consolelauncher/managers/ClockManager.kt,82,review-literal,Timer started for ,"return ""Timer started for "" + formatDuration(durationMs) + ""."""
app/src/main/java/ohi/andre/consolelauncher/managers/ClockManager.kt,88,review-literal,"Invalid duration. Use values like 30s, 5m, or 1h.","return ""Invalid duration. Use values like 30s, 5m, or 1h."""
app/src/main/java/ohi/andre/consolelauncher/managers/ClockManager.kt,91,review-literal,No running timer to extend.,"return ""No running timer to extend."""
app/src/main/java/ohi/andre/consolelauncher/managers/ClockManager.kt,98,review-literal,Added ,"return ""Added "" + formatDuration(durationMs) + "" to timer."""
app/src/main/java/ohi/andre/consolelauncher/managers/ClockManager.kt,98,review-literal, to timer.,"return ""Added "" + formatDuration(durationMs) + "" to timer."""
app/src/main/java/ohi/andre/consolelauncher/managers/ClockManager.kt,104,review-literal,No timer is running.,"return ""No timer is running."""
app/src/main/java/ohi/andre/consolelauncher/managers/ClockManager.kt,111,review-literal,Timer stopped.,"return ""Timer stopped."""
app/src/main/java/ohi/andre/consolelauncher/managers/ClockManager.kt,118,review-literal,No timer is running.,"return ""No timer is running."""
app/src/main/java/ohi/andre/consolelauncher/managers/ClockManager.kt,120,review-literal,Timer remaining: ,"return ""Timer remaining: "" + formatDuration(this.timerRemainingMillis) + ""."""
app/src/main/java/ohi/andre/consolelauncher/managers/ClockManager.kt,142,review-literal,Stopwatch already running: ,"return ""Stopwatch already running: "" + formatDuration(this.stopwatchElapsedMillis) + ""."""
app/src/main/java/ohi/andre/consolelauncher/managers/ClockManager.kt,149,review-literal,Stopwatch started.,"return ""Stopwatch started."""
app/src/main/java/ohi/andre/consolelauncher/managers/ClockManager.kt,155,review-literal,No stopwatch is running.,"return ""No stopwatch is running."""
app/src/main/java/ohi/andre/consolelauncher/managers/ClockManager.kt,162,review-literal,Stopwatch stopped at ,"return ""Stopwatch stopped at "" + formatDuration(stopwatchBaseElapsed) + ""."""
app/src/main/java/ohi/andre/consolelauncher/managers/ClockManager.kt,171,review-literal,Stopwatch reset.,"return ""Stopwatch reset."""
app/src/main/java/ohi/andre/consolelauncher/managers/ClockManager.kt,178,review-literal,No stopwatch is running.,"return ""No stopwatch is running."""
app/src/main/java/ohi/andre/consolelauncher/managers/ClockManager.kt,180,review-literal,Stopwatch: ,"return ""Stopwatch: "" + formatDuration(this.stopwatchElapsedMillis) + ""."""
app/src/main/java/ohi/andre/consolelauncher/managers/ClockManager.kt,293,review-literal,1h 30m,"check(parseDurationMillisUnchecked(""1h 30m"") == 5400000L)"
app/src/main/java/ohi/andre/consolelauncher/managers/ClockManager.kt,294,review-literal,00h 00m,"check(parseDurationMillisUnchecked(""00h 00m"") == 0L)"
app/src/main/java/ohi/andre/consolelauncher/managers/ClockManager.kt,295,review-literal,1h nope,"check(parseDurationMillisUnchecked(""1h nope"") == -1L)"
app/src/main/java/ohi/andre/consolelauncher/managers/ContactManager.kt,71,review-literal, ASC,"ContactsContract.CommonDataKinds.Phone.DISPLAY_NAME + "" ASC"""
app/src/main/java/ohi/andre/consolelauncher/managers/FirstRunPresetManager.kt,10,review-literal,RETUI-FIRST-RUN,"private const val TAG = ""RETUI-FIRST-RUN"""
app/src/main/java/ohi/andre/consolelauncher/managers/FirstRunPresetManager.kt,26,review-literal,Seeded terminal green first-run colors,"Log.i(TAG, ""Seeded terminal green first-run colors"")"
app/src/main/java/ohi/andre/consolelauncher/managers/FirstRunPresetManager.kt,28,review-literal,Unable to seed first-run colors,"Log.w(TAG, ""Unable to seed first-run colors"", e)"
app/src/main/java/ohi/andre/consolelauncher/managers/FocusFrictionStyle.kt,71,review-literal,DEPRECATION,"@Suppress(""DEPRECATION"")"
app/src/main/java/ohi/andre/consolelauncher/managers/HTMLExtractManager.kt,97,review-literal,User-Agent,"""User-Agent"","
app/src/main/java/ohi/andre/consolelauncher/managers/HTMLExtractManager.kt,99,review-literal,ReTUI-Launcher/${BuildConfig.VERSION_NAME} github.com/DvilSpawn/Re-TUI,"""ReTUI-Launcher/${BuildConfig.VERSION_NAME} github.com/DvilSpawn/Re-TUI"""
app/src/main/java/ohi/andre/consolelauncher/managers/HTMLExtractManager.kt,101,review-literal,Mozilla/5.0 (X11; Ubuntu; Linux x86_64; rv:15.0) Gecko/20100101 Firefox/15.0.1,"""Mozilla/5.0 (X11; Ubuntu; Linux x86_64; rv:15.0) Gecko/20100101 Firefox/15.0.1"""
app/src/main/java/ohi/andre/consolelauncher/managers/HTMLExtractManager.kt,728,review-literal,HTMLEXTRACT,"var NAME: String = ""HTMLEXTRACT"""
app/src/main/java/ohi/andre/consolelauncher/managers/KeyboardShortcutManager.kt,211,review-literal,App,".filterNot(Char::isISOControl).take(64).ifEmpty { ""App"" }"
app/src/main/java/ohi/andre/consolelauncher/managers/LauncherSoundManager.kt,81,review-literal,TUI-SOUND,"Log.d(""TUI-SOUND"", ""Played: ${event.name}"")"
app/src/main/java/ohi/andre/consolelauncher/managers/LauncherSoundManager.kt,81,review-literal,Played: ${event.name},"Log.d(""TUI-SOUND"", ""Played: ${event.name}"")"
app/src/main/java/ohi/andre/consolelauncher/managers/LauncherSoundManager.kt,94,review-literal,TUI-SOUND,"Log.d(""TUI-SOUND"", ""Played: ${event.name}"")"
app/src/main/java/ohi/andre/consolelauncher/managers/LauncherSoundManager.kt,94,review-literal,Played: ${event.name},"Log.d(""TUI-SOUND"", ""Played: ${event.name}"")"
app/src/main/java/ohi/andre/consolelauncher/managers/NotesManager.kt,433,review-literal,NOTES,"const val NAME: String = ""NOTES"""
app/src/main/java/ohi/andre/consolelauncher/managers/PinnedShortcutManager.kt,107,review-literal,Pinned shortcut not found: ,"if (record == null) return ""Pinned shortcut not found: "" + handle"
app/src/main/java/ohi/andre/consolelauncher/managers/PinnedShortcutManager.kt,108,review-literal,Pinned shortcuts require Android 7.1+,"if (Build.VERSION.SDK_INT < Build.VERSION_CODES.N_MR1) return ""Pinned shortcuts require Android 7.1+"""
app/src/main/java/ohi/andre/consolelauncher/managers/PinnedShortcutManager.kt,111,review-literal,Shortcut service unavailable,"if (apps == null) return ""Shortcut service unavailable"""
app/src/main/java/ohi/andre/consolelauncher/managers/PinnedShortcutManager.kt,114,review-literal,Pinned shortcut unavailable: @,"if (info == null) return ""Pinned shortcut unavailable: @"" + record.handle"
app/src/main/java/ohi/andre/consolelauncher/managers/PinnedShortcutManager.kt,121,review-literal,Unable to launch @,"return ""Unable to launch @"" + record.handle + "": "" + e.message"
app/src/main/java/ohi/andre/consolelauncher/managers/PresetManager.kt,147,review-literal,"^[A-Za-z0-9 !#$%&()*+,./:;<=>?@\\[\\]^_{|}~-]{0,24}$","private val SAFE_PROMPT_PREFIX = Regex(""^[A-Za-z0-9 !#$%&()*+,./:;<=>?@\\[\\]^_{|}~-]{0,24}$"")"
app/src/main/java/ohi/andre/consolelauncher/managers/PresetManager.kt,220,review-literal,Saved preset not found,"require(folder.isDirectory || file.isFile) { ""Saved preset not found"" }"
app/src/main/java/ohi/andre/consolelauncher/managers/PresetManager.kt,222,review-literal,Unable to remove preset,"if (file.exists() && !file.delete()) throw IllegalStateException(""Unable to remove preset"")"
app/src/main/java/ohi/andre/consolelauncher/managers/PresetManager.kt,223,review-literal,Unable to remove preset,"check(!folder.exists()) { ""Unable to remove preset"" }"
app/src/main/java/ohi/andre/consolelauncher/managers/PresetManager.kt,228,review-literal,Only saved presets can be duplicated,"require(!isBuiltInPreset(sourceName)) { ""Only saved presets can be duplicated"" }"
app/src/main/java/ohi/andre/consolelauncher/managers/PresetManager.kt,235,review-literal,Saved preset not found,"require(source.isDirectory) { ""Saved preset not found"" }"
app/src/main/java/ohi/andre/consolelauncher/managers/PresetManager.kt,238,review-literal,Preset already exists,"require(!containsIgnoreCase(listAllPresetNames(), targetName)) { ""Preset already exists"" }"
app/src/main/java/ohi/andre/consolelauncher/managers/PresetManager.kt,245,review-literal,Saved preset not found,"require(source.isDirectory) { ""Saved preset not found"" }"
app/src/main/java/ohi/andre/consolelauncher/managers/PresetManager.kt,246,review-literal,Preset already exists,"require(!target.exists()) { ""Preset already exists"" }"
app/src/main/java/ohi/andre/consolelauncher/managers/PresetManager.kt,269,review-literal,$base ($suffix),"cleanName = ""$base ($suffix)"""
app/src/main/java/ohi/andre/consolelauncher/managers/PresetManager.kt,273,review-literal,Unable to create preset folder,"check(presetFolder.mkdirs()) { ""Unable to create preset folder"" }"
app/src/main/java/ohi/andre/consolelauncher/managers/PresetManager.kt,305,review-literal,Active behavior settings are missing,"require(source.isFile) { ""Active behavior settings are missing"" }"
app/src/main/java/ohi/andre/consolelauncher/managers/PresetManager.kt,325,review-literal,Preset not found,"throw IllegalArgumentException(""Preset not found"")"
app/src/main/java/ohi/andre/consolelauncher/managers/PresetManager.kt,330,review-literal,Preset is incomplete,"require(!(!presetTheme.isFile() || !presetSuggestions.isFile())) { ""Preset is incomplete"" }"
app/src/main/java/ohi/andre/consolelauncher/managers/PresetManager.kt,358,review-literal,Preset not found,"require(presetFolder.isDirectory()) { ""Preset not found"" }"
app/src/main/java/ohi/andre/consolelauncher/managers/PresetManager.kt,362,review-literal,Preset is incomplete,"require(!(!presetTheme.isFile() || !presetSuggestions.isFile())) { ""Preset is incomplete"" }"
app/src/main/java/ohi/andre/consolelauncher/managers/PresetManager.kt,384,review-literal,Preset package not found,"require(packageFile.isFile()) { ""Preset package not found"" }"
app/src/main/java/ohi/andre/consolelauncher/managers/PresetManager.kt,461,review-literal,Unable to create import folder,"check(tempFolder.mkdirs()) { ""Unable to create import folder"" }"
app/src/main/java/ohi/andre/consolelauncher/managers/PresetManager.kt,468,review-literal,Unable to create preset folder,"check(!(!presetFolder.exists() && !presetFolder.mkdirs())) { ""Unable to create preset folder"" }"
app/src/main/java/ohi/andre/consolelauncher/managers/PresetManager.kt,571,review-literal,Preset package file too large,"require(total <= MAX_ENTRY_BYTES * PRESET_XML_FILES.size + 64 * 1024) { ""Preset package file too large"" }"
app/src/main/java/ohi/andre/consolelauncher/managers/PresetManager.kt,595,review-literal,Invalid preset XML: ${file.name},"require(root?.nodeName == XMLPrefsRoot.BEHAVIOR.name) { ""Invalid preset XML: ${file.name}"" }"
app/src/main/java/ohi/andre/consolelauncher/managers/PresetManager.kt,602,review-literal,Duplicate preset setting: ${setting.label()},"require(values.put(setting, value) == null) { ""Duplicate preset setting: ${setting.label()}"" }"
app/src/main/java/ohi/andre/consolelauncher/managers/PresetManager.kt,631,review-literal,Invalid preset XML: ${file.name},"require(document.documentElement?.nodeName == root.name) { ""Invalid preset XML: ${file.name}"" }"
app/src/main/java/ohi/andre/consolelauncher/managers/PresetManager.kt,639,review-literal,Duplicate preset setting: ${setting.label()},"require(parsed.put(setting, value) == null) { ""Duplicate preset setting: ${setting.label()}"" }"
app/src/main/java/ohi/andre/consolelauncher/managers/PresetManager.kt,668,review-literal,Unsupported shareable configuration,"else -> throw IllegalArgumentException(""Unsupported shareable configuration"")"
app/src/main/java/ohi/andre/consolelauncher/managers/PresetManager.kt,725,review-literal,Unknown behavior setting selected,"require(labels.all { it in known }) { ""Unknown behavior setting selected"" }"
app/src/main/java/ohi/andre/consolelauncher/managers/PresetManager.kt,869,review-literal,Preset name is required,"requireNotNull(name) { ""Preset name is required"" }"
app/src/main/java/ohi/andre/consolelauncher/managers/PresetManager.kt,875,review-literal,Invalid preset name,") { ""Invalid preset name"" }"
app/src/main/java/ohi/andre/consolelauncher/managers/PresetManager.kt,884,review-literal,Invalid preset name,"require(cleanName.length != 0) { ""Invalid preset name"" }"
app/src/main/java/ohi/andre/consolelauncher/managers/PresetManager.kt,896,review-literal,UTF-8,"zip.write(text.toByteArray(charset(""UTF-8"")))"
app/src/main/java/ohi/andre/consolelauncher/managers/PresetManager.kt,902,review-literal,"  \""type\"": \""retui-preset\"",\n","+ ""  \""type\"": \""retui-preset\"",\n"""
app/src/main/java/ohi/andre/consolelauncher/managers/PresetManager.kt,903,review-literal,"  \""schema\"": 2,\n","+ ""  \""schema\"": 2,\n"""
app/src/main/java/ohi/andre/consolelauncher/managers/PresetManager.kt,904,review-literal,"  \""privacy\"": \""pi-safe\"",\n","+ ""  \""privacy\"": \""pi-safe\"",\n"""
app/src/main/java/ohi/andre/consolelauncher/managers/PresetManager.kt,905,review-literal,"  \""appVersion\"": \""","+ ""  \""appVersion\"": \"""" + jsonEscape(BuildConfig.VERSION_NAME) + ""\""\n"""
app/src/main/java/ohi/andre/consolelauncher/managers/PresetManager.kt,932,review-literal,Unsafe preset package,"require(allowedFrame || !(name.contains(""/"") || name.contains(""\\"") || name.contains(""..""))) { ""Unsafe preset package"" }"
app/src/main/java/ohi/andre/consolelauncher/managers/PresetManager.kt,933,review-literal,Preset package contains duplicate entries,"require(seen.add(name)) { ""Preset package contains duplicate entries"" }"
app/src/main/java/ohi/andre/consolelauncher/managers/PresetManager.kt,936,review-literal,Unsupported preset package file: ,"require(!(!allowedXml && !allowedFrame && MANIFEST_FILE != name)) { ""Unsupported preset package file: "" + name }"
app/src/main/java/ohi/andre/consolelauncher/managers/PresetManager.kt,940,review-literal,Unable to create preset folder,"check(!(parent != null && !parent.exists() && !parent.mkdirs())) { ""Unable to create preset folder"" }"
app/src/main/java/ohi/andre/consolelauncher/managers/PresetManager.kt,948,review-literal,Preset package file too large: ,"require(total <= limit) { ""Preset package file too large: "" + name }"
app/src/main/java/ohi/andre/consolelauncher/managers/PresetManager.kt,965,review-literal,Preset package is incomplete,"require(!(!hasManifest || !required.isEmpty())) { ""Preset package is incomplete"" }"
app/src/main/java/ohi/andre/consolelauncher/managers/PresetManager.kt,987,review-literal,Preset package is incomplete,"require(!(!file.isFile() || file.length() > MAX_ENTRY_BYTES)) { ""Preset package is incomplete"" }"
app/src/main/java/ohi/andre/consolelauncher/managers/PresetManager.kt,989,review-literal,Invalid preset XML: ,"require(doc.documentElement?.nodeName == expectedRoot) { ""Invalid preset XML: "" + file.getName() }"
app/src/main/java/ohi/andre/consolelauncher/managers/PresetManager.kt,993,review-literal,Preset package is incomplete,"require(file.isFile && file.length() <= MAX_ENTRY_BYTES) { ""Preset package is incomplete"" }"
app/src/main/java/ohi/andre/consolelauncher/managers/PresetManager.kt,995,review-literal,Preset XML cannot contain a DOCTYPE,"require(!xml.contains(""<!DOCTYPE"", ignoreCase = true)) { ""Preset XML cannot contain a DOCTYPE"" }"
app/src/main/java/ohi/andre/consolelauncher/managers/PresetManager.kt,1069,review-literal," value=\""",".append("" value=\"""")"
app/src/main/java/ohi/andre/consolelauncher/managers/PresetManager.kt,1071,review-literal,"\"" />\n",".append(""\"" />\n"")"
app/src/main/java/ohi/andre/consolelauncher/managers/RegexManager.kt,26,review-literal,REGEX,"private val ROOT = ""REGEX"""
app/src/main/java/ohi/andre/consolelauncher/managers/RetuiThemeBridge.kt,136,review-literal,TUI-FRAME,"Log.e(""TUI-FRAME"", ""Unable to share ${target.id} frame with $recipientPackage"", error)"
app/src/main/java/ohi/andre/consolelauncher/managers/RetuiThemeBridge.kt,136,review-literal,Unable to share ${target.id} frame with $recipientPackage,"Log.e(""TUI-FRAME"", ""Unable to share ${target.id} frame with $recipientPackage"", error)"
app/src/main/java/ohi/andre/consolelauncher/managers/RssManager.kt,72,review-literal,ReTUI/1.0 Android RSS reader,"private val RSS_USER_AGENT = ""ReTUI/1.0 Android RSS reader"""
app/src/main/java/ohi/andre/consolelauncher/managers/RssManager.kt,76,review-literal,"EEE, d MMM yyyy HH:mm:ss Z","private val defaultRSSDateFormat = SimpleDateFormat(""EEE, d MMM yyyy HH:mm:ss Z"", Locale.US)"
app/src/main/java/ohi/andre/consolelauncher/managers/RssManager.kt,891,review-literal,User-Agent,".header(""User-Agent"", RSS_USER_AGENT)"
app/src/main/java/ohi/andre/consolelauncher/managers/RssManager.kt,892,review-literal,Accept,".header(""Accept"", ""application/rss+xml, application/atom+xml, application/xml, text/xml;q=0.9, */*;q=0.1"")"
app/src/main/java/ohi/andre/consolelauncher/managers/RssManager.kt,892,review-literal,"application/rss+xml, application/atom+xml, application/xml, text/xml;q=0.9, */*;q=0.1",".header(""Accept"", ""application/rss+xml, application/atom+xml, application/xml, text/xml;q=0.9, */*;q=0.1"")"
app/src/main/java/ohi/andre/consolelauncher/managers/RssManager.kt,1084,review-literal,Z,"if (date.endsWith(""Z"")) {"
app/src/main/java/ohi/andre/consolelauncher/managers/RssManager.kt,1100,review-literal,search -u ,"private val OPEN_URL = ""search -u """
app/src/main/java/ohi/andre/consolelauncher/managers/RssManager.kt,1719,review-literal,ID,"const val ID_LABEL = ""ID"""
app/src/main/java/ohi/andre/consolelauncher/managers/RssManager.kt,1721,review-literal,URL,"private const val URL_LABEL = ""URL"""
app/src/main/java/ohi/andre/consolelauncher/managers/RssManager.kt,1722,review-literal,update time,"private const val UPDATE_TIME_LABEL = ""update time"""
app/src/main/java/ohi/andre/consolelauncher/managers/RssManager.kt,1911,review-literal,RSS,"const val NAME: String = ""RSS"""
app/src/main/java/ohi/andre/consolelauncher/managers/SearchProviderManager.kt,189,review-literal,# Re:T-UI search providers,"writer.write(""# Re:T-UI search providers"")"
app/src/main/java/ohi/andre/consolelauncher/managers/SearchProviderManager.kt,191,review-literal,# Format: name=url_template,"writer.write(""# Format: name=url_template"")"
app/src/main/java/ohi/andre/consolelauncher/managers/SearchProviderManager.kt,193,review-literal,# Optional fallback: name=primary_template => fallback_template,"writer.write(""# Optional fallback: name=primary_template => fallback_template"")"
app/src/main/java/ohi/andre/consolelauncher/managers/SearchProviderManager.kt,195,review-literal,"# Tokens: {query}=URL encoded, {query+}=plus encoded, {slug}=spaces_to_underscores, {raw}=unchanged, {url}=open URL","writer.write(""# Tokens: {query}=URL encoded, {query+}=plus encoded, {slug}=spaces_to_underscores, {raw}=unchanged, {url}=open URL"")"
app/src/main/java/ohi/andre/consolelauncher/managers/SpaceManager.kt,26,review-literal,Space 1,"private const val DEFAULT_SPACE_NAME = ""Space 1"""
app/src/main/java/ohi/andre/consolelauncher/managers/SpaceManager.kt,359,review-literal,Unable to create folder: ,"check(dir.exists() || dir.mkdirs()) { ""Unable to create folder: "" + dir.name }"
app/src/main/java/ohi/andre/consolelauncher/managers/SpaceManager.kt,376,review-literal,Unable to prepare Space folder: ,"check(target.renameTo(previous)) { ""Unable to prepare Space folder: "" + target.name }"
app/src/main/java/ohi/andre/consolelauncher/managers/SpaceManager.kt,380,review-literal,Unable to activate Space snapshot: ,"check(staging.renameTo(target)) { ""Unable to activate Space snapshot: "" + target.name }"
app/src/main/java/ohi/andre/consolelauncher/managers/TerminalManager.kt,449,review-literal,su ,"val su = t.toString().startsWith(""su "") || suMode"
app/src/main/java/ohi/andre/consolelauncher/managers/TimeManager.kt,148,review-literal,HH:mm:ss,"segments.add(FormatSegment(SimpleDateFormat(""HH:mm:ss"", Locale.getDefault()), null))"
app/src/main/java/ohi/andre/consolelauncher/managers/TimeManager.kt,198,review-literal,cant span a string!,"Tuils.log(""cant span a string!"", cs.toString())"
app/src/main/java/ohi/andre/consolelauncher/managers/TimeManager.kt,355,review-literal,Zero,"""Zero"", ""One"", ""Two"", ""Three"", ""Four"", ""Five"", ""Six"", ""Seven"", ""Eight"", ""Nine"","
app/src/main/java/ohi/andre/consolelauncher/managers/TimeManager.kt,355,review-literal,One,"""Zero"", ""One"", ""Two"", ""Three"", ""Four"", ""Five"", ""Six"", ""Seven"", ""Eight"", ""Nine"","
app/src/main/java/ohi/andre/consolelauncher/managers/TimeManager.kt,355,review-literal,Two,"""Zero"", ""One"", ""Two"", ""Three"", ""Four"", ""Five"", ""Six"", ""Seven"", ""Eight"", ""Nine"","
app/src/main/java/ohi/andre/consolelauncher/managers/TimeManager.kt,355,review-literal,Three,"""Zero"", ""One"", ""Two"", ""Three"", ""Four"", ""Five"", ""Six"", ""Seven"", ""Eight"", ""Nine"","
app/src/main/java/ohi/andre/consolelauncher/managers/TimeManager.kt,355,review-literal,Four,"""Zero"", ""One"", ""Two"", ""Three"", ""Four"", ""Five"", ""Six"", ""Seven"", ""Eight"", ""Nine"","
app/src/main/java/ohi/andre/consolelauncher/managers/TimeManager.kt,355,review-literal,Five,"""Zero"", ""One"", ""Two"", ""Three"", ""Four"", ""Five"", ""Six"", ""Seven"", ""Eight"", ""Nine"","
app/src/main/java/ohi/andre/consolelauncher/managers/TimeManager.kt,355,review-literal,Six,"""Zero"", ""One"", ""Two"", ""Three"", ""Four"", ""Five"", ""Six"", ""Seven"", ""Eight"", ""Nine"","
app/src/main/java/ohi/andre/consolelauncher/managers/TimeManager.kt,355,review-literal,Seven,"""Zero"", ""One"", ""Two"", ""Three"", ""Four"", ""Five"", ""Six"", ""Seven"", ""Eight"", ""Nine"","
app/src/main/java/ohi/andre/consolelauncher/managers/TimeManager.kt,355,review-literal,Eight,"""Zero"", ""One"", ""Two"", ""Three"", ""Four"", ""Five"", ""Six"", ""Seven"", ""Eight"", ""Nine"","
app/src/main/java/ohi/andre/consolelauncher/managers/TimeManager.kt,355,review-literal,Nine,"""Zero"", ""One"", ""Two"", ""Three"", ""Four"", ""Five"", ""Six"", ""Seven"", ""Eight"", ""Nine"","
app/src/main/java/ohi/andre/consolelauncher/managers/TimeManager.kt,356,review-literal,Ten,"""Ten"", ""Eleven"", ""Twelve"", ""Thirteen"", ""Fourteen"", ""Fifteen"", ""Sixteen"","
app/src/main/java/ohi/andre/consolelauncher/managers/TimeManager.kt,356,review-literal,Eleven,"""Ten"", ""Eleven"", ""Twelve"", ""Thirteen"", ""Fourteen"", ""Fifteen"", ""Sixteen"","
app/src/main/java/ohi/andre/consolelauncher/managers/TimeManager.kt,356,review-literal,Twelve,"""Ten"", ""Eleven"", ""Twelve"", ""Thirteen"", ""Fourteen"", ""Fifteen"", ""Sixteen"","
app/src/main/java/ohi/andre/consolelauncher/managers/TimeManager.kt,356,review-literal,Thirteen,"""Ten"", ""Eleven"", ""Twelve"", ""Thirteen"", ""Fourteen"", ""Fifteen"", ""Sixteen"","
app/src/main/java/ohi/andre/consolelauncher/managers/TimeManager.kt,356,review-literal,Fourteen,"""Ten"", ""Eleven"", ""Twelve"", ""Thirteen"", ""Fourteen"", ""Fifteen"", ""Sixteen"","
app/src/main/java/ohi/andre/consolelauncher/managers/TimeManager.kt,356,review-literal,Fifteen,"""Ten"", ""Eleven"", ""Twelve"", ""Thirteen"", ""Fourteen"", ""Fifteen"", ""Sixteen"","
app/src/main/java/ohi/andre/consolelauncher/managers/TimeManager.kt,356,review-literal,Sixteen,"""Ten"", ""Eleven"", ""Twelve"", ""Thirteen"", ""Fourteen"", ""Fifteen"", ""Sixteen"","
app/src/main/java/ohi/andre/consolelauncher/managers/TimeManager.kt,357,review-literal,Seventeen,"""Seventeen"", ""Eighteen"", ""Nineteen"""
app/src/main/java/ohi/andre/consolelauncher/managers/TimeManager.kt,357,review-literal,Eighteen,"""Seventeen"", ""Eighteen"", ""Nineteen"""
app/src/main/java/ohi/andre/consolelauncher/managers/TimeManager.kt,357,review-literal,Nineteen,"""Seventeen"", ""Eighteen"", ""Nineteen"""
app/src/main/java/ohi/andre/consolelauncher/managers/TimeManager.kt,359,review-literal,Twenty,"private val TENS_WORDS = arrayOf("""", """", ""Twenty"", ""Thirty"", ""Forty"", ""Fifty"")"
app/src/main/java/ohi/andre/consolelauncher/managers/TimeManager.kt,359,review-literal,Thirty,"private val TENS_WORDS = arrayOf("""", """", ""Twenty"", ""Thirty"", ""Forty"", ""Fifty"")"
app/src/main/java/ohi/andre/consolelauncher/managers/TimeManager.kt,359,review-literal,Forty,"private val TENS_WORDS = arrayOf("""", """", ""Twenty"", ""Thirty"", ""Forty"", ""Fifty"")"
app/src/main/java/ohi/andre/consolelauncher/managers/TimeManager.kt,359,review-literal,Fifty,"private val TENS_WORDS = arrayOf("""", """", ""Twenty"", ""Thirty"", ""Forty"", ""Fifty"")"
app/src/main/java/ohi/andre/consolelauncher/managers/TimeManager.kt,378,review-literal,$hour O' Clock,"minute == 0 -> ""$hour O' Clock"""
app/src/main/java/ohi/andre/consolelauncher/managers/TimeManager.kt,379,review-literal,$hour Oh ${numberWord(minute)},"minute < 10 -> ""$hour Oh ${numberWord(minute)}"""
app/src/main/java/ohi/andre/consolelauncher/managers/TimeManager.kt,380,review-literal,$hour ${numberWord(minute)},"else -> ""$hour ${numberWord(minute)}"""
app/src/main/java/ohi/andre/consolelauncher/managers/ToolbarShortcutManager.kt,104,review-literal,Invalid toolbar shortcut slot: $slot,"throw IllegalArgumentException(""Invalid toolbar shortcut slot: $slot"")"
app/src/main/java/ohi/andre/consolelauncher/managers/TuiLocationManager.kt,117,review-literal,MissingPermission,"@SuppressLint(""MissingPermission"")"
app/src/main/java/ohi/andre/consolelauncher/managers/TuiLocationManager.kt,205,review-literal,MissingPermission,"@SuppressLint(""MissingPermission"")"
app/src/main/java/ohi/andre/consolelauncher/managers/TuiLocationManager.kt,253,review-literal,StaticFieldLeak,"@SuppressLint(""StaticFieldLeak"")"
app/src/main/java/ohi/andre/consolelauncher/managers/callback/RetuiCallbackReceiver.kt,1,review-literal,DEPRECATION,"@file:Suppress(""DEPRECATION"")"
app/src/main/java/ohi/andre/consolelauncher/managers/callback/RetuiCallbackReceiver.kt,23,review-literal,Rejected callback without valid token,"Log.w(TAG, ""Rejected callback without valid token"")"
app/src/main/java/ohi/andre/consolelauncher/managers/callback/RetuiCallbackReceiver.kt,29,review-literal,[callback] ,"output(context, ""[callback] "" + safe(intent.getStringExtra(EXTRA_TEXT)))"
app/src/main/java/ohi/andre/consolelauncher/managers/callback/RetuiCallbackReceiver.kt,33,review-literal,[callback notify] ,"output(context, ""[callback notify] "" + joinTitle(title, text))"
app/src/main/java/ohi/andre/consolelauncher/managers/callback/RetuiCallbackReceiver.kt,42,review-literal,[callback module] ,"output(context, ""[callback module] "" + joinTitle(module, text))"
app/src/main/java/ohi/andre/consolelauncher/managers/callback/RetuiCallbackReceiver.kt,44,review-literal,Unsupported callback action: $action,"Log.w(TAG, ""Unsupported callback action: $action"")"
app/src/main/java/ohi/andre/consolelauncher/managers/callback/RetuiCallbackReceiver.kt,45,review-literal,[callback] unsupported action: ,"output(context, ""[callback] unsupported action: "" + safe(action))"
app/src/main/java/ohi/andre/consolelauncher/managers/callback/RetuiCallbackReceiver.kt,57,review-literal,TUI-Callback,"private const val TAG = ""TUI-Callback"""
app/src/main/java/ohi/andre/consolelauncher/managers/callback/RetuiCallbackReceiver.kt,70,review-literal,$title: $text,"return ""$title: $text"""
app/src/main/java/ohi/andre/consolelauncher/managers/file/RetuiFilesContract.kt,26,review-literal,DEPRECATION,"@Suppress(""DEPRECATION"")"
app/src/main/java/ohi/andre/consolelauncher/managers/lua/LuaWidgetEngine.kt,720,review-literal,module -show ,"lastResult.commands.add(RenderAction(label, ""module -show "" + module))"
app/src/main/java/ohi/andre/consolelauncher/managers/lua/LuaWidgetEngine.kt,726,review-literal,module -show ,"addCommandButton(label, ""module -show "" + module)"
app/src/main/java/ohi/andre/consolelauncher/managers/lua/LuaWidgetEngine.kt,989,review-literal,GET,"enqueueHttp(""GET"", stringAt(args, 1, """"), null, null, stringAt(args, 2, """"))"
app/src/main/java/ohi/andre/consolelauncher/managers/lua/LuaWidgetEngine.kt,993,review-literal,DELETE,"enqueueHttp(""DELETE"", stringAt(args, 1, """"), null, null, stringAt(args, 2, """"))"
app/src/main/java/ohi/andre/consolelauncher/managers/lua/LuaWidgetEngine.kt,998,review-literal,POST,"""POST"","
app/src/main/java/ohi/andre/consolelauncher/managers/lua/LuaWidgetEngine.kt,1008,review-literal,PUT,"""PUT"","
app/src/main/java/ohi/andre/consolelauncher/managers/lua/LuaWidgetEngine.kt,1104,review-literal,"state, vars, command_button, module_button","vars.set(""launcher"", LuaValue.valueOf(""state, vars, command_button, module_button""))"
app/src/main/java/ohi/andre/consolelauncher/managers/lua/LuaWidgetEngine.kt,1105,review-literal,"list, find, launch_command, button","vars.set(""apps"", LuaValue.valueOf(""list, find, launch_command, button""))"
app/src/main/java/ohi/andre/consolelauncher/managers/lua/LuaWidgetEngine.kt,1106,review-literal,"view, activity, button","vars.set(""intents"", LuaValue.valueOf(""view, activity, button""))"
app/src/main/java/ohi/andre/consolelauncher/managers/lua/LuaWidgetEngine.kt,1107,review-literal,"use_command, button","vars.set(""shortcuts"", LuaValue.valueOf(""use_command, button""))"
app/src/main/java/ohi/andre/consolelauncher/managers/lua/LuaWidgetEngine.kt,1108,review-literal,"render, button, command_button, module_button, app_button, intent_button, shortcut_button, suggest_action, suggest_command, suggest_module, suggest_text","vars.set(""ui"", LuaValue.valueOf(""render, button, command_button, module_button, app_button, intent_button, shortcut_button, suggest_action, suggest_command, suggest_module, suggest_text""))"
app/src/main/java/ohi/andre/consolelauncher/managers/lua/LuaWidgetEngine.kt,1117,review-literal,module -show ,"addCommandButton(label, ""module -show "" + module)"
app/src/main/java/ohi/andre/consolelauncher/managers/lua/LuaWidgetEngine.kt,1164,review-literal,intent -view ,"LuaValue.valueOf(""intent -view "" + quoteCommandArg(stringArg(args)))"
app/src/main/java/ohi/andre/consolelauncher/managers/lua/LuaWidgetEngine.kt,1168,review-literal,intent -activity -n ,"LuaValue.valueOf(""intent -activity -n "" + quoteCommandArg(stringArg(args)))"
app/src/main/java/ohi/andre/consolelauncher/managers/lua/LuaWidgetEngine.kt,1184,review-literal,shortcut -use ,"val command = StringBuilder(""shortcut -use "")"
app/src/main/java/ohi/andre/consolelauncher/managers/lua/LuaWidgetEngine.kt,1303,review-literal,ReTUI-Lua,"Log.d(""ReTUI-Lua"", id + "": "" + text)"
app/src/main/java/ohi/andre/consolelauncher/managers/lua/LuaWidgetEngine.kt,1342,review-literal,%Y-%m-%d %H:%M:%S,"stringAt(args, 1, ""%Y-%m-%d %H:%M:%S""),"
app/src/main/java/ohi/andre/consolelauncher/managers/lua/LuaWidgetEngine.kt,1657,review-literal,%Y-%m-%d %H:%M:%S,"stringAt(args, 1, ""%Y-%m-%d %H:%M:%S""),"
app/src/main/java/ohi/andre/consolelauncher/managers/lua/LuaWidgetEngine.kt,1673,review-literal,empty url,"handleNetworkError(callbackId, ""empty url"")"
app/src/main/java/ohi/andre/consolelauncher/managers/lua/LuaWidgetEngine.kt,1681,review-literal,POST,"if (""POST"" == method || ""PUT"" == method) {"
app/src/main/java/ohi/andre/consolelauncher/managers/lua/LuaWidgetEngine.kt,1681,review-literal,PUT,"if (""POST"" == method || ""PUT"" == method) {"
app/src/main/java/ohi/andre/consolelauncher/managers/lua/LuaWidgetEngine.kt,1688,review-literal,POST,"if (""POST"" == method) {"
app/src/main/java/ohi/andre/consolelauncher/managers/lua/LuaWidgetEngine.kt,1693,review-literal,DELETE,"} else if (""DELETE"" == method) {"
app/src/main/java/ohi/andre/consolelauncher/managers/lua/LuaWidgetEngine.kt,1824,review-literal,module -action ,"addSuggestionCommand(label, ""module -action "" + id + "" "" + quoteCommandArg(value))"
app/src/main/java/ohi/andre/consolelauncher/managers/lua/LuaWidgetEngine.kt,1832,review-literal,module -show ,"addSuggestionCommand(label, ""module -show "" + module)"
app/src/main/java/ohi/andre/consolelauncher/managers/lua/LuaWidgetEngine.kt,1925,review-literal,shortcut -use ,"val command = StringBuilder(""shortcut -use "")"
app/src/main/java/ohi/andre/consolelauncher/managers/lua/LuaWidgetEngine.kt,1946,review-literal,module -show ,"return if (TextUtils.isEmpty(module)) """" else ""module -show "" + module"
app/src/main/java/ohi/andre/consolelauncher/managers/lua/LuaWidgetEngine.kt,1965,review-literal,shortcut -use ,"val command = StringBuilder(""shortcut -use "")"
app/src/main/java/ohi/andre/consolelauncher/managers/lua/LuaWidgetEngine.kt,1977,review-literal,intent -view ,"return ""intent -view "" + quoteCommandArg(spec.tojstring())"
app/src/main/java/ohi/andre/consolelauncher/managers/lua/LuaWidgetEngine.kt,1985,review-literal,intent -uri ,"return ""intent -uri "" + quoteCommandArg(uri)"
app/src/main/java/ohi/andre/consolelauncher/managers/lua/LuaWidgetEngine.kt,2010,review-literal,intent -view ,"return ""intent -view "" + quoteCommandArg(view)"
app/src/main/java/ohi/andre/consolelauncher/managers/lua/LuaWidgetEngine.kt,2013,review-literal,intent -activity,"val command = StringBuilder(""intent -activity"")"
app/src/main/java/ohi/andre/consolelauncher/managers/lua/LuaWidgetEngine.kt,2015,review-literal, -a ,"command.append("" -a "").append(quoteCommandArg(action))"
app/src/main/java/ohi/andre/consolelauncher/managers/lua/LuaWidgetEngine.kt,2018,review-literal, -d ,"command.append("" -d "").append(quoteCommandArg(view))"
app/src/main/java/ohi/andre/consolelauncher/managers/lua/LuaWidgetEngine.kt,2021,review-literal, -t ,"command.append("" -t "").append(quoteCommandArg(mime))"
app/src/main/java/ohi/andre/consolelauncher/managers/lua/LuaWidgetEngine.kt,2024,review-literal, -p ,"command.append("" -p "").append(quoteCommandArg(pkg))"
app/src/main/java/ohi/andre/consolelauncher/managers/lua/LuaWidgetEngine.kt,2027,review-literal, -n ,"command.append("" -n "").append(quoteCommandArg(component))"
app/src/main/java/ohi/andre/consolelauncher/managers/lua/LuaWidgetEngine.kt,2107,review-literal,"intent -activity -n \""","return ""intent -activity -n \"""" + component.flattenToString().replace(""\"""", """") + ""\"""""
app/src/main/java/ohi/andre/consolelauncher/managers/lua/LuaWidgetEngine.kt,2441,review-literal,WiFi,"table.set(""class"", LuaValue.valueOf(""WiFi""))"
app/src/main/java/ohi/andre/consolelauncher/managers/lua/LuaWidgetEngine.kt,2504,review-literal,unknown error,"result.error = if (message == null) ""unknown error"" else message"
app/src/main/java/ohi/andre/consolelauncher/managers/lua/LuaWidgetEngine.kt,2563,review-literal,module not found: ,"return LuaValue.error(""module not found: "" + name)"
app/src/main/java/ohi/andre/consolelauncher/managers/lua/LuaWidgetEngine.kt,2584,review-literal,text/plain; charset=utf-8,"private val TEXT_MEDIA_TYPE: MediaType? = ""text/plain; charset=utf-8"".toMediaTypeOrNull()"
app/src/main/java/ohi/andre/consolelauncher/managers/lua/LuaWidgetEngine.kt,2593,review-literal,response too large: ,"throw IOException(""response too large: "" + declaredLength + "" bytes"")"
app/src/main/java/ohi/andre/consolelauncher/managers/lua/LuaWidgetEngine.kt,2593,review-literal, bytes,"throw IOException(""response too large: "" + declaredLength + "" bytes"")"
app/src/main/java/ohi/andre/consolelauncher/managers/lua/LuaWidgetEngine.kt,2608,review-literal,response too large: ,"throw IOException(""response too large: "" + total + "" bytes"")"
app/src/main/java/ohi/andre/consolelauncher/managers/lua/LuaWidgetEngine.kt,2608,review-literal, bytes,"throw IOException(""response too large: "" + total + "" bytes"")"
app/src/main/java/ohi/andre/consolelauncher/managers/lua/LuaWidgetEngine.kt,2744,review-literal,MM,".replace(""%m"", ""MM"")"
app/src/main/java/ohi/andre/consolelauncher/managers/lua/LuaWidgetEngine.kt,2746,review-literal,HH,".replace(""%H"", ""HH"")"
app/src/main/java/ohi/andre/consolelauncher/managers/lua/LuaWidgetEngine.kt,2828,review-literal,B,"val units = arrayOf<String?>(""B"", ""KB"", ""MB"", ""GB"", ""TB"")"
app/src/main/java/ohi/andre/consolelauncher/managers/lua/LuaWidgetEngine.kt,2828,review-literal,KB,"val units = arrayOf<String?>(""B"", ""KB"", ""MB"", ""GB"", ""TB"")"
app/src/main/java/ohi/andre/consolelauncher/managers/lua/LuaWidgetEngine.kt,2828,review-literal,MB,"val units = arrayOf<String?>(""B"", ""KB"", ""MB"", ""GB"", ""TB"")"
app/src/main/java/ohi/andre/consolelauncher/managers/lua/LuaWidgetEngine.kt,2828,review-literal,GB,"val units = arrayOf<String?>(""B"", ""KB"", ""MB"", ""GB"", ""TB"")"
app/src/main/java/ohi/andre/consolelauncher/managers/lua/LuaWidgetEngine.kt,2828,review-literal,TB,"val units = arrayOf<String?>(""B"", ""KB"", ""MB"", ""GB"", ""TB"")"
app/src/main/java/ohi/andre/consolelauncher/managers/lua/LuaWidgetEngine.kt,2836,review-literal,%.0f %s,"if (unit == 0) ""%.0f %s"" else ""%.1f %s"","
app/src/main/java/ohi/andre/consolelauncher/managers/lua/LuaWidgetEngine.kt,2836,review-literal,%.1f %s,"if (unit == 0) ""%.0f %s"" else ""%.1f %s"","
app/src/main/java/ohi/andre/consolelauncher/managers/lua/LuaWidgetEngine.kt,2862,review-literal,[^a-zA-Z0-9._ -],"return trimmed.replace(""[^a-zA-Z0-9._ -]"".toRegex(), ""_"")"
app/src/main/java/ohi/andre/consolelauncher/managers/lua/LuaWidgetManager.kt,53,review-literal,Persistent counter using Re:TUI prefs and dock actions,"""Persistent counter using Re:TUI prefs and dock actions"","
app/src/main/java/ohi/andre/consolelauncher/managers/lua/LuaWidgetManager.kt,54,review-literal,"Progress Lua module using Re:TUI prefs, system state, and progress APIs","""Progress Lua module using Re:TUI prefs, system state, and progress APIs"","
app/src/main/java/ohi/andre/consolelauncher/managers/lua/LuaWidgetManager.kt,55,review-literal,Clock Lua module using Re:TUI system helpers,"""Clock Lua module using Re:TUI system helpers"","
app/src/main/java/ohi/andre/consolelauncher/managers/lua/LuaWidgetManager.kt,56,review-literal,Compact and expanded rendering using Re:TUI Lua module state,"""Compact and expanded rendering using Re:TUI Lua module state"","
app/src/main/java/ohi/andre/consolelauncher/managers/lua/LuaWidgetManager.kt,57,review-literal,Active Lua module ticking lifecycle demo,"""Active Lua module ticking lifecycle demo"","
app/src/main/java/ohi/andre/consolelauncher/managers/lua/LuaWidgetManager.kt,58,review-literal,Small standard library demo,"""Small standard library demo"","
app/src/main/java/ohi/andre/consolelauncher/managers/lua/LuaWidgetManager.kt,59,review-literal,Lua suggestion script demo,"""Lua suggestion script demo"","
app/src/main/java/ohi/andre/consolelauncher/managers/lua/LuaWidgetManager.kt,60,review-literal,Preferences helper demo,"""Preferences helper demo"","
app/src/main/java/ohi/andre/consolelauncher/managers/lua/LuaWidgetManager.kt,61,review-literal,Lua module-local file helper demo,"""Lua module-local file helper demo"","
app/src/main/java/ohi/andre/consolelauncher/managers/lua/LuaWidgetManager.kt,62,review-literal,System/platform helper demo,"""System/platform helper demo"","
app/src/main/java/ohi/andre/consolelauncher/managers/lua/LuaWidgetManager.kt,219,review-literal,function on_config,"return code.contains(""function on_config"") || code.contains(""on_config = function"")"
app/src/main/java/ohi/andre/consolelauncher/managers/lua/LuaWidgetManager.kt,219,review-literal,on_config = function,"return code.contains(""function on_config"") || code.contains(""on_config = function"")"
app/src/main/java/ohi/andre/consolelauncher/managers/lua/LuaWidgetManager.kt,230,review-literal,Unknown Lua module: ,"require(exists(normalized)) { ""Unknown Lua module: "" + normalized }"
app/src/main/java/ohi/andre/consolelauncher/managers/lua/LuaWidgetManager.kt,252,review-literal,Lua module id is required,"require(!TextUtils.isEmpty(normalized)) { ""Lua module id is required"" }"
app/src/main/java/ohi/andre/consolelauncher/managers/lua/LuaWidgetManager.kt,265,review-literal,Unable to create Lua module folder,"check(!(!dir.exists() && !dir.mkdirs())) { ""Unable to create Lua module folder"" }"
app/src/main/java/ohi/andre/consolelauncher/managers/lua/LuaWidgetManager.kt,311,review-literal,Timer,"ensureSystemWidget(SYSTEM_TIMER_WIDGET_ID, ""Timer"", systemTimerScript())"
app/src/main/java/ohi/andre/consolelauncher/managers/lua/LuaWidgetManager.kt,335,review-literal,Lua module id is required,"require(!TextUtils.isEmpty(normalized)) { ""Lua module id is required"" }"
app/src/main/java/ohi/andre/consolelauncher/managers/lua/LuaWidgetManager.kt,372,review-literal,Unknown Lua module: ,"require(exists(normalized)) { ""Unknown Lua module: "" + normalized }"
app/src/main/java/ohi/andre/consolelauncher/managers/lua/LuaWidgetManager.kt,387,review-literal,Lua module id is required,"require(!(TextUtils.isEmpty(oldNormalized) || TextUtils.isEmpty(newNormalized))) { ""Lua module id is required"" }"
app/src/main/java/ohi/andre/consolelauncher/managers/lua/LuaWidgetManager.kt,393,review-literal,Unknown Lua module: ,"require(File(oldDir, SCRIPT_FILE).isFile()) { ""Unknown Lua module: "" + oldNormalized }"
app/src/main/java/ohi/andre/consolelauncher/managers/lua/LuaWidgetManager.kt,396,review-literal,Lua module id already exists: ,"require(!newDir.exists()) { ""Lua module id already exists: "" + newNormalized }"
app/src/main/java/ohi/andre/consolelauncher/managers/lua/LuaWidgetManager.kt,398,review-literal,Unable to rename Lua module folder,"check(oldDir.renameTo(newDir)) { ""Unable to rename Lua module folder"" }"
app/src/main/java/ohi/andre/consolelauncher/managers/lua/LuaWidgetManager.kt,408,review-literal,"-- name = \""","return (""-- name = \"""" + title + ""\""\n"""
app/src/main/java/ohi/andre/consolelauncher/managers/lua/LuaWidgetManager.kt,409,review-literal,"-- type = \""module\""\n","+ ""-- type = \""module\""\n"""
app/src/main/java/ohi/andre/consolelauncher/managers/lua/LuaWidgetManager.kt,410,review-literal,"-- retui = \""1\""\n","+ ""-- retui = \""1\""\n"""
app/src/main/java/ohi/andre/consolelauncher/managers/lua/LuaWidgetManager.kt,412,review-literal,local count = 0\n,"+ ""local count = 0\n"""
app/src/main/java/ohi/andre/consolelauncher/managers/lua/LuaWidgetManager.kt,414,review-literal,local function render()\n,"+ ""local function render()\n"""
app/src/main/java/ohi/andre/consolelauncher/managers/lua/LuaWidgetManager.kt,415,review-literal,"    ui:set_title(\""","+ ""    ui:set_title(\"""" + title + ""\"")\n"""
app/src/main/java/ohi/andre/consolelauncher/managers/lua/LuaWidgetManager.kt,416,review-literal,"    ui:show_text(\""Hello from \"" .. \""","+ ""    ui:show_text(\""Hello from \"" .. \"""" + normalized + ""\"" .. \""\\nCount: \"" .. count)\n"""
app/src/main/java/ohi/andre/consolelauncher/managers/lua/LuaWidgetManager.kt,416,review-literal,"\"" .. \""\\nCount: \"" .. count)\n","+ ""    ui:show_text(\""Hello from \"" .. \"""" + normalized + ""\"" .. \""\\nCount: \"" .. count)\n"""
app/src/main/java/ohi/andre/consolelauncher/managers/lua/LuaWidgetManager.kt,417,review-literal,"    ui:suggest_action(\""Increase\"", \""increase\"")\n","+ ""    ui:suggest_action(\""Increase\"", \""increase\"")\n"""
app/src/main/java/ohi/andre/consolelauncher/managers/lua/LuaWidgetManager.kt,418,review-literal,"    ui:suggest_action(\""Reset\"", \""reset\"")\n","+ ""    ui:suggest_action(\""Reset\"", \""reset\"")\n"""
app/src/main/java/ohi/andre/consolelauncher/managers/lua/LuaWidgetManager.kt,421,review-literal,function on_load()\n,"+ ""function on_load()\n"""
app/src/main/java/ohi/andre/consolelauncher/managers/lua/LuaWidgetManager.kt,422,review-literal,    render()\n,"+ ""    render()\n"""
app/src/main/java/ohi/andre/consolelauncher/managers/lua/LuaWidgetManager.kt,425,review-literal,function on_action(action)\n,"+ ""function on_action(action)\n"""
app/src/main/java/ohi/andre/consolelauncher/managers/lua/LuaWidgetManager.kt,426,review-literal,"    if action == \""increase\"" then count = count + 1 end\n","+ ""    if action == \""increase\"" then count = count + 1 end\n"""
app/src/main/java/ohi/andre/consolelauncher/managers/lua/LuaWidgetManager.kt,427,review-literal,"    if action == \""reset\"" then count = 0 end\n","+ ""    if action == \""reset\"" then count = 0 end\n"""
app/src/main/java/ohi/andre/consolelauncher/managers/lua/LuaWidgetManager.kt,428,review-literal,    render()\n,"+ ""    render()\n"""
app/src/main/java/ohi/andre/consolelauncher/managers/lua/LuaWidgetManager.kt,435,review-literal,"-- name = \""","return (""-- name = \"""" + title + ""\""\n"""
app/src/main/java/ohi/andre/consolelauncher/managers/lua/LuaWidgetManager.kt,436,review-literal,"-- type = \""app\""\n","+ ""-- type = \""app\""\n"""
app/src/main/java/ohi/andre/consolelauncher/managers/lua/LuaWidgetManager.kt,437,review-literal,"-- retui = \""1\""\n","+ ""-- retui = \""1\""\n"""
app/src/main/java/ohi/andre/consolelauncher/managers/lua/LuaWidgetManager.kt,439,review-literal,"local prefs = require \""prefs\""\n","+ ""local prefs = require \""prefs\""\n"""
app/src/main/java/ohi/andre/consolelauncher/managers/lua/LuaWidgetManager.kt,441,review-literal,local function ensure()\n,"+ ""local function ensure()\n"""
app/src/main/java/ohi/andre/consolelauncher/managers/lua/LuaWidgetManager.kt,442,review-literal,    if prefs.items == nil then prefs.items = {} end\n,"+ ""    if prefs.items == nil then prefs.items = {} end\n"""
app/src/main/java/ohi/andre/consolelauncher/managers/lua/LuaWidgetManager.kt,445,review-literal,local function trim(value)\n,"+ ""local function trim(value)\n"""
app/src/main/java/ohi/andre/consolelauncher/managers/lua/LuaWidgetManager.kt,446,review-literal,"    return (value or \""\""):gsub(\""^%s+\"", \""\""):gsub(\""%s+$\"", \""\"")\n","+ ""    return (value or \""\""):gsub(\""^%s+\"", \""\""):gsub(\""%s+$\"", \""\"")\n"""
app/src/main/java/ohi/andre/consolelauncher/managers/lua/LuaWidgetManager.kt,449,review-literal,local function render(status)\n,"+ ""local function render(status)\n"""
app/src/main/java/ohi/andre/consolelauncher/managers/lua/LuaWidgetManager.kt,450,review-literal,    ensure()\n,"+ ""    ensure()\n"""
app/src/main/java/ohi/andre/consolelauncher/managers/lua/LuaWidgetManager.kt,451,review-literal,"    ui:set_title(\""","+ ""    ui:set_title(\"""" + title + ""\"")\n"""
app/src/main/java/ohi/andre/consolelauncher/managers/lua/LuaWidgetManager.kt,452,review-literal,    local lines = {}\n,"+ ""    local lines = {}\n"""
app/src/main/java/ohi/andre/consolelauncher/managers/lua/LuaWidgetManager.kt,453,review-literal,"    if status ~= nil and status ~= \""\"" then table.insert(lines, status) end\n","+ ""    if status ~= nil and status ~= \""\"" then table.insert(lines, status) end\n"""
app/src/main/java/ohi/andre/consolelauncher/managers/lua/LuaWidgetManager.kt,454,review-literal,    if #prefs.items == 0 then\n,"+ ""    if #prefs.items == 0 then\n"""
app/src/main/java/ohi/andre/consolelauncher/managers/lua/LuaWidgetManager.kt,455,review-literal,"        table.insert(lines, \""Type a line below and press enter.\"")\n","+ ""        table.insert(lines, \""Type a line below and press enter.\"")\n"""
app/src/main/java/ohi/andre/consolelauncher/managers/lua/LuaWidgetManager.kt,456,review-literal,    else\n,"+ ""    else\n"""
app/src/main/java/ohi/andre/consolelauncher/managers/lua/LuaWidgetManager.kt,457,review-literal,"        for i, item in ipairs(prefs.items) do\n","+ ""        for i, item in ipairs(prefs.items) do\n"""
app/src/main/java/ohi/andre/consolelauncher/managers/lua/LuaWidgetManager.kt,458,review-literal,"            table.insert(lines, i .. \"". \"" .. item)\n","+ ""            table.insert(lines, i .. \"". \"" .. item)\n"""
app/src/main/java/ohi/andre/consolelauncher/managers/lua/LuaWidgetManager.kt,459,review-literal,        end\n,"+ ""        end\n"""
app/src/main/java/ohi/andre/consolelauncher/managers/lua/LuaWidgetManager.kt,460,review-literal,    end\n,"+ ""    end\n"""
app/src/main/java/ohi/andre/consolelauncher/managers/lua/LuaWidgetManager.kt,461,review-literal,    ui:show_lines(lines)\n,"+ ""    ui:show_lines(lines)\n"""
app/src/main/java/ohi/andre/consolelauncher/managers/lua/LuaWidgetManager.kt,462,review-literal,"    ui:show_action(\""Clear\"", \""clear\"")\n","+ ""    ui:show_action(\""Clear\"", \""clear\"")\n"""
app/src/main/java/ohi/andre/consolelauncher/managers/lua/LuaWidgetManager.kt,465,review-literal,function on_open()\n,"+ ""function on_open()\n"""
app/src/main/java/ohi/andre/consolelauncher/managers/lua/LuaWidgetManager.kt,466,review-literal,    render()\n,"+ ""    render()\n"""
app/src/main/java/ohi/andre/consolelauncher/managers/lua/LuaWidgetManager.kt,469,review-literal,function on_resume()\n,"+ ""function on_resume()\n"""
app/src/main/java/ohi/andre/consolelauncher/managers/lua/LuaWidgetManager.kt,470,review-literal,    render()\n,"+ ""    render()\n"""
app/src/main/java/ohi/andre/consolelauncher/managers/lua/LuaWidgetManager.kt,473,review-literal,function on_input(text)\n,"+ ""function on_input(text)\n"""
app/src/main/java/ohi/andre/consolelauncher/managers/lua/LuaWidgetManager.kt,474,review-literal,    local value = trim(text)\n,"+ ""    local value = trim(text)\n"""
app/src/main/java/ohi/andre/consolelauncher/managers/lua/LuaWidgetManager.kt,475,review-literal,"    if value ~= \""\"" then\n","+ ""    if value ~= \""\"" then\n"""
app/src/main/java/ohi/andre/consolelauncher/managers/lua/LuaWidgetManager.kt,476,review-literal,        ensure()\n,"+ ""        ensure()\n"""
app/src/main/java/ohi/andre/consolelauncher/managers/lua/LuaWidgetManager.kt,477,review-literal,"        table.insert(prefs.items, value)\n","+ ""        table.insert(prefs.items, value)\n"""
app/src/main/java/ohi/andre/consolelauncher/managers/lua/LuaWidgetManager.kt,478,review-literal,    end\n,"+ ""    end\n"""
app/src/main/java/ohi/andre/consolelauncher/managers/lua/LuaWidgetManager.kt,479,review-literal,"    render(\""input: \"" .. value)\n","+ ""    render(\""input: \"" .. value)\n"""
app/src/main/java/ohi/andre/consolelauncher/managers/lua/LuaWidgetManager.kt,482,review-literal,function on_action(action)\n,"+ ""function on_action(action)\n"""
app/src/main/java/ohi/andre/consolelauncher/managers/lua/LuaWidgetManager.kt,483,review-literal,"    if action == \""clear\"" then prefs.items = {} end\n","+ ""    if action == \""clear\"" then prefs.items = {} end\n"""
app/src/main/java/ohi/andre/consolelauncher/managers/lua/LuaWidgetManager.kt,484,review-literal,    render()\n,"+ ""    render()\n"""
app/src/main/java/ohi/andre/consolelauncher/managers/lua/LuaWidgetManager.kt,509,review-literal,Lua error: ,"appendDirective(out, ""body"", ""Lua error: "" + result.error)"
app/src/main/java/ohi/andre/consolelauncher/managers/lua/LuaWidgetManager.kt,511,review-literal,Stage: ,"appendDirective(out, ""body"", ""Stage: "" + result.errorStage)"
app/src/main/java/ohi/andre/consolelauncher/managers/lua/LuaWidgetManager.kt,518,review-literal,No Lua module output yet.,"appendDirective(out, ""body"", ""No Lua module output yet."")"
app/src/main/java/ohi/andre/consolelauncher/managers/lua/LuaWidgetManager.kt,525,review-literal,module -config ,"appendSuggest(out, ""edit"", ""module -config "" + normalizeId(id))"
app/src/main/java/ohi/andre/consolelauncher/managers/lua/LuaWidgetManager.kt,527,review-literal,edit script,"appendSuggest(out, ""edit script"", ""module -edit "" + normalizeId(id))"
app/src/main/java/ohi/andre/consolelauncher/managers/lua/LuaWidgetManager.kt,527,review-literal,module -edit ,"appendSuggest(out, ""edit script"", ""module -edit "" + normalizeId(id))"
app/src/main/java/ohi/andre/consolelauncher/managers/lua/LuaWidgetManager.kt,529,review-literal,copy error,"appendSuggest(out, ""copy error"", ""module -copy-error "" + normalizeId(id))"
app/src/main/java/ohi/andre/consolelauncher/managers/lua/LuaWidgetManager.kt,529,review-literal,module -copy-error ,"appendSuggest(out, ""copy error"", ""module -copy-error "" + normalizeId(id))"
app/src/main/java/ohi/andre/consolelauncher/managers/lua/LuaWidgetManager.kt,530,review-literal,module -check ,"appendSuggest(out, ""check"", ""module -check "" + normalizeId(id))"
app/src/main/java/ohi/andre/consolelauncher/managers/lua/LuaWidgetManager.kt,531,review-literal,module -disable ,"appendSuggest(out, ""disable"", ""module -disable "" + normalizeId(id))"
app/src/main/java/ohi/andre/consolelauncher/managers/lua/LuaWidgetManager.kt,540,review-literal,Lua module disabled.,"appendDirective(out, ""body"", ""Lua module disabled."")"
app/src/main/java/ohi/andre/consolelauncher/managers/lua/LuaWidgetManager.kt,541,review-literal,module -enable ,"appendSuggest(out, ""enable"", ""module -enable "" + normalized)"
app/src/main/java/ohi/andre/consolelauncher/managers/lua/LuaWidgetManager.kt,542,review-literal,module -check ,"appendSuggest(out, ""check"", ""module -check "" + normalized)"
app/src/main/java/ohi/andre/consolelauncher/managers/lua/LuaWidgetManager.kt,551,review-literal,Lua script approval required.,"appendDirective(out, ""body"", ""Lua script approval required."")"
app/src/main/java/ohi/andre/consolelauncher/managers/lua/LuaWidgetManager.kt,555,review-literal,Permissions: ,"""Permissions: "" + (if (status.requiredPermissions.isEmpty()) ""none"" else TextUtils.join("
app/src/main/java/ohi/andre/consolelauncher/managers/lua/LuaWidgetManager.kt,564,review-literal,Missing metadata: ,"""Missing metadata: "" + TextUtils.join("", "", status.missingDeclarations)"
app/src/main/java/ohi/andre/consolelauncher/managers/lua/LuaWidgetManager.kt,571,review-literal,Unsupported permissions: ,"""Unsupported permissions: "" + TextUtils.join("", "", status.unsupportedPermissions)"
app/src/main/java/ohi/andre/consolelauncher/managers/lua/LuaWidgetManager.kt,575,review-literal,Script changed since last approval.,"appendDirective(out, ""body"", ""Script changed since last approval."")"
app/src/main/java/ohi/andre/consolelauncher/managers/lua/LuaWidgetManager.kt,578,review-literal,module -approve ,"appendSuggest(out, ""approve"", ""module -approve "" + normalized)"
app/src/main/java/ohi/andre/consolelauncher/managers/lua/LuaWidgetManager.kt,580,review-literal,module -check ,"appendSuggest(out, ""check"", ""module -check "" + normalized)"
app/src/main/java/ohi/andre/consolelauncher/managers/lua/LuaWidgetManager.kt,640,review-literal,Unknown Lua module: ,"require(exists(normalized)) { ""Unknown Lua module: "" + normalized }"
app/src/main/java/ohi/andre/consolelauncher/managers/lua/LuaWidgetManager.kt,643,review-literal,Unsupported permissions: ,"""Unsupported permissions: "" + TextUtils.join("
app/src/main/java/ohi/andre/consolelauncher/managers/lua/LuaWidgetManager.kt,649,review-literal,Declare permissions first: ,"""Declare permissions first: "" + TextUtils.join("
app/src/main/java/ohi/andre/consolelauncher/managers/lua/LuaWidgetManager.kt,698,review-literal,Stage: ,"return if (TextUtils.isEmpty(stage)) error else ""Stage: "" + stage + ""\n"" + error"
app/src/main/java/ohi/andre/consolelauncher/managers/lua/LuaWidgetManager.kt,774,review-literal,function on_tick,"|| code.contains(""function on_tick""), ""active-tick"""
app/src/main/java/ohi/andre/consolelauncher/managers/lua/LuaWidgetManager.kt,785,review-literal,"require \""clock\""","capabilities, code.contains(""require \""clock\"""")"
app/src/main/java/ohi/andre/consolelauncher/managers/lua/LuaWidgetManager.kt,786,review-literal,require 'clock',"|| code.contains(""require 'clock'"")"
app/src/main/java/ohi/andre/consolelauncher/managers/lua/LuaWidgetManager.kt,795,review-literal,"require \""apps\""","|| code.contains(""require \""apps\"""")"
app/src/main/java/ohi/andre/consolelauncher/managers/lua/LuaWidgetManager.kt,796,review-literal,require 'apps',"|| code.contains(""require 'apps'"")"
app/src/main/java/ohi/andre/consolelauncher/managers/lua/LuaWidgetManager.kt,802,review-literal,"require \""intents\""","|| code.contains(""require \""intents\"""")"
app/src/main/java/ohi/andre/consolelauncher/managers/lua/LuaWidgetManager.kt,803,review-literal,require 'intents',"|| code.contains(""require 'intents'"")"
app/src/main/java/ohi/andre/consolelauncher/managers/lua/LuaWidgetManager.kt,806,review-literal,intent -,"|| code.contains(""intent -""), ""intents"""
app/src/main/java/ohi/andre/consolelauncher/managers/lua/LuaWidgetManager.kt,810,review-literal,"require \""shortcuts\""","|| code.contains(""require \""shortcuts\"""")"
app/src/main/java/ohi/andre/consolelauncher/managers/lua/LuaWidgetManager.kt,811,review-literal,require 'shortcuts',"|| code.contains(""require 'shortcuts'"")"
app/src/main/java/ohi/andre/consolelauncher/managers/lua/LuaWidgetManager.kt,814,review-literal,shortcut -,"|| code.contains(""shortcut -""), ""shortcuts"""
app/src/main/java/ohi/andre/consolelauncher/managers/lua/LuaWidgetManager.kt,909,review-literal,SHA-256,"val digest = MessageDigest.getInstance(""SHA-256"")"
app/src/main/java/ohi/andre/consolelauncher/managers/lua/LuaWidgetManager.kt,937,review-literal,Lua Module,"return ""Lua Module"""
app/src/main/java/ohi/andre/consolelauncher/managers/lua/LuaWidgetManager.kt,968,review-literal,::suggest ,"out.append(""::suggest "")"
app/src/main/java/ohi/andre/consolelauncher/managers/lua/LuaWidgetManager.kt,970,review-literal, | command | ,".append("" | command | "")"
app/src/main/java/ohi/andre/consolelauncher/managers/lua/LuaWidgetManager.kt,977,review-literal,Unable to create Lua module folder,"check(!(parent != null && !parent.exists() && !parent.mkdirs())) { ""Unable to create Lua module folder"" }"
app/src/main/java/ohi/andre/consolelauncher/managers/lua/LuaWidgetManager.kt,989,review-literal,"-- name = \""Timer\""\n","+ ""-- name = \""Timer\""\n"""
app/src/main/java/ohi/andre/consolelauncher/managers/lua/LuaWidgetManager.kt,990,review-literal,"-- type = \""module\""\n","+ ""-- type = \""module\""\n"""
app/src/main/java/ohi/andre/consolelauncher/managers/lua/LuaWidgetManager.kt,991,review-literal,"-- retui = \""1\""\n","+ ""-- retui = \""1\""\n"""
app/src/main/java/ohi/andre/consolelauncher/managers/lua/LuaWidgetManager.kt,992,review-literal,"-- description = \""System timer module backed by Re:T-UI clock state\""\n","+ ""-- description = \""System timer module backed by Re:T-UI clock state\""\n"""
app/src/main/java/ohi/andre/consolelauncher/managers/lua/LuaWidgetManager.kt,994,review-literal,"local clock = require \""clock\""\n","+ ""local clock = require \""clock\""\n"""
app/src/main/java/ohi/andre/consolelauncher/managers/lua/LuaWidgetManager.kt,995,review-literal,"local fmt = require \""fmt\""\n","+ ""local fmt = require \""fmt\""\n"""
app/src/main/java/ohi/andre/consolelauncher/managers/lua/LuaWidgetManager.kt,997,review-literal,local BAR_WIDTH = 14\n,"+ ""local BAR_WIDTH = 14\n"""
app/src/main/java/ohi/andre/consolelauncher/managers/lua/LuaWidgetManager.kt,999,review-literal,local function ms(value)\n,"+ ""local function ms(value)\n"""
app/src/main/java/ohi/andre/consolelauncher/managers/lua/LuaWidgetManager.kt,1000,review-literal,    local n = tonumber(value or 0) or 0\n,"+ ""    local n = tonumber(value or 0) or 0\n"""
app/src/main/java/ohi/andre/consolelauncher/managers/lua/LuaWidgetManager.kt,1001,review-literal,"    return math.max(0, n)\n","+ ""    return math.max(0, n)\n"""
app/src/main/java/ohi/andre/consolelauncher/managers/lua/LuaWidgetManager.kt,1004,review-literal,local function duration(value)\n,"+ ""local function duration(value)\n"""
app/src/main/java/ohi/andre/consolelauncher/managers/lua/LuaWidgetManager.kt,1005,review-literal,    return clock:format_duration(ms(value))\n,"+ ""    return clock:format_duration(ms(value))\n"""
app/src/main/java/ohi/andre/consolelauncher/managers/lua/LuaWidgetManager.kt,1008,review-literal,"local function pct(elapsed, total)\n","+ ""local function pct(elapsed, total)\n"""
app/src/main/java/ohi/andre/consolelauncher/managers/lua/LuaWidgetManager.kt,1009,review-literal,    if total <= 0 then return 0 end\n,"+ ""    if total <= 0 then return 0 end\n"""
app/src/main/java/ohi/andre/consolelauncher/managers/lua/LuaWidgetManager.kt,1010,review-literal,    return math.floor((elapsed * 100 / total) + 0.5)\n,"+ ""    return math.floor((elapsed * 100 / total) + 0.5)\n"""
app/src/main/java/ohi/andre/consolelauncher/managers/lua/LuaWidgetManager.kt,1013,review-literal,"local function countdown_line(label, state)\n","+ ""local function countdown_line(label, state)\n"""
app/src/main/java/ohi/andre/consolelauncher/managers/lua/LuaWidgetManager.kt,1014,review-literal,    local total = ms(state.total_ms)\n,"+ ""    local total = ms(state.total_ms)\n"""
app/src/main/java/ohi/andre/consolelauncher/managers/lua/LuaWidgetManager.kt,1015,review-literal,    local remaining = ms(state.remaining_ms)\n,"+ ""    local remaining = ms(state.remaining_ms)\n"""
app/src/main/java/ohi/andre/consolelauncher/managers/lua/LuaWidgetManager.kt,1016,review-literal,    if state.running and total > 0 then\n,"+ ""    if state.running and total > 0 then\n"""
app/src/main/java/ohi/andre/consolelauncher/managers/lua/LuaWidgetManager.kt,1017,review-literal,"        ui:add_line(strings.localize(\""lua_builtin_b061094464b9\"", label, fmt.progress_bar(remaining, total, BAR_WIDTH), pct(remaining, total), duration(remaining)))\n","+ ""        ui:add_line(strings.localize(\""lua_builtin_b061094464b9\"", label, fmt.progress_bar(remaining, total, BAR_WIDTH), pct(remaining, total), duration(remaining)))\n"""
app/src/main/java/ohi/andre/consolelauncher/managers/lua/LuaWidgetManager.kt,1018,review-literal,    else\n,"+ ""    else\n"""
app/src/main/java/ohi/andre/consolelauncher/managers/lua/LuaWidgetManager.kt,1019,review-literal,"        ui:add_line(strings.localize(\""lua_builtin_9c3d5197daac\"", label))\n","+ ""        ui:add_line(strings.localize(\""lua_builtin_9c3d5197daac\"", label))\n"""
app/src/main/java/ohi/andre/consolelauncher/managers/lua/LuaWidgetManager.kt,1020,review-literal,    end\n,"+ ""    end\n"""
app/src/main/java/ohi/andre/consolelauncher/managers/lua/LuaWidgetManager.kt,1023,review-literal,local function stopwatch_line(state)\n,"+ ""local function stopwatch_line(state)\n"""
app/src/main/java/ohi/andre/consolelauncher/managers/lua/LuaWidgetManager.kt,1024,review-literal,    local elapsed = ms(state.elapsed_ms)\n,"+ ""    local elapsed = ms(state.elapsed_ms)\n"""
app/src/main/java/ohi/andre/consolelauncher/managers/lua/LuaWidgetManager.kt,1025,review-literal,    if state.running or elapsed > 0 then\n,"+ ""    if state.running or elapsed > 0 then\n"""
app/src/main/java/ohi/andre/consolelauncher/managers/lua/LuaWidgetManager.kt,1026,review-literal,"        ui:add_line(strings.localize(\""lua_builtin_f624afb9f371\"", duration(elapsed)))\n","+ ""        ui:add_line(strings.localize(\""lua_builtin_f624afb9f371\"", duration(elapsed)))\n"""
app/src/main/java/ohi/andre/consolelauncher/managers/lua/LuaWidgetManager.kt,1027,review-literal,    else\n,"+ ""    else\n"""
app/src/main/java/ohi/andre/consolelauncher/managers/lua/LuaWidgetManager.kt,1028,review-literal,"        ui:add_line(strings.localize(\""lua_builtin_0aa811285aa0\""))\n","+ ""        ui:add_line(strings.localize(\""lua_builtin_0aa811285aa0\""))\n"""
app/src/main/java/ohi/andre/consolelauncher/managers/lua/LuaWidgetManager.kt,1029,review-literal,    end\n,"+ ""    end\n"""
app/src/main/java/ohi/andre/consolelauncher/managers/lua/LuaWidgetManager.kt,1032,review-literal,local function pomodoro_line(state)\n,"+ ""local function pomodoro_line(state)\n"""
app/src/main/java/ohi/andre/consolelauncher/managers/lua/LuaWidgetManager.kt,1033,review-literal,"    if state.running and state.type == \""finished\"" then\n","+ ""    if state.running and state.type == \""finished\"" then\n"""
app/src/main/java/ohi/andre/consolelauncher/managers/lua/LuaWidgetManager.kt,1034,review-literal,"        ui:add_line(strings.localize(\""lua_builtin_2a86ca29df01\""))\n","+ ""        ui:add_line(strings.localize(\""lua_builtin_2a86ca29df01\""))\n"""
app/src/main/java/ohi/andre/consolelauncher/managers/lua/LuaWidgetManager.kt,1035,review-literal,    elseif state.running then\n,"+ ""    elseif state.running then\n"""
app/src/main/java/ohi/andre/consolelauncher/managers/lua/LuaWidgetManager.kt,1036,review-literal,"        local label = strings.localize(state.type == \""break\"" and \""lua_builtin_pomodoro_break\"" or \""lua_builtin_pomodoro_focus\"")\n","+ ""        local label = strings.localize(state.type == \""break\"" and \""lua_builtin_pomodoro_break\"" or \""lua_builtin_pomodoro_focus\"")\n"""
app/src/main/java/ohi/andre/consolelauncher/managers/lua/LuaWidgetManager.kt,1037,review-literal,"        countdown_line(label, state)\n","+ ""        countdown_line(label, state)\n"""
app/src/main/java/ohi/andre/consolelauncher/managers/lua/LuaWidgetManager.kt,1038,review-literal,"        if state.task and state.task ~= \""\"" then\n","+ ""        if state.task and state.task ~= \""\"" then\n"""
app/src/main/java/ohi/andre/consolelauncher/managers/lua/LuaWidgetManager.kt,1039,review-literal,"            ui:add_line(strings.localize(\""lua_builtin_c6f9a6dcc58b\"", state.task))\n","+ ""            ui:add_line(strings.localize(\""lua_builtin_c6f9a6dcc58b\"", state.task))\n"""
app/src/main/java/ohi/andre/consolelauncher/managers/lua/LuaWidgetManager.kt,1040,review-literal,        end\n,"+ ""        end\n"""
app/src/main/java/ohi/andre/consolelauncher/managers/lua/LuaWidgetManager.kt,1041,review-literal,    else\n,"+ ""    else\n"""
app/src/main/java/ohi/andre/consolelauncher/managers/lua/LuaWidgetManager.kt,1042,review-literal,"        ui:add_line(strings.localize(\""lua_builtin_8362faf545e2\""))\n","+ ""        ui:add_line(strings.localize(\""lua_builtin_8362faf545e2\""))\n"""
app/src/main/java/ohi/andre/consolelauncher/managers/lua/LuaWidgetManager.kt,1043,review-literal,    end\n,"+ ""    end\n"""
app/src/main/java/ohi/andre/consolelauncher/managers/lua/LuaWidgetManager.kt,1046,review-literal,local function render()\n,"+ ""local function render()\n"""
app/src/main/java/ohi/andre/consolelauncher/managers/lua/LuaWidgetManager.kt,1047,review-literal,"    ui:set_title(strings.localize(\""lua_builtin_9d9cec22f36f\""))\n","+ ""    ui:set_title(strings.localize(\""lua_builtin_9d9cec22f36f\""))\n"""
app/src/main/java/ohi/andre/consolelauncher/managers/lua/LuaWidgetManager.kt,1048,review-literal,"    countdown_line(strings.localize(\""lua_builtin_9d9cec22f36f\""), clock:timer())\n","+ ""    countdown_line(strings.localize(\""lua_builtin_9d9cec22f36f\""), clock:timer())\n"""
app/src/main/java/ohi/andre/consolelauncher/managers/lua/LuaWidgetManager.kt,1049,review-literal,    stopwatch_line(clock:stopwatch())\n,"+ ""    stopwatch_line(clock:stopwatch())\n"""
app/src/main/java/ohi/andre/consolelauncher/managers/lua/LuaWidgetManager.kt,1050,review-literal,    pomodoro_line(clock:pomodoro())\n,"+ ""    pomodoro_line(clock:pomodoro())\n"""
app/src/main/java/ohi/andre/consolelauncher/managers/lua/LuaWidgetManager.kt,1051,review-literal,"    ui:suggest_command(strings.localize(\""lua_builtin_8c1c89354410\""), \""timer 25m\"")\n","+ ""    ui:suggest_command(strings.localize(\""lua_builtin_8c1c89354410\""), \""timer 25m\"")\n"""
app/src/main/java/ohi/andre/consolelauncher/managers/lua/LuaWidgetManager.kt,1052,review-literal,"    ui:suggest_command(strings.localize(\""lua_builtin_c5c27a7c4ac7\""), \""timer -add 5m\"")\n","+ ""    ui:suggest_command(strings.localize(\""lua_builtin_c5c27a7c4ac7\""), \""timer -add 5m\"")\n"""
app/src/main/java/ohi/andre/consolelauncher/managers/lua/LuaWidgetManager.kt,1053,review-literal,"    ui:suggest_command(strings.localize(\""lua_builtin_edf830938e9f\""), \""timer -add 15m\"")\n","+ ""    ui:suggest_command(strings.localize(\""lua_builtin_edf830938e9f\""), \""timer -add 15m\"")\n"""
app/src/main/java/ohi/andre/consolelauncher/managers/lua/LuaWidgetManager.kt,1054,review-literal,"    ui:suggest_command(strings.localize(\""lua_builtin_1b480158e1f3\""), \""timer -stop\"")\n","+ ""    ui:suggest_command(strings.localize(\""lua_builtin_1b480158e1f3\""), \""timer -stop\"")\n"""
app/src/main/java/ohi/andre/consolelauncher/managers/lua/LuaWidgetManager.kt,1055,review-literal,"    ui:suggest_command(strings.localize(\""lua_builtin_48a3661d8464\""), \""timer -status\"")\n","+ ""    ui:suggest_command(strings.localize(\""lua_builtin_48a3661d8464\""), \""timer -status\"")\n"""
app/src/main/java/ohi/andre/consolelauncher/managers/lua/LuaWidgetManager.kt,1056,review-literal,"    ui:suggest_command(strings.localize(\""lua_builtin_292b0901993f\""), \""stopwatch\"")\n","+ ""    ui:suggest_command(strings.localize(\""lua_builtin_292b0901993f\""), \""stopwatch\"")\n"""
app/src/main/java/ohi/andre/consolelauncher/managers/lua/LuaWidgetManager.kt,1057,review-literal,"    ui:suggest_command(strings.localize(\""lua_builtin_7995059422d9\""), \""stopwatch -reset\"")\n","+ ""    ui:suggest_command(strings.localize(\""lua_builtin_7995059422d9\""), \""stopwatch -reset\"")\n"""
app/src/main/java/ohi/andre/consolelauncher/managers/lua/LuaWidgetManager.kt,1058,review-literal,"    ui:suggest_command(strings.localize(\""lua_builtin_539b31b6587e\""), \""pomodoro\"")\n","+ ""    ui:suggest_command(strings.localize(\""lua_builtin_539b31b6587e\""), \""pomodoro\"")\n"""
app/src/main/java/ohi/andre/consolelauncher/managers/lua/LuaWidgetManager.kt,1059,review-literal,"    ui:suggest_command(strings.localize(\""lua_builtin_792c48c79564\""), \""pomodoro -stop\"")\n","+ ""    ui:suggest_command(strings.localize(\""lua_builtin_792c48c79564\""), \""pomodoro -stop\"")\n"""
app/src/main/java/ohi/andre/consolelauncher/managers/lua/LuaWidgetManager.kt,1062,review-literal,function on_load() render() end\n,"+ ""function on_load() render() end\n"""
app/src/main/java/ohi/andre/consolelauncher/managers/lua/LuaWidgetManager.kt,1063,review-literal,function on_resume() render() end\n,"+ ""function on_resume() render() end\n"")"
app/src/main/java/ohi/andre/consolelauncher/managers/lua/LuaWidgetManager.kt,1071,review-literal,Re:TUI Counter,"""Re:TUI Counter"", ("""""
app/src/main/java/ohi/andre/consolelauncher/managers/lua/LuaWidgetManager.kt,1072,review-literal,"-- name = \""Re:TUI Counter\""\n","+ ""-- name = \""Re:TUI Counter\""\n"""
app/src/main/java/ohi/andre/consolelauncher/managers/lua/LuaWidgetManager.kt,1073,review-literal,"-- type = \""module\""\n","+ ""-- type = \""module\""\n"""
app/src/main/java/ohi/andre/consolelauncher/managers/lua/LuaWidgetManager.kt,1074,review-literal,"-- retui = \""1\""\n","+ ""-- retui = \""1\""\n"""
app/src/main/java/ohi/andre/consolelauncher/managers/lua/LuaWidgetManager.kt,1075,review-literal,"-- description = \""Persistent counter using Re:TUI prefs and suggestion actions\""\n","+ ""-- description = \""Persistent counter using Re:TUI prefs and suggestion actions\""\n"""
app/src/main/java/ohi/andre/consolelauncher/managers/lua/LuaWidgetManager.kt,1077,review-literal,"local prefs = require \""prefs\""\n","+ ""local prefs = require \""prefs\""\n"""
app/src/main/java/ohi/andre/consolelauncher/managers/lua/LuaWidgetManager.kt,1079,review-literal,function on_load()\n,"+ ""function on_load()\n"""
app/src/main/java/ohi/andre/consolelauncher/managers/lua/LuaWidgetManager.kt,1080,review-literal,    if prefs.count == nil then prefs.count = 0 end\n,"+ ""    if prefs.count == nil then prefs.count = 0 end\n"""
app/src/main/java/ohi/andre/consolelauncher/managers/lua/LuaWidgetManager.kt,1081,review-literal,    if prefs.step == nil then prefs.step = 1 end\n,"+ ""    if prefs.step == nil then prefs.step = 1 end\n"""
app/src/main/java/ohi/andre/consolelauncher/managers/lua/LuaWidgetManager.kt,1084,review-literal,local function render()\n,"+ ""local function render()\n"""
app/src/main/java/ohi/andre/consolelauncher/managers/lua/LuaWidgetManager.kt,1085,review-literal,"    ui:set_title(strings.localize(\""lua_builtin_232f662d82ef\""))\n","+ ""    ui:set_title(strings.localize(\""lua_builtin_232f662d82ef\""))\n"""
app/src/main/java/ohi/andre/consolelauncher/managers/lua/LuaWidgetManager.kt,1086,review-literal,"    ui:show_text(strings.localize(\""lua_builtin_0eebb3417b5c\"", prefs.count, prefs.step, aio:self_name()))\n","+ ""    ui:show_text(strings.localize(\""lua_builtin_0eebb3417b5c\"", prefs.count, prefs.step, aio:self_name()))\n"""
app/src/main/java/ohi/andre/consolelauncher/managers/lua/LuaWidgetManager.kt,1087,review-literal,"    ui:suggest_action(strings.localize(\""lua_builtin_f168b719cf9f\"", prefs.step), \""inc\"")\n","+ ""    ui:suggest_action(strings.localize(\""lua_builtin_f168b719cf9f\"", prefs.step), \""inc\"")\n"""
app/src/main/java/ohi/andre/consolelauncher/managers/lua/LuaWidgetManager.kt,1088,review-literal,"    ui:suggest_action(strings.localize(\""lua_builtin_16b6ffdf1340\"", prefs.step), \""dec\"")\n","+ ""    ui:suggest_action(strings.localize(\""lua_builtin_16b6ffdf1340\"", prefs.step), \""dec\"")\n"""
app/src/main/java/ohi/andre/consolelauncher/managers/lua/LuaWidgetManager.kt,1089,review-literal,"    ui:suggest_action(strings.localize(\""lua_builtin_44c57abd888a\""), \""reset\"")\n","+ ""    ui:suggest_action(strings.localize(\""lua_builtin_44c57abd888a\""), \""reset\"")\n"""
app/src/main/java/ohi/andre/consolelauncher/managers/lua/LuaWidgetManager.kt,1090,review-literal,"    ui:suggest_action(strings.localize(\""lua_builtin_3d7f56ffea75\""), \""prefs\"")\n","+ ""    ui:suggest_action(strings.localize(\""lua_builtin_3d7f56ffea75\""), \""prefs\"")\n"""
app/src/main/java/ohi/andre/consolelauncher/managers/lua/LuaWidgetManager.kt,1093,review-literal,function on_resume() render() end\n,"+ ""function on_resume() render() end\n"""
app/src/main/java/ohi/andre/consolelauncher/managers/lua/LuaWidgetManager.kt,1095,review-literal,function on_action(action)\n,"+ ""function on_action(action)\n"""
app/src/main/java/ohi/andre/consolelauncher/managers/lua/LuaWidgetManager.kt,1096,review-literal,"    if action == \""inc\"" then prefs.count = prefs.count + prefs.step end\n","+ ""    if action == \""inc\"" then prefs.count = prefs.count + prefs.step end\n"""
app/src/main/java/ohi/andre/consolelauncher/managers/lua/LuaWidgetManager.kt,1097,review-literal,"    if action == \""dec\"" then prefs.count = prefs.count - prefs.step end\n","+ ""    if action == \""dec\"" then prefs.count = prefs.count - prefs.step end\n"""
app/src/main/java/ohi/andre/consolelauncher/managers/lua/LuaWidgetManager.kt,1098,review-literal,"    if action == \""reset\"" then prefs.count = 0 end\n","+ ""    if action == \""reset\"" then prefs.count = 0 end\n"""
app/src/main/java/ohi/andre/consolelauncher/managers/lua/LuaWidgetManager.kt,1099,review-literal,"    if action == \""prefs\"" then prefs:show_dialog() else render() end\n","+ ""    if action == \""prefs\"" then prefs:show_dialog() else render() end\n"""
app/src/main/java/ohi/andre/consolelauncher/managers/lua/LuaWidgetManager.kt,1105,review-literal,Re:TUI Progress,"""Re:TUI Progress"", ("""""
app/src/main/java/ohi/andre/consolelauncher/managers/lua/LuaWidgetManager.kt,1106,review-literal,"-- name = \""Re:TUI Progress\""\n","+ ""-- name = \""Re:TUI Progress\""\n"""
app/src/main/java/ohi/andre/consolelauncher/managers/lua/LuaWidgetManager.kt,1107,review-literal,"-- type = \""module\""\n","+ ""-- type = \""module\""\n"""
app/src/main/java/ohi/andre/consolelauncher/managers/lua/LuaWidgetManager.kt,1108,review-literal,"-- retui = \""1\""\n","+ ""-- retui = \""1\""\n"""
app/src/main/java/ohi/andre/consolelauncher/managers/lua/LuaWidgetManager.kt,1109,review-literal,"-- description = \""Progress Lua module using Re:TUI prefs, system state, and progress APIs\""\n","+ ""-- description = \""Progress Lua module using Re:TUI prefs, system state, and progress APIs\""\n"""
app/src/main/java/ohi/andre/consolelauncher/managers/lua/LuaWidgetManager.kt,1111,review-literal,"local prefs = require \""prefs\""\n","+ ""local prefs = require \""prefs\""\n"""
app/src/main/java/ohi/andre/consolelauncher/managers/lua/LuaWidgetManager.kt,1113,review-literal,function on_load()\n,"+ ""function on_load()\n"""
app/src/main/java/ohi/andre/consolelauncher/managers/lua/LuaWidgetManager.kt,1114,review-literal,    if prefs.progress == nil then prefs.progress = 50 end\n,"+ ""    if prefs.progress == nil then prefs.progress = 50 end\n"""
app/src/main/java/ohi/andre/consolelauncher/managers/lua/LuaWidgetManager.kt,1115,review-literal,    if prefs.step == nil then prefs.step = 10 end\n,"+ ""    if prefs.step == nil then prefs.step = 10 end\n"""
app/src/main/java/ohi/andre/consolelauncher/managers/lua/LuaWidgetManager.kt,1118,review-literal,local function render()\n,"+ ""local function render()\n"""
app/src/main/java/ohi/andre/consolelauncher/managers/lua/LuaWidgetManager.kt,1119,review-literal,    local battery = system:battery_info()\n,"+ ""    local battery = system:battery_info()\n"""
app/src/main/java/ohi/andre/consolelauncher/managers/lua/LuaWidgetManager.kt,1120,review-literal,"    ui:set_title(strings.localize(\""lua_builtin_30ee2b094f6a\""))\n","+ ""    ui:set_title(strings.localize(\""lua_builtin_30ee2b094f6a\""))\n"""
app/src/main/java/ohi/andre/consolelauncher/managers/lua/LuaWidgetManager.kt,1121,review-literal,"    ui:show_text(strings.localize(\""lua_builtin_b52af31ecd75\"", prefs.progress, battery.percent))\n","+ ""    ui:show_text(strings.localize(\""lua_builtin_b52af31ecd75\"", prefs.progress, battery.percent))\n"""
app/src/main/java/ohi/andre/consolelauncher/managers/lua/LuaWidgetManager.kt,1122,review-literal,"    ui:show_progress_bar(strings.localize(\""lua_builtin_df5493c10c23\""), prefs.progress, 100, 14)\n","+ ""    ui:show_progress_bar(strings.localize(\""lua_builtin_df5493c10c23\""), prefs.progress, 100, 14)\n"""
app/src/main/java/ohi/andre/consolelauncher/managers/lua/LuaWidgetManager.kt,1123,review-literal,    ui:set_progress(prefs.progress)\n,"+ ""    ui:set_progress(prefs.progress)\n"""
app/src/main/java/ohi/andre/consolelauncher/managers/lua/LuaWidgetManager.kt,1124,review-literal,"    ui:suggest_action(strings.localize(\""lua_builtin_f168b719cf9f\"", prefs.step), \""inc\"")\n","+ ""    ui:suggest_action(strings.localize(\""lua_builtin_f168b719cf9f\"", prefs.step), \""inc\"")\n"""
app/src/main/java/ohi/andre/consolelauncher/managers/lua/LuaWidgetManager.kt,1125,review-literal,"    ui:suggest_action(strings.localize(\""lua_builtin_16b6ffdf1340\"", prefs.step), \""dec\"")\n","+ ""    ui:suggest_action(strings.localize(\""lua_builtin_16b6ffdf1340\"", prefs.step), \""dec\"")\n"""
app/src/main/java/ohi/andre/consolelauncher/managers/lua/LuaWidgetManager.kt,1126,review-literal,"    ui:suggest_action(strings.localize(\""lua_builtin_44c57abd888a\""), \""reset\"")\n","+ ""    ui:suggest_action(strings.localize(\""lua_builtin_44c57abd888a\""), \""reset\"")\n"""
app/src/main/java/ohi/andre/consolelauncher/managers/lua/LuaWidgetManager.kt,1127,review-literal,"    ui:suggest_action(strings.localize(\""lua_builtin_3d7f56ffea75\""), \""prefs\"")\n","+ ""    ui:suggest_action(strings.localize(\""lua_builtin_3d7f56ffea75\""), \""prefs\"")\n"""
app/src/main/java/ohi/andre/consolelauncher/managers/lua/LuaWidgetManager.kt,1130,review-literal,function on_resume() render() end\n,"+ ""function on_resume() render() end\n"""
app/src/main/java/ohi/andre/consolelauncher/managers/lua/LuaWidgetManager.kt,1132,review-literal,function on_action(action)\n,"+ ""function on_action(action)\n"""
app/src/main/java/ohi/andre/consolelauncher/managers/lua/LuaWidgetManager.kt,1133,review-literal,"    if action == \""inc\"" then prefs.progress = math.min(100, prefs.progress + prefs.step) end\n","+ ""    if action == \""inc\"" then prefs.progress = math.min(100, prefs.progress + prefs.step) end\n"""
app/src/main/java/ohi/andre/consolelauncher/managers/lua/LuaWidgetManager.kt,1134,review-literal,"    if action == \""dec\"" then prefs.progress = math.max(0, prefs.progress - prefs.step) end\n","+ ""    if action == \""dec\"" then prefs.progress = math.max(0, prefs.progress - prefs.step) end\n"""
app/src/main/java/ohi/andre/consolelauncher/managers/lua/LuaWidgetManager.kt,1135,review-literal,"    if action == \""reset\"" then prefs.progress = 50 end\n","+ ""    if action == \""reset\"" then prefs.progress = 50 end\n"""
app/src/main/java/ohi/andre/consolelauncher/managers/lua/LuaWidgetManager.kt,1136,review-literal,"    if action == \""prefs\"" then prefs:show_dialog() else render() end\n","+ ""    if action == \""prefs\"" then prefs:show_dialog() else render() end\n"""
app/src/main/java/ohi/andre/consolelauncher/managers/lua/LuaWidgetManager.kt,1142,review-literal,Re:TUI Clock,"""Re:TUI Clock"", ("""""
app/src/main/java/ohi/andre/consolelauncher/managers/lua/LuaWidgetManager.kt,1143,review-literal,"-- name = \""Re:TUI Clock\""\n","+ ""-- name = \""Re:TUI Clock\""\n"""
app/src/main/java/ohi/andre/consolelauncher/managers/lua/LuaWidgetManager.kt,1144,review-literal,"-- type = \""module\""\n","+ ""-- type = \""module\""\n"""
app/src/main/java/ohi/andre/consolelauncher/managers/lua/LuaWidgetManager.kt,1145,review-literal,"-- retui = \""1\""\n","+ ""-- retui = \""1\""\n"""
app/src/main/java/ohi/andre/consolelauncher/managers/lua/LuaWidgetManager.kt,1146,review-literal,"-- permissions = \""clipboard,vibrate\""\n","+ ""-- permissions = \""clipboard,vibrate\""\n"""
app/src/main/java/ohi/andre/consolelauncher/managers/lua/LuaWidgetManager.kt,1147,review-literal,"-- description = \""Clock Lua module using Re:TUI system helpers\""\n","+ ""-- description = \""Clock Lua module using Re:TUI system helpers\""\n"""
app/src/main/java/ohi/andre/consolelauncher/managers/lua/LuaWidgetManager.kt,1149,review-literal,"local prefs = require \""prefs\""\n","+ ""local prefs = require \""prefs\""\n"""
app/src/main/java/ohi/andre/consolelauncher/managers/lua/LuaWidgetManager.kt,1151,review-literal,function on_load()\n,"+ ""function on_load()\n"""
app/src/main/java/ohi/andre/consolelauncher/managers/lua/LuaWidgetManager.kt,1152,review-literal,    if prefs.refreshes == nil then prefs.refreshes = 0 end\n,"+ ""    if prefs.refreshes == nil then prefs.refreshes = 0 end\n"""
app/src/main/java/ohi/andre/consolelauncher/managers/lua/LuaWidgetManager.kt,1155,review-literal,local function render()\n,"+ ""local function render()\n"""
app/src/main/java/ohi/andre/consolelauncher/managers/lua/LuaWidgetManager.kt,1156,review-literal,    prefs.refreshes = prefs.refreshes + 1\n,"+ ""    prefs.refreshes = prefs.refreshes + 1\n"""
app/src/main/java/ohi/andre/consolelauncher/managers/lua/LuaWidgetManager.kt,1157,review-literal,    local battery = system:battery_info()\n,"+ ""    local battery = system:battery_info()\n"""
app/src/main/java/ohi/andre/consolelauncher/managers/lua/LuaWidgetManager.kt,1158,review-literal,    local network = system:network_state()\n,"+ ""    local network = system:network_state()\n"""
app/src/main/java/ohi/andre/consolelauncher/managers/lua/LuaWidgetManager.kt,1159,review-literal,"    ui:set_title(strings.localize(\""lua_builtin_eee5eb604781\""))\n","+ ""    ui:set_title(strings.localize(\""lua_builtin_eee5eb604781\""))\n"""
app/src/main/java/ohi/andre/consolelauncher/managers/lua/LuaWidgetManager.kt,1160,review-literal,    ui:show_kv({\n,"+ ""    ui:show_kv({\n"""
app/src/main/java/ohi/andre/consolelauncher/managers/lua/LuaWidgetManager.kt,1161,review-literal,"        time = os.date(\""%Y-%m-%d %H:%M:%S\""),\n","+ ""        time = os.date(\""%Y-%m-%d %H:%M:%S\""),\n"""
app/src/main/java/ohi/andre/consolelauncher/managers/lua/LuaWidgetManager.kt,1162,review-literal,"        timezone = system:tz(),\n","+ ""        timezone = system:tz(),\n"""
app/src/main/java/ohi/andre/consolelauncher/managers/lua/LuaWidgetManager.kt,1163,review-literal,"        battery = battery.percent .. \""%\"" .. (battery.charging and \"" charging\"" or \""\""),\n","+ ""        battery = battery.percent .. \""%\"" .. (battery.charging and \"" charging\"" or \""\""),\n"""
app/src/main/java/ohi/andre/consolelauncher/managers/lua/LuaWidgetManager.kt,1164,review-literal,"        network = network.type .. (network.connected and \"" connected\"" or \"" offline\""),\n","+ ""        network = network.type .. (network.connected and \"" connected\"" or \"" offline\""),\n"""
app/src/main/java/ohi/andre/consolelauncher/managers/lua/LuaWidgetManager.kt,1165,review-literal,"        refreshes = prefs.refreshes,\n","+ ""        refreshes = prefs.refreshes,\n"""
app/src/main/java/ohi/andre/consolelauncher/managers/lua/LuaWidgetManager.kt,1166,review-literal,    })\n,"+ ""    })\n"""
app/src/main/java/ohi/andre/consolelauncher/managers/lua/LuaWidgetManager.kt,1167,review-literal,"    ui:suggest_action(strings.localize(\""lua_builtin_56e3badc4e6c\""), \""refresh\"")\n","+ ""    ui:suggest_action(strings.localize(\""lua_builtin_56e3badc4e6c\""), \""refresh\"")\n"""
app/src/main/java/ohi/andre/consolelauncher/managers/lua/LuaWidgetManager.kt,1168,review-literal,"    ui:suggest_action(strings.localize(\""lua_builtin_af74f7c5362a\""), \""copy\"")\n","+ ""    ui:suggest_action(strings.localize(\""lua_builtin_af74f7c5362a\""), \""copy\"")\n"""
app/src/main/java/ohi/andre/consolelauncher/managers/lua/LuaWidgetManager.kt,1169,review-literal,"    ui:suggest_action(strings.localize(\""lua_builtin_9c13915092a7\""), \""vibrate\"")\n","+ ""    ui:suggest_action(strings.localize(\""lua_builtin_9c13915092a7\""), \""vibrate\"")\n"""
app/src/main/java/ohi/andre/consolelauncher/managers/lua/LuaWidgetManager.kt,1172,review-literal,function on_resume() render() end\n,"+ ""function on_resume() render() end\n"""
app/src/main/java/ohi/andre/consolelauncher/managers/lua/LuaWidgetManager.kt,1174,review-literal,function on_action(action)\n,"+ ""function on_action(action)\n"""
app/src/main/java/ohi/andre/consolelauncher/managers/lua/LuaWidgetManager.kt,1175,review-literal,"    if action == \""copy\"" then system:to_clipboard(os.date(\""%Y-%m-%d %H:%M:%S\"")) end\n","+ ""    if action == \""copy\"" then system:to_clipboard(os.date(\""%Y-%m-%d %H:%M:%S\"")) end\n"""
app/src/main/java/ohi/andre/consolelauncher/managers/lua/LuaWidgetManager.kt,1176,review-literal,"    if action == \""vibrate\"" then system:vibrate(60) end\n","+ ""    if action == \""vibrate\"" then system:vibrate(60) end\n"""
app/src/main/java/ohi/andre/consolelauncher/managers/lua/LuaWidgetManager.kt,1177,review-literal,    render()\n,"+ ""    render()\n"""
app/src/main/java/ohi/andre/consolelauncher/managers/lua/LuaWidgetManager.kt,1183,review-literal,Re:TUI Expandable,"""Re:TUI Expandable"", ("""""
app/src/main/java/ohi/andre/consolelauncher/managers/lua/LuaWidgetManager.kt,1184,review-literal,"-- name = \""Re:TUI Expandable\""\n","+ ""-- name = \""Re:TUI Expandable\""\n"""
app/src/main/java/ohi/andre/consolelauncher/managers/lua/LuaWidgetManager.kt,1185,review-literal,"-- type = \""module\""\n","+ ""-- type = \""module\""\n"""
app/src/main/java/ohi/andre/consolelauncher/managers/lua/LuaWidgetManager.kt,1186,review-literal,"-- retui = \""1\""\n","+ ""-- retui = \""1\""\n"""
app/src/main/java/ohi/andre/consolelauncher/managers/lua/LuaWidgetManager.kt,1187,review-literal,"-- description = \""Compact and expanded rendering using Re:TUI Lua module state\""\n","+ ""-- description = \""Compact and expanded rendering using Re:TUI Lua module state\""\n"""
app/src/main/java/ohi/andre/consolelauncher/managers/lua/LuaWidgetManager.kt,1189,review-literal,"local prefs = require \""prefs\""\n","+ ""local prefs = require \""prefs\""\n"""
app/src/main/java/ohi/andre/consolelauncher/managers/lua/LuaWidgetManager.kt,1191,review-literal,function on_load()\n,"+ ""function on_load()\n"""
app/src/main/java/ohi/andre/consolelauncher/managers/lua/LuaWidgetManager.kt,1192,review-literal,    if prefs.opens == nil then prefs.opens = 0 end\n,"+ ""    if prefs.opens == nil then prefs.opens = 0 end\n"""
app/src/main/java/ohi/andre/consolelauncher/managers/lua/LuaWidgetManager.kt,1193,review-literal,    if prefs.expanded == nil then prefs.expanded = false end\n,"+ ""    if prefs.expanded == nil then prefs.expanded = false end\n"""
app/src/main/java/ohi/andre/consolelauncher/managers/lua/LuaWidgetManager.kt,1196,review-literal,local function render()\n,"+ ""local function render()\n"""
app/src/main/java/ohi/andre/consolelauncher/managers/lua/LuaWidgetManager.kt,1197,review-literal,"    ui:set_title(strings.localize(\""lua_builtin_e9e0d8e560ea\""))\n","+ ""    ui:set_title(strings.localize(\""lua_builtin_e9e0d8e560ea\""))\n"""
app/src/main/java/ohi/andre/consolelauncher/managers/lua/LuaWidgetManager.kt,1198,review-literal,    prefs.opens = prefs.opens + 1\n,"+ ""    prefs.opens = prefs.opens + 1\n"""
app/src/main/java/ohi/andre/consolelauncher/managers/lua/LuaWidgetManager.kt,1199,review-literal,    if prefs.expanded then\n,"+ ""    if prefs.expanded then\n"""
app/src/main/java/ohi/andre/consolelauncher/managers/lua/LuaWidgetManager.kt,1200,review-literal,        ui:show_kv({\n,"+ ""        ui:show_kv({\n"""
app/src/main/java/ohi/andre/consolelauncher/managers/lua/LuaWidgetManager.kt,1201,review-literal,"            mode = \""expanded\"",\n","+ ""            mode = \""expanded\"",\n"""
app/src/main/java/ohi/andre/consolelauncher/managers/lua/LuaWidgetManager.kt,1202,review-literal,"            opens = prefs.opens,\n","+ ""            opens = prefs.opens,\n"""
app/src/main/java/ohi/andre/consolelauncher/managers/lua/LuaWidgetManager.kt,1203,review-literal,"            time = os.date(\""%H:%M:%S\""),\n","+ ""            time = os.date(\""%H:%M:%S\""),\n"""
app/src/main/java/ohi/andre/consolelauncher/managers/lua/LuaWidgetManager.kt,1204,review-literal,        })\n,"+ ""        })\n"""
app/src/main/java/ohi/andre/consolelauncher/managers/lua/LuaWidgetManager.kt,1205,review-literal,"        ui:suggest_command(strings.localize(\""lua_builtin_c7f73bb54d92\""), \""config -ls\"")\n","+ ""        ui:suggest_command(strings.localize(\""lua_builtin_c7f73bb54d92\""), \""config -ls\"")\n"""
app/src/main/java/ohi/andre/consolelauncher/managers/lua/LuaWidgetManager.kt,1206,review-literal,"        ui:suggest_action(strings.localize(\""lua_builtin_56e3badc4e6c\""), \""refresh\"")\n","+ ""        ui:suggest_action(strings.localize(\""lua_builtin_56e3badc4e6c\""), \""refresh\"")\n"""
app/src/main/java/ohi/andre/consolelauncher/managers/lua/LuaWidgetManager.kt,1207,review-literal,"        ui:suggest_action(strings.localize(\""lua_builtin_3babbd03dec4\""), \""toast\"")\n","+ ""        ui:suggest_action(strings.localize(\""lua_builtin_3babbd03dec4\""), \""toast\"")\n"""
app/src/main/java/ohi/andre/consolelauncher/managers/lua/LuaWidgetManager.kt,1208,review-literal,"        ui:suggest_action(strings.localize(\""lua_builtin_1df39aa58ad4\""), \""compact\"")\n","+ ""        ui:suggest_action(strings.localize(\""lua_builtin_1df39aa58ad4\""), \""compact\"")\n"""
app/src/main/java/ohi/andre/consolelauncher/managers/lua/LuaWidgetManager.kt,1209,review-literal,    else\n,"+ ""    else\n"""
app/src/main/java/ohi/andre/consolelauncher/managers/lua/LuaWidgetManager.kt,1210,review-literal,"        ui:show_text(strings.localize(\""lua_builtin_6a091eb355cc\""))\n","+ ""        ui:show_text(strings.localize(\""lua_builtin_6a091eb355cc\""))\n"""
app/src/main/java/ohi/andre/consolelauncher/managers/lua/LuaWidgetManager.kt,1211,review-literal,"        ui:suggest_action(strings.localize(\""lua_builtin_56e3badc4e6c\""), \""refresh\"")\n","+ ""        ui:suggest_action(strings.localize(\""lua_builtin_56e3badc4e6c\""), \""refresh\"")\n"""
app/src/main/java/ohi/andre/consolelauncher/managers/lua/LuaWidgetManager.kt,1212,review-literal,"        ui:suggest_action(strings.localize(\""lua_builtin_9869e506c38f\""), \""expand\"")\n","+ ""        ui:suggest_action(strings.localize(\""lua_builtin_9869e506c38f\""), \""expand\"")\n"""
app/src/main/java/ohi/andre/consolelauncher/managers/lua/LuaWidgetManager.kt,1213,review-literal,    end\n,"+ ""    end\n"""
app/src/main/java/ohi/andre/consolelauncher/managers/lua/LuaWidgetManager.kt,1216,review-literal,function on_resume() render() end\n,"+ ""function on_resume() render() end\n"""
app/src/main/java/ohi/andre/consolelauncher/managers/lua/LuaWidgetManager.kt,1218,review-literal,function on_action(action)\n,"+ ""function on_action(action)\n"""
app/src/main/java/ohi/andre/consolelauncher/managers/lua/LuaWidgetManager.kt,1219,review-literal,"    if action == \""expand\"" then prefs.expanded = true end\n","+ ""    if action == \""expand\"" then prefs.expanded = true end\n"""
app/src/main/java/ohi/andre/consolelauncher/managers/lua/LuaWidgetManager.kt,1220,review-literal,"    if action == \""compact\"" then prefs.expanded = false end\n","+ ""    if action == \""compact\"" then prefs.expanded = false end\n"""
app/src/main/java/ohi/andre/consolelauncher/managers/lua/LuaWidgetManager.kt,1221,review-literal,"    if action == \""toast\"" then ui:show_toast(strings.localize(\""lua_builtin_2eedfba70ea0\"")) end\n","+ ""    if action == \""toast\"" then ui:show_toast(strings.localize(\""lua_builtin_2eedfba70ea0\"")) end\n"""
app/src/main/java/ohi/andre/consolelauncher/managers/lua/LuaWidgetManager.kt,1222,review-literal,    render()\n,"+ ""    render()\n"""
app/src/main/java/ohi/andre/consolelauncher/managers/lua/LuaWidgetManager.kt,1228,review-literal,Re:TUI Ticker,"""Re:TUI Ticker"", ("""""
app/src/main/java/ohi/andre/consolelauncher/managers/lua/LuaWidgetManager.kt,1229,review-literal,"-- name = \""Re:TUI Ticker\""\n","+ ""-- name = \""Re:TUI Ticker\""\n"""
app/src/main/java/ohi/andre/consolelauncher/managers/lua/LuaWidgetManager.kt,1230,review-literal,"-- type = \""module\""\n","+ ""-- type = \""module\""\n"""
app/src/main/java/ohi/andre/consolelauncher/managers/lua/LuaWidgetManager.kt,1231,review-literal,"-- retui = \""1\""\n","+ ""-- retui = \""1\""\n"""
app/src/main/java/ohi/andre/consolelauncher/managers/lua/LuaWidgetManager.kt,1232,review-literal,"-- permissions = \""active-tick\""\n","+ ""-- permissions = \""active-tick\""\n"""
app/src/main/java/ohi/andre/consolelauncher/managers/lua/LuaWidgetManager.kt,1233,review-literal,"-- description = \""Active Lua module ticking lifecycle demo\""\n","+ ""-- description = \""Active Lua module ticking lifecycle demo\""\n"""
app/src/main/java/ohi/andre/consolelauncher/managers/lua/LuaWidgetManager.kt,1235,review-literal,"local prefs = require \""prefs\""\n","+ ""local prefs = require \""prefs\""\n"""
app/src/main/java/ohi/andre/consolelauncher/managers/lua/LuaWidgetManager.kt,1237,review-literal,function on_load()\n,"+ ""function on_load()\n"""
app/src/main/java/ohi/andre/consolelauncher/managers/lua/LuaWidgetManager.kt,1238,review-literal,    if prefs.ticks == nil then prefs.ticks = 0 end\n,"+ ""    if prefs.ticks == nil then prefs.ticks = 0 end\n"""
app/src/main/java/ohi/andre/consolelauncher/managers/lua/LuaWidgetManager.kt,1241,review-literal,"local function render(label, running)\n","+ ""local function render(label, running)\n"""
app/src/main/java/ohi/andre/consolelauncher/managers/lua/LuaWidgetManager.kt,1242,review-literal,"    ui:set_title(strings.localize(\""lua_builtin_5586cf3db2af\""))\n","+ ""    ui:set_title(strings.localize(\""lua_builtin_5586cf3db2af\""))\n"""
app/src/main/java/ohi/andre/consolelauncher/managers/lua/LuaWidgetManager.kt,1243,review-literal,    if running then ui:set_tick_interval(1) else ui:disable_tick() end\n,"+ ""    if running then ui:set_tick_interval(1) else ui:disable_tick() end\n"""
app/src/main/java/ohi/andre/consolelauncher/managers/lua/LuaWidgetManager.kt,1244,review-literal,    ui:show_kv({\n,"+ ""    ui:show_kv({\n"""
app/src/main/java/ohi/andre/consolelauncher/managers/lua/LuaWidgetManager.kt,1245,review-literal,"        state = label,\n","+ ""        state = label,\n"""
app/src/main/java/ohi/andre/consolelauncher/managers/lua/LuaWidgetManager.kt,1246,review-literal,"        ticks = prefs.ticks,\n","+ ""        ticks = prefs.ticks,\n"""
app/src/main/java/ohi/andre/consolelauncher/managers/lua/LuaWidgetManager.kt,1247,review-literal,"        time = os.date(\""%H:%M:%S\""),\n","+ ""        time = os.date(\""%H:%M:%S\""),\n"""
app/src/main/java/ohi/andre/consolelauncher/managers/lua/LuaWidgetManager.kt,1248,review-literal,    })\n,"+ ""    })\n"""
app/src/main/java/ohi/andre/consolelauncher/managers/lua/LuaWidgetManager.kt,1249,review-literal,"    ui:suggest_action(strings.localize(\""lua_builtin_44c57abd888a\""), \""reset\"")\n","+ ""    ui:suggest_action(strings.localize(\""lua_builtin_44c57abd888a\""), \""reset\"")\n"""
app/src/main/java/ohi/andre/consolelauncher/managers/lua/LuaWidgetManager.kt,1250,review-literal,"    ui:suggest_action(strings.localize(\""lua_builtin_9e253470c876\""), \""stop\"")\n","+ ""    ui:suggest_action(strings.localize(\""lua_builtin_9e253470c876\""), \""stop\"")\n"""
app/src/main/java/ohi/andre/consolelauncher/managers/lua/LuaWidgetManager.kt,1253,review-literal,"function on_resume() render(\""active\"", true) end\n","+ ""function on_resume() render(\""active\"", true) end\n"""
app/src/main/java/ohi/andre/consolelauncher/managers/lua/LuaWidgetManager.kt,1255,review-literal,function on_tick(n)\n,"+ ""function on_tick(n)\n"""
app/src/main/java/ohi/andre/consolelauncher/managers/lua/LuaWidgetManager.kt,1256,review-literal,    prefs.ticks = n\n,"+ ""    prefs.ticks = n\n"""
app/src/main/java/ohi/andre/consolelauncher/managers/lua/LuaWidgetManager.kt,1257,review-literal,"    render(\""tick\"", true)\n","+ ""    render(\""tick\"", true)\n"""
app/src/main/java/ohi/andre/consolelauncher/managers/lua/LuaWidgetManager.kt,1260,review-literal,function on_action(action)\n,"+ ""function on_action(action)\n"""
app/src/main/java/ohi/andre/consolelauncher/managers/lua/LuaWidgetManager.kt,1261,review-literal,"    if action == \""reset\"" then prefs.ticks = 0 end\n","+ ""    if action == \""reset\"" then prefs.ticks = 0 end\n"""
app/src/main/java/ohi/andre/consolelauncher/managers/lua/LuaWidgetManager.kt,1262,review-literal,"    render(action == \""stop\"" and \""stopped\"" or \""reset\"", action ~= \""stop\"")\n","+ ""    render(action == \""stop\"" and \""stopped\"" or \""reset\"", action ~= \""stop\"")\n"""
app/src/main/java/ohi/andre/consolelauncher/managers/lua/LuaWidgetManager.kt,1268,review-literal,Re:TUI Toolkit,"""Re:TUI Toolkit"", ("""""
app/src/main/java/ohi/andre/consolelauncher/managers/lua/LuaWidgetManager.kt,1269,review-literal,"-- name = \""Re:TUI Toolkit\""\n","+ ""-- name = \""Re:TUI Toolkit\""\n"""
app/src/main/java/ohi/andre/consolelauncher/managers/lua/LuaWidgetManager.kt,1270,review-literal,"-- type = \""module\""\n","+ ""-- type = \""module\""\n"""
app/src/main/java/ohi/andre/consolelauncher/managers/lua/LuaWidgetManager.kt,1271,review-literal,"-- retui = \""1\""\n","+ ""-- retui = \""1\""\n"""
app/src/main/java/ohi/andre/consolelauncher/managers/lua/LuaWidgetManager.kt,1272,review-literal,"-- permissions = \""clipboard\""\n","+ ""-- permissions = \""clipboard\""\n"""
app/src/main/java/ohi/andre/consolelauncher/managers/lua/LuaWidgetManager.kt,1273,review-literal,"-- description = \""Small standard library demo\""\n","+ ""-- description = \""Small standard library demo\""\n"""
app/src/main/java/ohi/andre/consolelauncher/managers/lua/LuaWidgetManager.kt,1275,review-literal,"local fmt = require \""fmt\""\n","+ ""local fmt = require \""fmt\""\n"""
app/src/main/java/ohi/andre/consolelauncher/managers/lua/LuaWidgetManager.kt,1276,review-literal,"local date = require \""date\""\n","+ ""local date = require \""date\""\n"""
app/src/main/java/ohi/andre/consolelauncher/managers/lua/LuaWidgetManager.kt,1277,review-literal,"local strings = require \""strings\""\n","+ ""local strings = require \""strings\""\n"""
app/src/main/java/ohi/andre/consolelauncher/managers/lua/LuaWidgetManager.kt,1278,review-literal,"local colors = require \""colors\""\n","+ ""local colors = require \""colors\""\n"""
app/src/main/java/ohi/andre/consolelauncher/managers/lua/LuaWidgetManager.kt,1279,review-literal,"local debug = require \""debug\""\n","+ ""local debug = require \""debug\""\n"""
app/src/main/java/ohi/andre/consolelauncher/managers/lua/LuaWidgetManager.kt,1281,review-literal,function on_resume()\n,"+ ""function on_resume()\n"""
app/src/main/java/ohi/andre/consolelauncher/managers/lua/LuaWidgetManager.kt,1282,review-literal,"    local title = fmt.title(\""retui toolkit\"")\n","+ ""    local title = fmt.title(\""retui toolkit\"")\n"""
app/src/main/java/ohi/andre/consolelauncher/managers/lua/LuaWidgetManager.kt,1283,review-literal,"    debug:log(\""render \"" .. date.format(\""%H:%M:%S\""))\n","+ ""    debug:log(\""render \"" .. date.format(\""%H:%M:%S\""))\n"""
app/src/main/java/ohi/andre/consolelauncher/managers/lua/LuaWidgetManager.kt,1284,review-literal,    ui:set_title(title)\n,"+ ""    ui:set_title(title)\n"""
app/src/main/java/ohi/andre/consolelauncher/managers/lua/LuaWidgetManager.kt,1285,review-literal,    ui:show_kv({\n,"+ ""    ui:show_kv({\n"""
app/src/main/java/ohi/andre/consolelauncher/managers/lua/LuaWidgetManager.kt,1286,review-literal,"        time = date.format(\""%Y-%m-%d %H:%M:%S\""),\n","+ ""        time = date.format(\""%Y-%m-%d %H:%M:%S\""),\n"""
app/src/main/java/ohi/andre/consolelauncher/managers/lua/LuaWidgetManager.kt,1287,review-literal,"        storage = fmt.bytes(123456789),\n","+ ""        storage = fmt.bytes(123456789),\n"""
app/src/main/java/ohi/andre/consolelauncher/managers/lua/LuaWidgetManager.kt,1288,review-literal,"        progress = fmt.progress_bar(42, 100, 10) .. \"" \"" .. fmt.percent(42, 100),\n","+ ""        progress = fmt.progress_bar(42, 100, 10) .. \"" \"" .. fmt.percent(42, 100),\n"""
app/src/main/java/ohi/andre/consolelauncher/managers/lua/LuaWidgetManager.kt,1289,review-literal,"        has_tui = tostring(strings.contains(\""Re:TUI\"", \""TUI\"")),\n","+ ""        has_tui = tostring(strings.contains(\""Re:TUI\"", \""TUI\"")),\n"""
app/src/main/java/ohi/andre/consolelauncher/managers/lua/LuaWidgetManager.kt,1290,review-literal,"        accent = colors.accent,\n","+ ""        accent = colors.accent,\n"""
app/src/main/java/ohi/andre/consolelauncher/managers/lua/LuaWidgetManager.kt,1291,review-literal,    })\n,"+ ""    })\n"""
app/src/main/java/ohi/andre/consolelauncher/managers/lua/LuaWidgetManager.kt,1292,review-literal,"    ui:suggest_action(strings.localize(\""lua_builtin_bd604d99e75e\""), \""debug\"")\n","+ ""    ui:suggest_action(strings.localize(\""lua_builtin_bd604d99e75e\""), \""debug\"")\n"""
app/src/main/java/ohi/andre/consolelauncher/managers/lua/LuaWidgetManager.kt,1293,review-literal,"    ui:suggest_action(strings.localize(\""lua_builtin_af74f7c5362a\""), \""copy\"")\n","+ ""    ui:suggest_action(strings.localize(\""lua_builtin_af74f7c5362a\""), \""copy\"")\n"""
app/src/main/java/ohi/andre/consolelauncher/managers/lua/LuaWidgetManager.kt,1296,review-literal,function on_action(action)\n,"+ ""function on_action(action)\n"""
app/src/main/java/ohi/andre/consolelauncher/managers/lua/LuaWidgetManager.kt,1297,review-literal,"    if action == \""debug\"" then debug:show() end\n","+ ""    if action == \""debug\"" then debug:show() end\n"""
app/src/main/java/ohi/andre/consolelauncher/managers/lua/LuaWidgetManager.kt,1298,review-literal,"    if action == \""copy\"" then system:to_clipboard(date.format(\""%H:%M:%S\"")) end\n","+ ""    if action == \""copy\"" then system:to_clipboard(date.format(\""%H:%M:%S\"")) end\n"""
app/src/main/java/ohi/andre/consolelauncher/managers/lua/LuaWidgetManager.kt,1304,review-literal,Re:TUI Suggest,"""Re:TUI Suggest"", ("""""
app/src/main/java/ohi/andre/consolelauncher/managers/lua/LuaWidgetManager.kt,1305,review-literal,"-- name = \""Re:TUI Suggest\""\n","+ ""-- name = \""Re:TUI Suggest\""\n"""
app/src/main/java/ohi/andre/consolelauncher/managers/lua/LuaWidgetManager.kt,1306,review-literal,"-- type = \""suggest\""\n","+ ""-- type = \""suggest\""\n"""
app/src/main/java/ohi/andre/consolelauncher/managers/lua/LuaWidgetManager.kt,1307,review-literal,"-- retui = \""1\""\n","+ ""-- retui = \""1\""\n"""
app/src/main/java/ohi/andre/consolelauncher/managers/lua/LuaWidgetManager.kt,1308,review-literal,"-- description = \""Lua-powered command suggestion demo\""\n","+ ""-- description = \""Lua-powered command suggestion demo\""\n"""
app/src/main/java/ohi/andre/consolelauncher/managers/lua/LuaWidgetManager.kt,1310,review-literal,"local strings = require \""strings\""\n","+ ""local strings = require \""strings\""\n"""
app/src/main/java/ohi/andre/consolelauncher/managers/lua/LuaWidgetManager.kt,1311,review-literal,"local fmt = require \""fmt\""\n","+ ""local fmt = require \""fmt\""\n"""
app/src/main/java/ohi/andre/consolelauncher/managers/lua/LuaWidgetManager.kt,1313,review-literal,function on_suggest(query)\n,"+ ""function on_suggest(query)\n"""
app/src/main/java/ohi/andre/consolelauncher/managers/lua/LuaWidgetManager.kt,1314,review-literal,    local q = strings.trim(fmt.lower(query))\n,"+ ""    local q = strings.trim(fmt.lower(query))\n"""
app/src/main/java/ohi/andre/consolelauncher/managers/lua/LuaWidgetManager.kt,1315,review-literal,"    if strings.starts_with(q, \""cfg\"") or strings.starts_with(q, \""conf\"") then\n","+ ""    if strings.starts_with(q, \""cfg\"") or strings.starts_with(q, \""conf\"") then\n"""
app/src/main/java/ohi/andre/consolelauncher/managers/lua/LuaWidgetManager.kt,1316,review-literal,"        suggest:command(strings.localize(\""lua_builtin_95992c12d846\""), \""config -ls\"")\n","+ ""        suggest:command(strings.localize(\""lua_builtin_95992c12d846\""), \""config -ls\"")\n"""
app/src/main/java/ohi/andre/consolelauncher/managers/lua/LuaWidgetManager.kt,1317,review-literal,"        suggest:command(strings.localize(\""lua_builtin_5e03c82554bb\""), \""config -file behavior.xml\"")\n","+ ""        suggest:command(strings.localize(\""lua_builtin_5e03c82554bb\""), \""config -file behavior.xml\"")\n"""
app/src/main/java/ohi/andre/consolelauncher/managers/lua/LuaWidgetManager.kt,1318,review-literal,    end\n,"+ ""    end\n"""
app/src/main/java/ohi/andre/consolelauncher/managers/lua/LuaWidgetManager.kt,1319,review-literal,"    if strings.starts_with(q, \""mod\"") then\n","+ ""    if strings.starts_with(q, \""mod\"") then\n"""
app/src/main/java/ohi/andre/consolelauncher/managers/lua/LuaWidgetManager.kt,1320,review-literal,"        suggest:command(strings.localize(\""lua_builtin_04e9462c0ff0\""), \""module -ls\"")\n","+ ""        suggest:command(strings.localize(\""lua_builtin_04e9462c0ff0\""), \""module -ls\"")\n"""
app/src/main/java/ohi/andre/consolelauncher/managers/lua/LuaWidgetManager.kt,1321,review-literal,"        suggest:module(\""notifications\"",strings.localize(\""lua_builtin_ac4735e1d1d9\""))\n","+ ""        suggest:module(\""notifications\"",strings.localize(\""lua_builtin_ac4735e1d1d9\""))\n"""
app/src/main/java/ohi/andre/consolelauncher/managers/lua/LuaWidgetManager.kt,1322,review-literal,    end\n,"+ ""    end\n"""
app/src/main/java/ohi/andre/consolelauncher/managers/lua/LuaWidgetManager.kt,1328,review-literal,Re:TUI Prefs,"""Re:TUI Prefs"", ("""""
app/src/main/java/ohi/andre/consolelauncher/managers/lua/LuaWidgetManager.kt,1329,review-literal,"-- name = \""Re:TUI Prefs\""\n","+ ""-- name = \""Re:TUI Prefs\""\n"""
app/src/main/java/ohi/andre/consolelauncher/managers/lua/LuaWidgetManager.kt,1330,review-literal,"-- type = \""module\""\n","+ ""-- type = \""module\""\n"""
app/src/main/java/ohi/andre/consolelauncher/managers/lua/LuaWidgetManager.kt,1331,review-literal,"-- retui = \""1\""\n","+ ""-- retui = \""1\""\n"""
app/src/main/java/ohi/andre/consolelauncher/managers/lua/LuaWidgetManager.kt,1333,review-literal,"local prefs = require \""prefs\""\n","+ ""local prefs = require \""prefs\""\n"""
app/src/main/java/ohi/andre/consolelauncher/managers/lua/LuaWidgetManager.kt,1335,review-literal,function on_load()\n,"+ ""function on_load()\n"""
app/src/main/java/ohi/andre/consolelauncher/managers/lua/LuaWidgetManager.kt,1336,review-literal,    if prefs.count == nil then prefs.count = 0 end\n,"+ ""    if prefs.count == nil then prefs.count = 0 end\n"""
app/src/main/java/ohi/andre/consolelauncher/managers/lua/LuaWidgetManager.kt,1339,review-literal,local function render()\n,"+ ""local function render()\n"""
app/src/main/java/ohi/andre/consolelauncher/managers/lua/LuaWidgetManager.kt,1340,review-literal,"    ui:set_title(strings.localize(\""lua_builtin_158f91934e68\""))\n","+ ""    ui:set_title(strings.localize(\""lua_builtin_158f91934e68\""))\n"""
app/src/main/java/ohi/andre/consolelauncher/managers/lua/LuaWidgetManager.kt,1341,review-literal,"    ui:show_text(strings.localize(\""lua_builtin_55b12130ff65\"", prefs.count))\n","+ ""    ui:show_text(strings.localize(\""lua_builtin_55b12130ff65\"", prefs.count))\n"""
app/src/main/java/ohi/andre/consolelauncher/managers/lua/LuaWidgetManager.kt,1342,review-literal,"    ui:suggest_action(\""+1\"", \""inc\"")\n","+ ""    ui:suggest_action(\""+1\"", \""inc\"")\n"""
app/src/main/java/ohi/andre/consolelauncher/managers/lua/LuaWidgetManager.kt,1343,review-literal,"    ui:suggest_action(strings.localize(\""lua_builtin_44c57abd888a\""), \""reset\"")\n","+ ""    ui:suggest_action(strings.localize(\""lua_builtin_44c57abd888a\""), \""reset\"")\n"""
app/src/main/java/ohi/andre/consolelauncher/managers/lua/LuaWidgetManager.kt,1344,review-literal,"    ui:suggest_action(strings.localize(\""lua_builtin_3d7f56ffea75\""), \""prefs\"")\n","+ ""    ui:suggest_action(strings.localize(\""lua_builtin_3d7f56ffea75\""), \""prefs\"")\n"""
app/src/main/java/ohi/andre/consolelauncher/managers/lua/LuaWidgetManager.kt,1347,review-literal,function on_resume() render() end\n,"+ ""function on_resume() render() end\n"""
app/src/main/java/ohi/andre/consolelauncher/managers/lua/LuaWidgetManager.kt,1349,review-literal,function on_action(action)\n,"+ ""function on_action(action)\n"""
app/src/main/java/ohi/andre/consolelauncher/managers/lua/LuaWidgetManager.kt,1350,review-literal,"    if action == \""inc\"" then prefs.count = prefs.count + 1 end\n","+ ""    if action == \""inc\"" then prefs.count = prefs.count + 1 end\n"""
app/src/main/java/ohi/andre/consolelauncher/managers/lua/LuaWidgetManager.kt,1351,review-literal,"    if action == \""reset\"" then prefs.count = 0 end\n","+ ""    if action == \""reset\"" then prefs.count = 0 end\n"""
app/src/main/java/ohi/andre/consolelauncher/managers/lua/LuaWidgetManager.kt,1352,review-literal,"    if action == \""prefs\"" then prefs:show_dialog() else render() end\n","+ ""    if action == \""prefs\"" then prefs:show_dialog() else render() end\n"""
app/src/main/java/ohi/andre/consolelauncher/managers/lua/LuaWidgetManager.kt,1358,review-literal,Re:TUI Files,"""Re:TUI Files"", ("""""
app/src/main/java/ohi/andre/consolelauncher/managers/lua/LuaWidgetManager.kt,1359,review-literal,"-- name = \""Re:TUI Files\""\n","+ ""-- name = \""Re:TUI Files\""\n"""
app/src/main/java/ohi/andre/consolelauncher/managers/lua/LuaWidgetManager.kt,1360,review-literal,"-- type = \""module\""\n","+ ""-- type = \""module\""\n"""
app/src/main/java/ohi/andre/consolelauncher/managers/lua/LuaWidgetManager.kt,1361,review-literal,"-- retui = \""1\""\n","+ ""-- retui = \""1\""\n"""
app/src/main/java/ohi/andre/consolelauncher/managers/lua/LuaWidgetManager.kt,1362,review-literal,"-- permissions = \""local-files\""\n","+ ""-- permissions = \""local-files\""\n"""
app/src/main/java/ohi/andre/consolelauncher/managers/lua/LuaWidgetManager.kt,1364,review-literal,local function number()\n,"+ ""local function number()\n"""
app/src/main/java/ohi/andre/consolelauncher/managers/lua/LuaWidgetManager.kt,1365,review-literal,"    return tonumber(files:read(\""count.txt\"") or \""0\"") or 0\n","+ ""    return tonumber(files:read(\""count.txt\"") or \""0\"") or 0\n"""
app/src/main/java/ohi/andre/consolelauncher/managers/lua/LuaWidgetManager.kt,1368,review-literal,local function render()\n,"+ ""local function render()\n"""
app/src/main/java/ohi/andre/consolelauncher/managers/lua/LuaWidgetManager.kt,1369,review-literal,    local n = number()\n,"+ ""    local n = number()\n"""
app/src/main/java/ohi/andre/consolelauncher/managers/lua/LuaWidgetManager.kt,1370,review-literal,"    ui:set_title(strings.localize(\""lua_builtin_ef56d82ad7ac\""))\n","+ ""    ui:set_title(strings.localize(\""lua_builtin_ef56d82ad7ac\""))\n"""
app/src/main/java/ohi/andre/consolelauncher/managers/lua/LuaWidgetManager.kt,1371,review-literal,"    ui:show_text(strings.localize(\""lua_builtin_bcc61965f271\"", n))\n","+ ""    ui:show_text(strings.localize(\""lua_builtin_bcc61965f271\"", n))\n"""
app/src/main/java/ohi/andre/consolelauncher/managers/lua/LuaWidgetManager.kt,1372,review-literal,"    ui:suggest_action(strings.localize(\""lua_builtin_0c483d574e48\""), \""write\"")\n","+ ""    ui:suggest_action(strings.localize(\""lua_builtin_0c483d574e48\""), \""write\"")\n"""
app/src/main/java/ohi/andre/consolelauncher/managers/lua/LuaWidgetManager.kt,1373,review-literal,"    ui:suggest_action(strings.localize(\""lua_builtin_f6fdbe48dc54\""), \""delete\"")\n","+ ""    ui:suggest_action(strings.localize(\""lua_builtin_f6fdbe48dc54\""), \""delete\"")\n"""
app/src/main/java/ohi/andre/consolelauncher/managers/lua/LuaWidgetManager.kt,1376,review-literal,function on_resume() render() end\n,"+ ""function on_resume() render() end\n"""
app/src/main/java/ohi/andre/consolelauncher/managers/lua/LuaWidgetManager.kt,1378,review-literal,function on_action(action)\n,"+ ""function on_action(action)\n"""
app/src/main/java/ohi/andre/consolelauncher/managers/lua/LuaWidgetManager.kt,1379,review-literal,"    if action == \""write\"" then files:write(\""count.txt\"", tostring(number() + 1)); files:append(\""log.txt\"", os.date(\""%H:%M:%S\"") .. \"" +1\\n\"") end\n","+ ""    if action == \""write\"" then files:write(\""count.txt\"", tostring(number() + 1)); files:append(\""log.txt\"", os.date(\""%H:%M:%S\"") .. \"" +1\\n\"") end\n"""
app/src/main/java/ohi/andre/consolelauncher/managers/lua/LuaWidgetManager.kt,1380,review-literal,"    if action == \""delete\"" then files:delete(\""count.txt\"") end\n","+ ""    if action == \""delete\"" then files:delete(\""count.txt\"") end\n"""
app/src/main/java/ohi/andre/consolelauncher/managers/lua/LuaWidgetManager.kt,1381,review-literal,    render()\n,"+ ""    render()\n"""
app/src/main/java/ohi/andre/consolelauncher/managers/lua/LuaWidgetManager.kt,1387,review-literal,Re:TUI Platform,"""Re:TUI Platform"", ("""""
app/src/main/java/ohi/andre/consolelauncher/managers/lua/LuaWidgetManager.kt,1388,review-literal,"-- name = \""Re:TUI Platform\""\n","+ ""-- name = \""Re:TUI Platform\""\n"""
app/src/main/java/ohi/andre/consolelauncher/managers/lua/LuaWidgetManager.kt,1389,review-literal,"-- type = \""module\""\n","+ ""-- type = \""module\""\n"""
app/src/main/java/ohi/andre/consolelauncher/managers/lua/LuaWidgetManager.kt,1390,review-literal,"-- retui = \""1\""\n","+ ""-- retui = \""1\""\n"""
app/src/main/java/ohi/andre/consolelauncher/managers/lua/LuaWidgetManager.kt,1391,review-literal,"-- permissions = \""local-files,clipboard\""\n","+ ""-- permissions = \""local-files,clipboard\""\n"""
app/src/main/java/ohi/andre/consolelauncher/managers/lua/LuaWidgetManager.kt,1392,review-literal,"-- description = \""Platform helper API demo\""\n","+ ""-- description = \""Platform helper API demo\""\n"""
app/src/main/java/ohi/andre/consolelauncher/managers/lua/LuaWidgetManager.kt,1394,review-literal,"local prefs = require \""prefs\""\n","+ ""local prefs = require \""prefs\""\n"""
app/src/main/java/ohi/andre/consolelauncher/managers/lua/LuaWidgetManager.kt,1395,review-literal,"local fmt = require \""fmt\""\n","+ ""local fmt = require \""fmt\""\n"""
app/src/main/java/ohi/andre/consolelauncher/managers/lua/LuaWidgetManager.kt,1396,review-literal,"local strings = require \""strings\""\n","+ ""local strings = require \""strings\""\n"""
app/src/main/java/ohi/andre/consolelauncher/managers/lua/LuaWidgetManager.kt,1398,review-literal,function on_load()\n,"+ ""function on_load()\n"""
app/src/main/java/ohi/andre/consolelauncher/managers/lua/LuaWidgetManager.kt,1399,review-literal,"    prefs:set(\""opens\"", prefs:number(\""opens\"", 0))\n","+ ""    prefs:set(\""opens\"", prefs:number(\""opens\"", 0))\n"""
app/src/main/java/ohi/andre/consolelauncher/managers/lua/LuaWidgetManager.kt,1402,review-literal,local function render()\n,"+ ""local function render()\n"""
app/src/main/java/ohi/andre/consolelauncher/managers/lua/LuaWidgetManager.kt,1403,review-literal,"    local opens = prefs:inc(\""opens\"", 1)\n","+ ""    local opens = prefs:inc(\""opens\"", 1)\n"""
app/src/main/java/ohi/andre/consolelauncher/managers/lua/LuaWidgetManager.kt,1404,review-literal,    local names = files:list()\n,"+ ""    local names = files:list()\n"""
app/src/main/java/ohi/andre/consolelauncher/managers/lua/LuaWidgetManager.kt,1405,review-literal,"    ui:set_title(strings.localize(\""lua_builtin_123a7f2fcc9a\""))\n","+ ""    ui:set_title(strings.localize(\""lua_builtin_123a7f2fcc9a\""))\n"""
app/src/main/java/ohi/andre/consolelauncher/managers/lua/LuaWidgetManager.kt,1406,review-literal,    ui:show_kv({\n,"+ ""    ui:show_kv({\n"""
app/src/main/java/ohi/andre/consolelauncher/managers/lua/LuaWidgetManager.kt,1407,review-literal,"        widget = system:widget_name(),\n","+ ""        widget = system:widget_name(),\n"""
app/src/main/java/ohi/andre/consolelauncher/managers/lua/LuaWidgetManager.kt,1408,review-literal,"        id = system:widget_id(),\n","+ ""        id = system:widget_id(),\n"""
app/src/main/java/ohi/andre/consolelauncher/managers/lua/LuaWidgetManager.kt,1409,review-literal,"        app = system:app_version(),\n","+ ""        app = system:app_version(),\n"""
app/src/main/java/ohi/andre/consolelauncher/managers/lua/LuaWidgetManager.kt,1410,review-literal,"        opens = fmt.fixed(opens, 0),\n","+ ""        opens = fmt.fixed(opens, 0),\n"""
app/src/main/java/ohi/andre/consolelauncher/managers/lua/LuaWidgetManager.kt,1411,review-literal,"        files = #names,\n","+ ""        files = #names,\n"""
app/src/main/java/ohi/andre/consolelauncher/managers/lua/LuaWidgetManager.kt,1412,review-literal,"        joined = strings.join(names, \"", \""),\n","+ ""        joined = strings.join(names, \"", \""),\n"""
app/src/main/java/ohi/andre/consolelauncher/managers/lua/LuaWidgetManager.kt,1413,review-literal,    })\n,"+ ""    })\n"""
app/src/main/java/ohi/andre/consolelauncher/managers/lua/LuaWidgetManager.kt,1414,review-literal,"    ui:suggest_command(strings.localize(\""lua_builtin_04e9462c0ff0\""), \""module -ls\"")\n","+ ""    ui:suggest_command(strings.localize(\""lua_builtin_04e9462c0ff0\""), \""module -ls\"")\n"""
app/src/main/java/ohi/andre/consolelauncher/managers/lua/LuaWidgetManager.kt,1415,review-literal,"    ui:suggest_action(strings.localize(\""lua_builtin_549877f1bb31\""), \""write\"")\n","+ ""    ui:suggest_action(strings.localize(\""lua_builtin_549877f1bb31\""), \""write\"")\n"""
app/src/main/java/ohi/andre/consolelauncher/managers/lua/LuaWidgetManager.kt,1416,review-literal,"    ui:suggest_action(strings.localize(\""lua_builtin_c44623f31dda\""), \""copy\"")\n","+ ""    ui:suggest_action(strings.localize(\""lua_builtin_c44623f31dda\""), \""copy\"")\n"""
app/src/main/java/ohi/andre/consolelauncher/managers/lua/LuaWidgetManager.kt,1417,review-literal,"    ui:suggest_action(strings.localize(\""lua_builtin_719ea396ad92\""), \""clear\"")\n","+ ""    ui:suggest_action(strings.localize(\""lua_builtin_719ea396ad92\""), \""clear\"")\n"""
app/src/main/java/ohi/andre/consolelauncher/managers/lua/LuaWidgetManager.kt,1420,review-literal,function on_resume() render() end\n,"+ ""function on_resume() render() end\n"""
app/src/main/java/ohi/andre/consolelauncher/managers/lua/LuaWidgetManager.kt,1422,review-literal,function on_action(action)\n,"+ ""function on_action(action)\n"""
app/src/main/java/ohi/andre/consolelauncher/managers/lua/LuaWidgetManager.kt,1423,review-literal,"    if action == \""write\"" then files:append(\""platform.log\"", os.date(\""%H:%M:%S\"") .. \"" opened\\n\"") end\n","+ ""    if action == \""write\"" then files:append(\""platform.log\"", os.date(\""%H:%M:%S\"") .. \"" opened\\n\"") end\n"""
app/src/main/java/ohi/andre/consolelauncher/managers/lua/LuaWidgetManager.kt,1424,review-literal,"    if action == \""copy\"" then system:to_clipboard(system:widget_id()) end\n","+ ""    if action == \""copy\"" then system:to_clipboard(system:widget_id()) end\n"""
app/src/main/java/ohi/andre/consolelauncher/managers/lua/LuaWidgetManager.kt,1425,review-literal,"    if action == \""clear\"" then files:delete(\""platform.log\""); prefs:unset(\""opens\"") end\n","+ ""    if action == \""clear\"" then files:delete(\""platform.log\""); prefs:unset(\""opens\"") end\n"""
app/src/main/java/ohi/andre/consolelauncher/managers/lua/LuaWidgetManager.kt,1426,review-literal,    render()\n,"+ ""    render()\n"""
app/src/main/java/ohi/andre/consolelauncher/managers/lua/LuaWidgetManager.kt,1432,review-literal,Re:TUI Public IP,"""Re:TUI Public IP"", ("""""
app/src/main/java/ohi/andre/consolelauncher/managers/lua/LuaWidgetManager.kt,1433,review-literal,"-- name = \""Re:TUI Public IP\""\n","+ ""-- name = \""Re:TUI Public IP\""\n"""
app/src/main/java/ohi/andre/consolelauncher/managers/lua/LuaWidgetManager.kt,1434,review-literal,"-- type = \""module\""\n","+ ""-- type = \""module\""\n"""
app/src/main/java/ohi/andre/consolelauncher/managers/lua/LuaWidgetManager.kt,1435,review-literal,"-- retui = \""1\""\n","+ ""-- retui = \""1\""\n"""
app/src/main/java/ohi/andre/consolelauncher/managers/lua/LuaWidgetManager.kt,1436,review-literal,"-- permissions = \""network\""\n","+ ""-- permissions = \""network\""\n"""
app/src/main/java/ohi/andre/consolelauncher/managers/lua/LuaWidgetManager.kt,1437,review-literal,"-- data_source = \""https://api.ipify.org\""\n","+ ""-- data_source = \""https://api.ipify.org\""\n"""
app/src/main/java/ohi/andre/consolelauncher/managers/lua/LuaWidgetManager.kt,1439,review-literal,"local json = require \""json\""\n","+ ""local json = require \""json\""\n"""
app/src/main/java/ohi/andre/consolelauncher/managers/lua/LuaWidgetManager.kt,1441,review-literal,function on_alarm()\n,"+ ""function on_alarm()\n"""
app/src/main/java/ohi/andre/consolelauncher/managers/lua/LuaWidgetManager.kt,1442,review-literal,"    ui:set_title(strings.localize(\""lua_builtin_44d6538e2c52\""))\n","+ ""    ui:set_title(strings.localize(\""lua_builtin_44d6538e2c52\""))\n"""
app/src/main/java/ohi/andre/consolelauncher/managers/lua/LuaWidgetManager.kt,1443,review-literal,"    ui:show_text(strings.localize(\""lua_builtin_b04ba49f8486\""))\n","+ ""    ui:show_text(strings.localize(\""lua_builtin_b04ba49f8486\""))\n"""
app/src/main/java/ohi/andre/consolelauncher/managers/lua/LuaWidgetManager.kt,1444,review-literal,"    ui:suggest_action(strings.localize(\""lua_builtin_56e3badc4e6c\""), \""refresh\"")\n","+ ""    ui:suggest_action(strings.localize(\""lua_builtin_56e3badc4e6c\""), \""refresh\"")\n"""
app/src/main/java/ohi/andre/consolelauncher/managers/lua/LuaWidgetManager.kt,1445,review-literal,"    http:get(\""https://api.ipify.org?format=json\"", \""ip\"")\n","+ ""    http:get(\""https://api.ipify.org?format=json\"", \""ip\"")\n"""
app/src/main/java/ohi/andre/consolelauncher/managers/lua/LuaWidgetManager.kt,1448,review-literal,"function on_network_result_ip(body, code)\n","+ ""function on_network_result_ip(body, code)\n"""
app/src/main/java/ohi/andre/consolelauncher/managers/lua/LuaWidgetManager.kt,1449,review-literal,    local data = json.decode(body)\n,"+ ""    local data = json.decode(body)\n"""
app/src/main/java/ohi/andre/consolelauncher/managers/lua/LuaWidgetManager.kt,1450,review-literal,"    ui:set_title(strings.localize(\""lua_builtin_44d6538e2c52\""))\n","+ ""    ui:set_title(strings.localize(\""lua_builtin_44d6538e2c52\""))\n"""
app/src/main/java/ohi/andre/consolelauncher/managers/lua/LuaWidgetManager.kt,1451,review-literal,    if code == 200 and data and data.ip then\n,"+ ""    if code == 200 and data and data.ip then\n"""
app/src/main/java/ohi/andre/consolelauncher/managers/lua/LuaWidgetManager.kt,1452,review-literal,        ui:show_text(data.ip)\n,"+ ""        ui:show_text(data.ip)\n"""
app/src/main/java/ohi/andre/consolelauncher/managers/lua/LuaWidgetManager.kt,1453,review-literal,    else\n,"+ ""    else\n"""
app/src/main/java/ohi/andre/consolelauncher/managers/lua/LuaWidgetManager.kt,1454,review-literal,"        ui:show_text(strings.localize(\""lua_builtin_4c7a8d14589c\"", tostring(code)))\n","+ ""        ui:show_text(strings.localize(\""lua_builtin_4c7a8d14589c\"", tostring(code)))\n"""
app/src/main/java/ohi/andre/consolelauncher/managers/lua/LuaWidgetManager.kt,1455,review-literal,    end\n,"+ ""    end\n"""
app/src/main/java/ohi/andre/consolelauncher/managers/lua/LuaWidgetManager.kt,1456,review-literal,"    ui:suggest_action(strings.localize(\""lua_builtin_56e3badc4e6c\""), \""refresh\"")\n","+ ""    ui:suggest_action(strings.localize(\""lua_builtin_56e3badc4e6c\""), \""refresh\"")\n"""
app/src/main/java/ohi/andre/consolelauncher/managers/lua/LuaWidgetManager.kt,1459,review-literal,function on_network_error_ip(error)\n,"+ ""function on_network_error_ip(error)\n"""
app/src/main/java/ohi/andre/consolelauncher/managers/lua/LuaWidgetManager.kt,1460,review-literal,"    ui:set_title(strings.localize(\""lua_builtin_44d6538e2c52\""))\n","+ ""    ui:set_title(strings.localize(\""lua_builtin_44d6538e2c52\""))\n"""
app/src/main/java/ohi/andre/consolelauncher/managers/lua/LuaWidgetManager.kt,1461,review-literal,"    ui:show_text(strings.localize(\""lua_builtin_116ebc4830ab\"", tostring(error)))\n","+ ""    ui:show_text(strings.localize(\""lua_builtin_116ebc4830ab\"", tostring(error)))\n"""
app/src/main/java/ohi/andre/consolelauncher/managers/lua/LuaWidgetManager.kt,1462,review-literal,"    ui:suggest_action(strings.localize(\""lua_builtin_56e3badc4e6c\""), \""refresh\"")\n","+ ""    ui:suggest_action(strings.localize(\""lua_builtin_56e3badc4e6c\""), \""refresh\"")\n"""
app/src/main/java/ohi/andre/consolelauncher/managers/lua/LuaWidgetManager.kt,1465,review-literal,function on_action(action)\n,"+ ""function on_action(action)\n"""
app/src/main/java/ohi/andre/consolelauncher/managers/lua/LuaWidgetManager.kt,1466,review-literal,    on_alarm()\n,"+ ""    on_alarm()\n"""
app/src/main/java/ohi/andre/consolelauncher/managers/lua/LuaWidgetReminderManager.kt,157,review-literal,yyyy-MM-dd HH:mm,"""yyyy-MM-dd HH:mm"","
app/src/main/java/ohi/andre/consolelauncher/managers/lua/LuaWidgetReminderManager.kt,158,review-literal,yyyy/MM/dd HH:mm,"""yyyy/MM/dd HH:mm"","
app/src/main/java/ohi/andre/consolelauncher/managers/lua/LuaWidgetReminderManager.kt,159,review-literal,dd/MM/yyyy HH:mm,"""dd/MM/yyyy HH:mm"","
app/src/main/java/ohi/andre/consolelauncher/managers/lua/LuaWidgetReminderManager.kt,160,review-literal,dd-MM-yyyy HH:mm,"""dd-MM-yyyy HH:mm"""
app/src/main/java/ohi/andre/consolelauncher/managers/lua/LuaWidgetReminderManager.kt,294,review-literal,Habit reminder,"return if (TextUtils.isEmpty(clean)) ""Habit reminder"" else clean"
app/src/main/java/ohi/andre/consolelauncher/managers/modules/ModuleDockButtonFactory.kt,33,display-candidate,X,"button.text = if (""close"" == module) ""X"" else ModuleManager.displayTitle(context, module)"
app/src/main/java/ohi/andre/consolelauncher/managers/modules/ModuleDockButtonFactory.kt,80,display-candidate,✓ $label,"button.text = if (selected) ""✓ $label"" else label"
app/src/main/java/ohi/andre/consolelauncher/managers/modules/ModuleManager.kt,428,review-literal,timer -add 5m,"suggestions.add(ModuleSuggestion.Companion.command(""+5m"", ""timer -add 5m""))"
app/src/main/java/ohi/andre/consolelauncher/managers/modules/ModuleManager.kt,429,review-literal,timer -add 15m,"suggestions.add(ModuleSuggestion.Companion.command(""+15m"", ""timer -add 15m""))"
app/src/main/java/ohi/andre/consolelauncher/managers/modules/ModuleManager.kt,430,review-literal,timer 25m,"suggestions.add(ModuleSuggestion.Companion.command(""25m"", ""timer 25m""))"
app/src/main/java/ohi/andre/consolelauncher/managers/modules/ModuleManager.kt,431,review-literal,timer -stop,"suggestions.add(ModuleSuggestion.Companion.command(context.getString(R.string.module_action_stop), ""timer -stop""))"
app/src/main/java/ohi/andre/consolelauncher/managers/modules/ModuleManager.kt,432,review-literal,timer -status,"suggestions.add(ModuleSuggestion.Companion.command(context.getString(R.string.module_action_status), ""timer -status""))"
app/src/main/java/ohi/andre/consolelauncher/managers/modules/ModuleManager.kt,435,review-literal,music -previous,"suggestions.add(ModuleSuggestion.Companion.command(context.getString(R.string.module_action_prev), ""music -previous""))"
app/src/main/java/ohi/andre/consolelauncher/managers/modules/ModuleManager.kt,436,review-literal,music -play,"suggestions.add(ModuleSuggestion.Companion.command(context.getString(R.string.module_action_play), ""music -play""))"
app/src/main/java/ohi/andre/consolelauncher/managers/modules/ModuleManager.kt,437,review-literal,music -next,"suggestions.add(ModuleSuggestion.Companion.command(context.getString(R.string.module_action_next), ""music -next""))"
app/src/main/java/ohi/andre/consolelauncher/managers/modules/ModuleManager.kt,438,review-literal,music -info,"suggestions.add(ModuleSuggestion.Companion.command(context.getString(R.string.module_action_info), ""music -info""))"
app/src/main/java/ohi/andre/consolelauncher/managers/modules/ModuleManager.kt,439,review-literal,music -stop,"suggestions.add(ModuleSuggestion.Companion.command(context.getString(R.string.module_action_stop), ""music -stop""))"
app/src/main/java/ohi/andre/consolelauncher/managers/modules/ModuleManager.kt,445,review-literal,notifications -prev,"suggestions.add(ModuleSuggestion.Companion.command(context.getString(R.string.module_action_prev), ""notifications -prev""))"
app/src/main/java/ohi/andre/consolelauncher/managers/modules/ModuleManager.kt,446,review-literal,notifications -next,"suggestions.add(ModuleSuggestion.Companion.command(context.getString(R.string.module_action_next), ""notifications -next""))"
app/src/main/java/ohi/andre/consolelauncher/managers/modules/ModuleManager.kt,447,review-literal,notifications -reply,"suggestions.add(ModuleSuggestion.Companion.command(context.getString(R.string.module_action_reply), ""notifications -reply""))"
app/src/main/java/ohi/andre/consolelauncher/managers/modules/ModuleManager.kt,448,review-literal,notifications -open,"suggestions.add(ModuleSuggestion.Companion.command(context.getString(R.string.module_action_open), ""notifications -open""))"
app/src/main/java/ohi/andre/consolelauncher/managers/modules/ModuleManager.kt,449,review-literal,notifications -access,"suggestions.add(ModuleSuggestion.Companion.command(context.getString(R.string.module_action_access), ""notifications -access""))"
app/src/main/java/ohi/andre/consolelauncher/managers/modules/ModuleManager.kt,450,review-literal,notifications -ls,"suggestions.add(ModuleSuggestion.Companion.command(context.getString(R.string.module_action_rules), ""notifications -ls""))"
app/src/main/java/ohi/andre/consolelauncher/managers/modules/ModuleManager.kt,451,review-literal,notifications -file,"suggestions.add(ModuleSuggestion.Companion.command(context.getString(R.string.module_action_filters), ""notifications -file""))"
app/src/main/java/ohi/andre/consolelauncher/managers/modules/ModuleManager.kt,458,review-literal,notes -ls,"suggestions.add(ModuleSuggestion.Companion.command(context.getString(R.string.module_action_list), ""notes -ls""))"
app/src/main/java/ohi/andre/consolelauncher/managers/modules/ModuleManager.kt,459,review-literal,notes -add TODO: ,"suggestions.add(ModuleSuggestion.Companion.command(context.getString(R.string.module_action_todo), ""notes -add TODO: ""))"
app/src/main/java/ohi/andre/consolelauncher/managers/modules/ModuleManager.kt,460,review-literal,notes -cp 1,"suggestions.add(ModuleSuggestion.Companion.command(context.getString(R.string.module_action_copy), ""notes -cp 1""))"
app/src/main/java/ohi/andre/consolelauncher/managers/modules/ModuleManager.kt,461,review-literal,notes -clear,"suggestions.add(ModuleSuggestion.Companion.command(context.getString(R.string.module_action_clear), ""notes -clear""))"
app/src/main/java/ohi/andre/consolelauncher/managers/modules/ModuleManager.kt,464,review-literal,rss -ls,"suggestions.add(ModuleSuggestion.Companion.command(context.getString(R.string.module_action_list), ""rss -ls""))"
app/src/main/java/ohi/andre/consolelauncher/managers/modules/ModuleManager.kt,466,review-literal,rss -l ,"suggestions.add(ModuleSuggestion.Companion.command(context.getString(R.string.module_action_latest), ""rss -l "" + firstFeed))"
app/src/main/java/ohi/andre/consolelauncher/managers/modules/ModuleManager.kt,470,review-literal,rss -frc ,"""rss -frc "" + firstFeed"
app/src/main/java/ohi/andre/consolelauncher/managers/modules/ModuleManager.kt,476,review-literal,rss -info ,"""rss -info "" + firstFeed"
app/src/main/java/ohi/andre/consolelauncher/managers/modules/ModuleManager.kt,483,review-literal,rss -add 1 900 https://www.reddit.com/r/android/.rss,"""rss -add 1 900 https://www.reddit.com/r/android/.rss"""
app/src/main/java/ohi/andre/consolelauncher/managers/modules/ModuleManager.kt,486,review-literal,rss -file,"suggestions.add(ModuleSuggestion.Companion.command(context.getString(R.string.module_action_file), ""rss -file""))"
app/src/main/java/ohi/andre/consolelauncher/managers/modules/ModuleManager.kt,488,review-literal,tuiweather -update,"suggestions.add(ModuleSuggestion.Companion.command(context.getString(R.string.module_action_update), ""tuiweather -update""))"
app/src/main/java/ohi/andre/consolelauncher/managers/modules/ModuleManager.kt,489,review-literal,tuiweather -set_location ,"suggestions.add(ModuleSuggestion.Companion.command(context.getString(R.string.module_action_location), ""tuiweather -set_location ""))"
app/src/main/java/ohi/andre/consolelauncher/managers/modules/ModuleManager.kt,490,review-literal,tuiweather -enable,"suggestions.add(ModuleSuggestion.Companion.command(context.getString(R.string.module_action_show_status), ""tuiweather -enable""))"
app/src/main/java/ohi/andre/consolelauncher/managers/modules/ModuleManager.kt,491,review-literal,tuiweather -disable,"suggestions.add(ModuleSuggestion.Companion.command(context.getString(R.string.module_action_hide_status), ""tuiweather -disable""))"
app/src/main/java/ohi/andre/consolelauncher/managers/modules/ModuleManager.kt,492,review-literal,tuiweather -tutorial,"suggestions.add(ModuleSuggestion.Companion.command(context.getString(R.string.module_action_setup), ""tuiweather -tutorial""))"
app/src/main/java/ohi/andre/consolelauncher/managers/modules/ModuleManager.kt,522,review-literal,::title ,"if (line.startsWith(""::title "")) {"
app/src/main/java/ohi/andre/consolelauncher/managers/modules/ModuleManager.kt,523,review-literal,::title ,"payload.title = line.substring(""::title "".length).trim { it <= ' ' }"
app/src/main/java/ohi/andre/consolelauncher/managers/modules/ModuleManager.kt,524,review-literal,::body ,"} else if (rawLine.startsWith(""::body "")) {"
app/src/main/java/ohi/andre/consolelauncher/managers/modules/ModuleManager.kt,525,review-literal,::body ,"appendBodySegment(payload, rawLine.substring(""::body "".length), false)"
app/src/main/java/ohi/andre/consolelauncher/managers/modules/ModuleManager.kt,526,review-literal,::body ,"} else if (line.startsWith(""::body "")) {"
app/src/main/java/ohi/andre/consolelauncher/managers/modules/ModuleManager.kt,527,review-literal,::body ,"appendBodySegment(payload, line.substring(""::body "".length), false)"
app/src/main/java/ohi/andre/consolelauncher/managers/modules/ModuleManager.kt,532,review-literal,::suggest ,"} else if (line.startsWith(""::suggest "")) {"
app/src/main/java/ohi/andre/consolelauncher/managers/modules/ModuleManager.kt,534,review-literal,::suggest ,"parseSuggestion(line.substring(""::suggest "".length).trim { it <= ' ' })"
app/src/main/java/ohi/andre/consolelauncher/managers/modules/ModuleManager.kt,550,review-literal,::pre ,"return rawLine.startsWith(""::pre "")"
app/src/main/java/ohi/andre/consolelauncher/managers/modules/ModuleManager.kt,551,review-literal,::ascii ,"|| rawLine.startsWith(""::ascii "")"
app/src/main/java/ohi/andre/consolelauncher/managers/modules/ModuleManager.kt,552,review-literal,::code ,"|| rawLine.startsWith(""::code "")"
app/src/main/java/ohi/andre/consolelauncher/managers/modules/ModuleManager.kt,553,review-literal,::pre ,"|| line.startsWith(""::pre "")"
app/src/main/java/ohi/andre/consolelauncher/managers/modules/ModuleManager.kt,554,review-literal,::ascii ,"|| line.startsWith(""::ascii "")"
app/src/main/java/ohi/andre/consolelauncher/managers/modules/ModuleManager.kt,555,review-literal,::code ,"|| line.startsWith(""::code "")"
app/src/main/java/ohi/andre/consolelauncher/managers/modules/ModuleManager.kt,559,review-literal,::pre ,"val prefixes = arrayOf(""::pre "", ""::ascii "", ""::code "")"
app/src/main/java/ohi/andre/consolelauncher/managers/modules/ModuleManager.kt,559,review-literal,::ascii ,"val prefixes = arrayOf(""::pre "", ""::ascii "", ""::code "")"
app/src/main/java/ohi/andre/consolelauncher/managers/modules/ModuleManager.kt,559,review-literal,::code ,"val prefixes = arrayOf(""::pre "", ""::ascii "", ""::code "")"
app/src/main/java/ohi/andre/consolelauncher/managers/modules/ModulePromptManager.kt,96,review-literal,RetuiReplyDebug,"Log.i(""RetuiReplyDebug"", ""module reply prompt started pkg="" + pkg + "" label="" + label)"
app/src/main/java/ohi/andre/consolelauncher/managers/modules/ModulePromptManager.kt,96,review-literal,module reply prompt started pkg=,"Log.i(""RetuiReplyDebug"", ""module reply prompt started pkg="" + pkg + "" label="" + label)"
app/src/main/java/ohi/andre/consolelauncher/managers/modules/ModulePromptManager.kt,96,review-literal, label=,"Log.i(""RetuiReplyDebug"", ""module reply prompt started pkg="" + pkg + "" label="" + label)"
app/src/main/java/ohi/andre/consolelauncher/managers/modules/ModulePromptManager.kt,174,review-literal,RetuiReplyDebug,"""RetuiReplyDebug"", (""module reply input captured pkg="""
app/src/main/java/ohi/andre/consolelauncher/managers/modules/ModulePromptManager.kt,174,review-literal,module reply input captured pkg=,"""RetuiReplyDebug"", (""module reply input captured pkg="""
app/src/main/java/ohi/andre/consolelauncher/managers/modules/ModulePromptManager.kt,176,display-candidate, text=,"+ "" text="" + value)"
app/src/main/java/ohi/andre/consolelauncher/managers/modules/ReminderManager.kt,112,review-literal,ID ,"out.append(""ID "").append(index++)"
app/src/main/java/ohi/andre/consolelauncher/managers/modules/ReminderManager.kt,178,review-literal,dd/MM/yyyy h:mma,"""dd/MM/yyyy h:mma"","
app/src/main/java/ohi/andre/consolelauncher/managers/modules/ReminderManager.kt,179,review-literal,dd/MM/yyyy hh:mma,"""dd/MM/yyyy hh:mma"","
app/src/main/java/ohi/andre/consolelauncher/managers/modules/ReminderManager.kt,180,review-literal,dd/MM/yyyy HH:mm,"""dd/MM/yyyy HH:mm"","
app/src/main/java/ohi/andre/consolelauncher/managers/modules/ReminderManager.kt,181,review-literal,dd-MM-yyyy h:mma,"""dd-MM-yyyy h:mma"","
app/src/main/java/ohi/andre/consolelauncher/managers/modules/ReminderManager.kt,182,review-literal,dd-MM-yyyy HH:mm,"""dd-MM-yyyy HH:mm"","
app/src/main/java/ohi/andre/consolelauncher/managers/modules/ReminderManager.kt,183,review-literal,yyyy-MM-dd h:mma,"""yyyy-MM-dd h:mma"","
app/src/main/java/ohi/andre/consolelauncher/managers/modules/ReminderManager.kt,184,review-literal,yyyy-MM-dd HH:mm,"""yyyy-MM-dd HH:mm"""
app/src/main/java/ohi/andre/consolelauncher/managers/modules/UpcomingEventsManager.kt,63,review-literal, ASC,"CalendarContract.Instances.BEGIN + "" ASC"""
app/src/main/java/ohi/andre/consolelauncher/managers/modules/UpcomingEventsManager.kt,102,review-literal,::title Events\n,"out.append(""::title Events\n"")"
app/src/main/java/ohi/andre/consolelauncher/managers/modules/UpcomingEventsManager.kt,104,review-literal,::body ,"out.append(""::body "").append(line).append('\n')"
app/src/main/java/ohi/andre/consolelauncher/managers/modules/UpcomingEventsManager.kt,106,review-literal,::suggest refresh | command | module -refresh events\n,"out.append(""::suggest refresh | command | module -refresh events\n"")"
app/src/main/java/ohi/andre/consolelauncher/managers/modules/UpcomingEventsManager.kt,107,review-literal,::suggest access | command | events -access\n,"out.append(""::suggest access | command | events -access\n"")"
app/src/main/java/ohi/andre/consolelauncher/managers/modules/UpcomingEventsManager.kt,108,review-literal,::suggest open | command | intent -view content://com.android.calendar/time/,"out.append(""::suggest open | command | intent -view content://com.android.calendar/time/"")"
app/src/main/java/ohi/andre/consolelauncher/managers/modules/UpcomingEventsManager.kt,136,review-literal, ASC,"CalendarContract.Instances.BEGIN + "" ASC"""
app/src/main/java/ohi/andre/consolelauncher/managers/modules/UpcomingEventsManager.kt,205,review-literal,[Upcoming events today],"return ""[Upcoming events today]"""
app/src/main/java/ohi/andre/consolelauncher/managers/modules/UpcomingEventsManager.kt,208,review-literal,[Upcoming events today + 1 day],"return ""[Upcoming events today + 1 day]"""
app/src/main/java/ohi/andre/consolelauncher/managers/modules/UpcomingEventsManager.kt,210,review-literal,[Upcoming events today + ,"return ""[Upcoming events today + "" + lookaheadDays + "" days]"""
app/src/main/java/ohi/andre/consolelauncher/managers/modules/UpcomingEventsManager.kt,210,review-literal, days],"return ""[Upcoming events today + "" + lookaheadDays + "" days]"""
app/src/main/java/ohi/andre/consolelauncher/managers/modules/UpcomingEventsManager.kt,215,review-literal,No upcoming events today.,"return ""No upcoming events today."""
app/src/main/java/ohi/andre/consolelauncher/managers/modules/UpcomingEventsManager.kt,218,review-literal,No upcoming events today or tomorrow.,"return ""No upcoming events today or tomorrow."""
app/src/main/java/ohi/andre/consolelauncher/managers/modules/UpcomingEventsManager.kt,220,review-literal,No upcoming events through today + ,"return ""No upcoming events through today + "" + lookaheadDays + "" days."""
app/src/main/java/ohi/andre/consolelauncher/managers/modules/UpcomingEventsManager.kt,220,review-literal, days.,"return ""No upcoming events through today + "" + lookaheadDays + "" days."""
app/src/main/java/ohi/andre/consolelauncher/managers/modules/UpcomingEventsManager.kt,227,review-literal, MMM yyyy,"val pattern = if (allDay) "" MMM yyyy"" else "" MMM yyyy hh:mma"""
app/src/main/java/ohi/andre/consolelauncher/managers/modules/UpcomingEventsManager.kt,227,review-literal, MMM yyyy hh:mma,"val pattern = if (allDay) "" MMM yyyy"" else "" MMM yyyy hh:mma"""
app/src/main/java/ohi/andre/consolelauncher/managers/modules/UpcomingEventsManager.kt,236,review-literal, MMM yyyy,"val suffix = SimpleDateFormat("" MMM yyyy"", Locale.US)"
app/src/main/java/ohi/andre/consolelauncher/managers/music/MusicService.kt,367,review-literal,End of show.,"return ""End of show."""
app/src/main/java/ohi/andre/consolelauncher/managers/music/Song.kt,34,review-literal,Unknown,"singer = ""Unknown"""
app/src/main/java/ohi/andre/consolelauncher/managers/notifications/DevReplyReceiver.kt,20,review-literal,RetuiReplyDebug,"""RetuiReplyDebug"","
app/src/main/java/ohi/andre/consolelauncher/managers/notifications/DevReplyReceiver.kt,21,review-literal,dev reply received action=,"""dev reply received action="" +"
app/src/main/java/ohi/andre/consolelauncher/managers/notifications/DevReplyReceiver.kt,23,review-literal, reply=,""" reply="" + (reply ?: ""<null>"") +"
app/src/main/java/ohi/andre/consolelauncher/managers/notifications/DevReplyReceiver.kt,24,review-literal, remoteInputKeys=,""" remoteInputKeys="" + bundleKeys(results) +"
app/src/main/java/ohi/andre/consolelauncher/managers/notifications/DevReplyReceiver.kt,25,review-literal, intentExtraKeys=,""" intentExtraKeys="" + bundleKeys(intent?.extras)"
app/src/main/java/ohi/andre/consolelauncher/managers/notifications/DevReplyReceiver.kt,28,review-literal,DEVUTILS NOTIFY REPLY,"val out = StringBuilder(""DEVUTILS NOTIFY REPLY"")"
app/src/main/java/ohi/andre/consolelauncher/managers/notifications/DevReplyReceiver.kt,30,review-literal,action: ,".append(""action: "")"
app/src/main/java/ohi/andre/consolelauncher/managers/notifications/DevReplyReceiver.kt,33,review-literal,reply: ,".append(""reply: "")"
app/src/main/java/ohi/andre/consolelauncher/managers/notifications/DevReplyReceiver.kt,37,review-literal,remote_input_keys: ,".append(""remote_input_keys: "")"
app/src/main/java/ohi/andre/consolelauncher/managers/notifications/DevReplyReceiver.kt,42,review-literal,intent_extra_keys: ,".append(""intent_extra_keys: "")"
app/src/main/java/ohi/andre/consolelauncher/managers/notifications/KeeperService.kt,78,review-literal,MissingPermission,"@SuppressLint(""MissingPermission"")"
app/src/main/java/ohi/andre/consolelauncher/managers/notifications/KeeperService.kt,215,review-literal,su ,"val su = cmd.startsWith(""su "")"
app/src/main/java/ohi/andre/consolelauncher/managers/notifications/NotificationManager.kt,289,review-literal,Default app state: ,"builder.append(""Default app state: "")"
app/src/main/java/ohi/andre/consolelauncher/managers/notifications/NotificationManager.kt,293,review-literal,Included apps:,"builder.append(""Included apps:"")"
app/src/main/java/ohi/andre/consolelauncher/managers/notifications/NotificationManager.kt,303,review-literal,Excluded apps:,"builder.append(Tuils.NEWLINE).append(""Excluded apps:"")"
app/src/main/java/ohi/andre/consolelauncher/managers/notifications/NotificationManager.kt,313,review-literal,Filters:,"builder.append(Tuils.NEWLINE).append(""Filters:"")"
app/src/main/java/ohi/andre/consolelauncher/managers/notifications/NotificationManager.kt,361,review-literal,NOTIFICATIONS,"private const val NAME = ""NOTIFICATIONS"""
app/src/main/java/ohi/andre/consolelauncher/managers/notifications/NotificationService.kt,63,review-literal,Lines,"private val LINES_LABEL = ""Lines"""
app/src/main/java/ohi/andre/consolelauncher/managers/notifications/NotificationService.kt,172,review-literal,TUI-Music,"""TUI-Music"","
app/src/main/java/ohi/andre/consolelauncher/managers/notifications/NotificationService.kt,173,review-literal,Handling control command: ,"""Handling control command: "" + cmd + "" for "" + activeController.getPackageName()"
app/src/main/java/ohi/andre/consolelauncher/managers/notifications/NotificationService.kt,173,review-literal, for ,"""Handling control command: "" + cmd + "" for "" + activeController.getPackageName()"
app/src/main/java/ohi/andre/consolelauncher/managers/notifications/NotificationService.kt,206,review-literal,TUI-Music,"""TUI-Music"","
app/src/main/java/ohi/andre/consolelauncher/managers/notifications/NotificationService.kt,207,review-literal,updateActiveSessions: ,"""updateActiveSessions: "" + (if (controllers != null) controllers.size else 0) + "" sessions"""
app/src/main/java/ohi/andre/consolelauncher/managers/notifications/NotificationService.kt,207,review-literal, sessions,"""updateActiveSessions: "" + (if (controllers != null) controllers.size else 0) + "" sessions"""
app/src/main/java/ohi/andre/consolelauncher/managers/notifications/NotificationService.kt,218,review-literal,TUI-Music,"Log.d(""TUI-Music"", ""Registered callback for: "" + controller.getPackageName())"
app/src/main/java/ohi/andre/consolelauncher/managers/notifications/NotificationService.kt,218,review-literal,Registered callback for: ,"Log.d(""TUI-Music"", ""Registered callback for: "" + controller.getPackageName())"
app/src/main/java/ohi/andre/consolelauncher/managers/notifications/NotificationService.kt,227,review-literal,TUI-Music,"Log.d(""TUI-Music"", ""No active controllers to broadcast"")"
app/src/main/java/ohi/andre/consolelauncher/managers/notifications/NotificationService.kt,227,review-literal,No active controllers to broadcast,"Log.d(""TUI-Music"", ""No active controllers to broadcast"")"
app/src/main/java/ohi/andre/consolelauncher/managers/notifications/NotificationService.kt,245,review-literal,TUI-Music,"""TUI-Music"","
app/src/main/java/ohi/andre/consolelauncher/managers/notifications/NotificationService.kt,246,review-literal,Active controller ,"""Active controller "" + activeController.getPackageName() + "" is not preferred. Hiding widget."""
app/src/main/java/ohi/andre/consolelauncher/managers/notifications/NotificationService.kt,246,review-literal, is not preferred. Hiding widget.,"""Active controller "" + activeController.getPackageName() + "" is not preferred. Hiding widget."""
app/src/main/java/ohi/andre/consolelauncher/managers/notifications/NotificationService.kt,272,review-literal,TUI-Music,"""TUI-Music"","
app/src/main/java/ohi/andre/consolelauncher/managers/notifications/NotificationService.kt,273,review-literal,Broadcasting: ,"""Broadcasting: "" + title + "" by "" + artist + "" (playing="" + isPlaying + "") pkg="" + activeController.getPackageName()"
app/src/main/java/ohi/andre/consolelauncher/managers/notifications/NotificationService.kt,273,review-literal, by ,"""Broadcasting: "" + title + "" by "" + artist + "" (playing="" + isPlaying + "") pkg="" + activeController.getPackageName()"
app/src/main/java/ohi/andre/consolelauncher/managers/notifications/NotificationService.kt,273,review-literal, (playing=,"""Broadcasting: "" + title + "" by "" + artist + "" (playing="" + isPlaying + "") pkg="" + activeController.getPackageName()"
app/src/main/java/ohi/andre/consolelauncher/managers/notifications/NotificationService.kt,273,review-literal,) pkg=,"""Broadcasting: "" + title + "" by "" + artist + "" (playing="" + isPlaying + "") pkg="" + activeController.getPackageName()"
app/src/main/java/ohi/andre/consolelauncher/managers/notifications/NotificationService.kt,289,review-literal,TUI-Music,"""TUI-Music"","
app/src/main/java/ohi/andre/consolelauncher/managers/notifications/NotificationService.kt,290,review-literal,No metadata for active controller: ,"""No metadata for active controller: "" + activeController.getPackageName()"
app/src/main/java/ohi/andre/consolelauncher/managers/notifications/NotificationService.kt,465,review-literal,TUI-Music,"Log.d(""TUI-Music"", ""NotificationListener connected"")"
app/src/main/java/ohi/andre/consolelauncher/managers/notifications/NotificationService.kt,465,review-literal,NotificationListener connected,"Log.d(""TUI-Music"", ""NotificationListener connected"")"
app/src/main/java/ohi/andre/consolelauncher/managers/notifications/NotificationService.kt,476,review-literal,TUI-Music,"Log.d(""TUI-Music"", ""NotificationListener disconnected"")"
app/src/main/java/ohi/andre/consolelauncher/managers/notifications/NotificationService.kt,476,review-literal,NotificationListener disconnected,"Log.d(""TUI-Music"", ""NotificationListener disconnected"")"
app/src/main/java/ohi/andre/consolelauncher/managers/notifications/NotificationService.kt,494,review-literal,TUI-Music,"""TUI-Music"","
app/src/main/java/ohi/andre/consolelauncher/managers/notifications/NotificationService.kt,495,review-literal,Initial active sessions count: ,"""Initial active sessions count: "" + sessions.size"
app/src/main/java/ohi/andre/consolelauncher/managers/notifications/NotificationService.kt,499,review-literal,TUI-Music,"Log.e(""TUI-Music"", ""MediaSession access denied: "" + e.message)"
app/src/main/java/ohi/andre/consolelauncher/managers/notifications/NotificationService.kt,499,review-literal,MediaSession access denied: ,"Log.e(""TUI-Music"", ""MediaSession access denied: "" + e.message)"
app/src/main/java/ohi/andre/consolelauncher/managers/notifications/NotificationService.kt,501,review-literal,TUI-Music,"Log.e(""TUI-Music"", ""Error setting up MediaSession: "" + e.message)"
app/src/main/java/ohi/andre/consolelauncher/managers/notifications/NotificationService.kt,501,review-literal,Error setting up MediaSession: ,"Log.e(""TUI-Music"", ""Error setting up MediaSession: "" + e.message)"
app/src/main/java/ohi/andre/consolelauncher/managers/notifications/NotificationService.kt,538,review-literal,TUI-Notif,"""TUI-Notif"","
app/src/main/java/ohi/andre/consolelauncher/managers/notifications/NotificationService.kt,539,review-literal,Processing notification from: ,"""Processing notification from: "" + currentSbn.getPackageName()"
app/src/main/java/ohi/andre/consolelauncher/managers/notifications/NotificationService.kt,886,review-literal,TUI-Music,"Log.d(""TUI-Music"", ""onNotificationPosted: "" + sbn.getPackageName())"
app/src/main/java/ohi/andre/consolelauncher/managers/notifications/NotificationService.kt,886,review-literal,onNotificationPosted: ,"Log.d(""TUI-Music"", ""onNotificationPosted: "" + sbn.getPackageName())"
app/src/main/java/ohi/andre/consolelauncher/managers/notifications/NotificationService.kt,915,review-literal,TUI-Music,"""TUI-Music"","
app/src/main/java/ohi/andre/consolelauncher/managers/notifications/NotificationService.kt,916,review-literal,Creating new MediaController from notification token for ,"""Creating new MediaController from notification token for "" + packageName"
app/src/main/java/ohi/andre/consolelauncher/managers/notifications/NotificationService.kt,923,review-literal,TUI-Music,"Log.e(""TUI-Music"", ""Error creating MediaController from token"", e)"
app/src/main/java/ohi/andre/consolelauncher/managers/notifications/NotificationService.kt,923,review-literal,Error creating MediaController from token,"Log.e(""TUI-Music"", ""Error creating MediaController from token"", e)"
app/src/main/java/ohi/andre/consolelauncher/managers/notifications/NotificationService.kt,985,review-literal,Notification access denied while seeding overlay: ,"Tuils.log(""Notification access denied while seeding overlay: "" + e.message)"
app/src/main/java/ohi/andre/consolelauncher/managers/notifications/NotificationService.kt,1085,review-literal,--- null,"if (clean.contains(""%pkg"") || clean.contains(""%t"") || clean.contains(""--- null"")) {"
app/src/main/java/ohi/andre/consolelauncher/managers/notifications/NotificationService.kt,1127,review-literal,Unable to clear notification: ,"Tuils.log(""Unable to clear notification: "" + e.message)"
app/src/main/java/ohi/andre/consolelauncher/managers/notifications/reply/ReplyManager.kt,87,review-literal,RetuiReplyDebug,"""RetuiReplyDebug"", (""ReplyManager ACTION received id="" + app"
app/src/main/java/ohi/andre/consolelauncher/managers/notifications/reply/ReplyManager.kt,87,review-literal,ReplyManager ACTION received id=,"""RetuiReplyDebug"", (""ReplyManager ACTION received id="" + app"
app/src/main/java/ohi/andre/consolelauncher/managers/notifications/reply/ReplyManager.kt,88,review-literal, hasText=,"+ "" hasText="" + (what != null))"
app/src/main/java/ohi/andre/consolelauncher/managers/notifications/reply/ReplyManager.kt,97,review-literal,RetuiReplyDebug,"Log.w(""RetuiReplyDebug"", ""ReplyManager app not bound pkg="" + app)"
app/src/main/java/ohi/andre/consolelauncher/managers/notifications/reply/ReplyManager.kt,97,review-literal,ReplyManager app not bound pkg=,"Log.w(""RetuiReplyDebug"", ""ReplyManager app not bound pkg="" + app)"
app/src/main/java/ohi/andre/consolelauncher/managers/notifications/reply/ReplyManager.kt,113,review-literal,RetuiReplyDebug,"""RetuiReplyDebug"", (""ReplyManager dispatching reply appId="" + id"
app/src/main/java/ohi/andre/consolelauncher/managers/notifications/reply/ReplyManager.kt,113,review-literal,ReplyManager dispatching reply appId=,"""RetuiReplyDebug"", (""ReplyManager dispatching reply appId="" + id"
app/src/main/java/ohi/andre/consolelauncher/managers/notifications/reply/ReplyManager.kt,114,display-candidate, text=,"+ "" text="" + what)"
app/src/main/java/ohi/andre/consolelauncher/managers/notifications/reply/ReplyManager.kt,257,review-literal,RetuiReplyDebug,"""RetuiReplyDebug"", (""ReplyManager found notification wear appId="" + applicationId"
app/src/main/java/ohi/andre/consolelauncher/managers/notifications/reply/ReplyManager.kt,257,review-literal,ReplyManager found notification wear appId=,"""RetuiReplyDebug"", (""ReplyManager found notification wear appId="" + applicationId"
app/src/main/java/ohi/andre/consolelauncher/managers/notifications/reply/ReplyManager.kt,258,review-literal, remoteInputCount=,"+ "" remoteInputCount="" + (if (wear.remoteInputs == null) 0 else wear.remoteInputs!!.size)"
app/src/main/java/ohi/andre/consolelauncher/managers/notifications/reply/ReplyManager.kt,259,review-literal, actionTitle=,"+ "" actionTitle="" + wear.actionTitle)"
app/src/main/java/ohi/andre/consolelauncher/managers/notifications/reply/ReplyManager.kt,263,review-literal,RetuiReplyDebug,"Log.w(""RetuiReplyDebug"", ""ReplyManager no notification wear appId="" + applicationId)"
app/src/main/java/ohi/andre/consolelauncher/managers/notifications/reply/ReplyManager.kt,263,review-literal,ReplyManager no notification wear appId=,"Log.w(""RetuiReplyDebug"", ""ReplyManager no notification wear appId="" + applicationId)"
app/src/main/java/ohi/andre/consolelauncher/managers/notifications/reply/ReplyManager.kt,273,review-literal,RetuiReplyDebug,"""RetuiReplyDebug"", (""ReplyManager sending to PrivateIO id="" + notificationWear.id"
app/src/main/java/ohi/andre/consolelauncher/managers/notifications/reply/ReplyManager.kt,273,review-literal,ReplyManager sending to PrivateIO id=,"""RetuiReplyDebug"", (""ReplyManager sending to PrivateIO id="" + notificationWear.id"
app/src/main/java/ohi/andre/consolelauncher/managers/notifications/reply/ReplyManager.kt,274,review-literal, app=,"+ "" app="" + (if (notificationWear.app == null) ""null"" else notificationWear.app!!.packageName)"
app/src/main/java/ohi/andre/consolelauncher/managers/notifications/reply/ReplyManager.kt,275,review-literal, actionTitle=,"+ "" actionTitle="" + notificationWear.actionTitle"
app/src/main/java/ohi/andre/consolelauncher/managers/notifications/reply/ReplyManager.kt,276,review-literal, remoteInputCount=,"+ "" remoteInputCount="" + (if (remoteInputs == null) 0 else remoteInputs.size))"
app/src/main/java/ohi/andre/consolelauncher/managers/notifications/reply/ReplyManager.kt,317,review-literal,RetuiReplyDebug,"""RetuiReplyDebug"","
app/src/main/java/ohi/andre/consolelauncher/managers/notifications/reply/ReplyManager.kt,318,review-literal,no reply action captured pkg=,"(""no reply action captured pkg="" + statusBarNotification.getPackageName()"
app/src/main/java/ohi/andre/consolelauncher/managers/notifications/reply/ReplyManager.kt,319,review-literal, actionCount=,"+ "" actionCount="" + (if (notification.actions == null) 0 else notification.actions.size)"
app/src/main/java/ohi/andre/consolelauncher/managers/notifications/reply/ReplyManager.kt,320,review-literal, wearableActionCount=,"+ "" wearableActionCount="" + wearableExtender.getActions().size"
app/src/main/java/ohi/andre/consolelauncher/managers/notifications/reply/ReplyManager.kt,321,review-literal, hasWearableExtras=,"+ "" hasWearableExtras="" + notification.extras.containsKey(""android.wearable.EXTENSIONS""))"
app/src/main/java/ohi/andre/consolelauncher/managers/notifications/reply/ReplyManager.kt,329,review-literal,RetuiReplyDebug,"""RetuiReplyDebug"","
app/src/main/java/ohi/andre/consolelauncher/managers/notifications/reply/ReplyManager.kt,330,review-literal,captured reply action pkg=,"(""captured reply action pkg="" + statusBarNotification.getPackageName()"
app/src/main/java/ohi/andre/consolelauncher/managers/notifications/reply/ReplyManager.kt,331,review-literal, id=,"+ "" id="" + notificationWear.id"
app/src/main/java/ohi/andre/consolelauncher/managers/notifications/reply/ReplyManager.kt,332,review-literal, title=,"+ "" title="" + notificationWear.actionTitle"
app/src/main/java/ohi/andre/consolelauncher/managers/notifications/reply/ReplyManager.kt,333,review-literal, semantic=,"+ "" semantic="" + notificationWear.semanticAction"
app/src/main/java/ohi/andre/consolelauncher/managers/notifications/reply/ReplyManager.kt,334,review-literal, remoteInputCount=,"+ "" remoteInputCount="" + notificationWear.remoteInputs!!.size)"
app/src/main/java/ohi/andre/consolelauncher/managers/notifications/reply/ReplyManager.kt,598,review-literal,REPLY,"var NAME: String = ""REPLY"""
app/src/main/java/ohi/andre/consolelauncher/managers/onboarding/GuideManager.kt,50,review-literal,apps -ls,"""apps -ls"""
app/src/main/java/ohi/andre/consolelauncher/managers/onboarding/GuideManager.kt,55,review-literal,module -ls,"""module -ls"""
app/src/main/java/ohi/andre/consolelauncher/managers/onboarding/GuideManager.kt,73,review-literal,wallpaper -auto,"""wallpaper -auto"""
app/src/main/java/ohi/andre/consolelauncher/managers/onboarding/GuideManager.kt,78,review-literal,preset -ls,"""preset -ls"""
app/src/main/java/ohi/andre/consolelauncher/managers/onboarding/GuideManager.kt,89,review-literal,config -ls,"""config -ls"""
app/src/main/java/ohi/andre/consolelauncher/managers/onboarding/GuideManager.kt,101,review-literal,module -ls,"""module -ls"""
app/src/main/java/ohi/andre/consolelauncher/managers/onboarding/GuideManager.kt,106,review-literal,module -show notes,"""module -show notes"""
app/src/main/java/ohi/andre/consolelauncher/managers/onboarding/GuideManager.kt,111,review-literal,module -show timer,"""module -show timer"""
app/src/main/java/ohi/andre/consolelauncher/managers/onboarding/GuideManager.kt,116,review-literal,help module,"""help module"""
app/src/main/java/ohi/andre/consolelauncher/managers/onboarding/GuideManager.kt,130,review-literal,  guide -start ,"output.append(""  guide -start "").append(path.id)"
app/src/main/java/ohi/andre/consolelauncher/managers/onboarding/GuideManager.kt,233,review-literal,guide -next,"Suggestion(""guide -next"", true),"
app/src/main/java/ohi/andre/consolelauncher/managers/onboarding/GuideManager.kt,234,review-literal,guide -back,"Suggestion(""guide -back"", true),"
app/src/main/java/ohi/andre/consolelauncher/managers/onboarding/GuideManager.kt,235,review-literal,guide -off,"Suggestion(""guide -off"", true)"
app/src/main/java/ohi/andre/consolelauncher/managers/onboarding/GuideManager.kt,243,review-literal,guide -start basics,"suggestions.add(Suggestion(""guide -start basics"", true))"
app/src/main/java/ohi/andre/consolelauncher/managers/onboarding/GuideManager.kt,244,review-literal,guide -start customize,"suggestions.add(Suggestion(""guide -start customize"", true))"
app/src/main/java/ohi/andre/consolelauncher/managers/onboarding/GuideManager.kt,245,review-literal,guide -start modules,"suggestions.add(Suggestion(""guide -start modules"", true))"
app/src/main/java/ohi/andre/consolelauncher/managers/onboarding/GuideManager.kt,247,review-literal,guide -status,"suggestions.add(Suggestion(""guide -status"", true))"
app/src/main/java/ohi/andre/consolelauncher/managers/onboarding/GuideManager.kt,248,review-literal,guide -next,"suggestions.add(Suggestion(""guide -next"", true))"
app/src/main/java/ohi/andre/consolelauncher/managers/onboarding/GuideManager.kt,249,review-literal,guide -off,"suggestions.add(Suggestion(""guide -off"", true))"
app/src/main/java/ohi/andre/consolelauncher/managers/onboarding/GuideManager.kt,255,review-literal,-start basics,"""-start basics"","
app/src/main/java/ohi/andre/consolelauncher/managers/onboarding/GuideManager.kt,256,review-literal,-start customize,"""-start customize"","
app/src/main/java/ohi/andre/consolelauncher/managers/onboarding/GuideManager.kt,257,review-literal,-start modules,"""-start modules"","
app/src/main/java/ohi/andre/consolelauncher/managers/onboarding/GuideManager.kt,259,review-literal,-restart basics,"""-restart basics"","
app/src/main/java/ohi/andre/consolelauncher/managers/onboarding/StartupMenuManager.kt,300,review-literal,GestureBackNavigation,"@SuppressLint(""GestureBackNavigation"")"
app/src/main/java/ohi/andre/consolelauncher/managers/podcast/PodcastManager.kt,343,review-literal,User-Agent,".header(""User-Agent"", ""ReTUI/1.0 Android Podcast"")"
app/src/main/java/ohi/andre/consolelauncher/managers/podcast/PodcastManager.kt,343,review-literal,ReTUI/1.0 Android Podcast,".header(""User-Agent"", ""ReTUI/1.0 Android Podcast"")"
app/src/main/java/ohi/andre/consolelauncher/managers/podcast/PodcastParser.kt,19,review-literal,"EEE, dd MMM yyyy HH:mm:ss Z","""EEE, dd MMM yyyy HH:mm:ss Z"","
app/src/main/java/ohi/andre/consolelauncher/managers/podcast/PodcastParser.kt,20,review-literal,"EEE, d MMM yyyy HH:mm:ss Z","""EEE, d MMM yyyy HH:mm:ss Z"","
app/src/main/java/ohi/andre/consolelauncher/managers/podcast/PodcastParser.kt,27,review-literal,Podcast feeds cannot contain a DOCTYPE,"if (containsDoctype(feedBytes)) throw IllegalArgumentException(""Podcast feeds cannot contain a DOCTYPE"")"
app/src/main/java/ohi/andre/consolelauncher/managers/podcast/PodcastParser.kt,55,review-literal,SHA-1,"val digest = MessageDigest.getInstance(""SHA-1"").digest(value.toByteArray(Charsets.UTF_8))"
app/src/main/java/ohi/andre/consolelauncher/managers/podcast/PodcastParser.kt,195,review-literal,Podcast feed exceeds ${MAX_FEED_BYTES / (1024 * 1024)} MB,"throw IOException(""Podcast feed exceeds ${MAX_FEED_BYTES / (1024 * 1024)} MB"")"
app/src/main/java/ohi/andre/consolelauncher/managers/settings/LauncherSettings.kt,89,review-literal,settings_snapshot_loaded: ,"return ""settings_snapshot_loaded: "" + snapshotLoaded +"
app/src/main/java/ohi/andre/consolelauncher/managers/settings/LauncherSettings.kt,90,review-literal,\nsettings_snapshot_values: ,"""\nsettings_snapshot_values: "" + snapshot.size"
app/src/main/java/ohi/andre/consolelauncher/managers/status/AsciiAnimationManager.kt,105,review-literal,ascii.txt not found,"return ""ascii.txt not found"""
app/src/main/java/ohi/andre/consolelauncher/managers/status/NetworkManager.kt,146,review-literal,WiFi,"compactConnectionUsesWifi -> wifiName ?: ""WiFi"""
app/src/main/java/ohi/andre/consolelauncher/managers/status/NetworkManager.kt,148,review-literal,Mobile data,"if (mobileType == ""unknown"") ""Mobile data"" else ""Mobile data $mobileType"""
app/src/main/java/ohi/andre/consolelauncher/managers/status/NetworkManager.kt,148,review-literal,Mobile data $mobileType,"if (mobileType == ""unknown"") ""Mobile data"" else ""Mobile data $mobileType"""
app/src/main/java/ohi/andre/consolelauncher/managers/status/WeatherManager.kt,1,review-literal,DEPRECATION,"@file:Suppress(""DEPRECATION"")"
app/src/main/java/ohi/andre/consolelauncher/managers/status/WeatherResponseParser.kt,52,review-literal, K,"""standard"" -> "" K"""
app/src/main/java/ohi/andre/consolelauncher/managers/status/WeatherResponseParser.kt,55,review-literal, mph,"val windUnit = if (measure == ""imperial"") "" mph"" else "" m/s"""
app/src/main/java/ohi/andre/consolelauncher/managers/status/WeatherResponseParser.kt,55,review-literal, m/s,"val windUnit = if (measure == ""imperial"") "" mph"" else "" m/s"""
app/src/main/java/ohi/andre/consolelauncher/managers/status/WeatherResponseParser.kt,66,review-literal,    .-.\n   (   ).\n  (___(__)\n   /_/ /_/,"""thunder"" in symbol -> ""    .-.\n   (   ).\n  (___(__)\n   /_/ /_/"""
app/src/main/java/ohi/andre/consolelauncher/managers/status/WeatherResponseParser.kt,67,review-literal,    .-.\n   (   ).\n  (___(__)\n   *  *  *,"""snow"" in symbol -> ""    .-.\n   (   ).\n  (___(__)\n   *  *  *"""
app/src/main/java/ohi/andre/consolelauncher/managers/status/WeatherResponseParser.kt,68,review-literal,    .-.\n   (   ).\n  (___(__)\n   / / / /,"""rain"" in symbol || ""sleet"" in symbol -> ""    .-.\n   (   ).\n  (___(__)\n   / / / /"""
app/src/main/java/ohi/andre/consolelauncher/managers/status/WeatherResponseParser.kt,69,review-literal, _ - _ - _\n  _ - _ -\n _ - _ - _,"symbol == ""fog"" -> "" _ - _ - _\n  _ - _ -\n _ - _ - _"""
app/src/main/java/ohi/andre/consolelauncher/managers/status/WeatherResponseParser.kt,70,review-literal,"   \\  /\n _ /\""\"".-.\n   \\_(   ).\n   /(___(__)","symbol.startsWith(""partlycloudy"") -> ""   \\  /\n _ /\""\"".-.\n   \\_(   ).\n   /(___(__)"""
app/src/main/java/ohi/andre/consolelauncher/managers/status/WeatherResponseParser.kt,71,review-literal,    .--.\n .-(    ).\n(___.__)__),"symbol == ""cloudy"" -> ""    .--.\n .-(    ).\n(___.__)__)"""
app/src/main/java/ohi/andre/consolelauncher/managers/status/WeatherResponseParser.kt,72,review-literal,   \\ | /\n    .-.\n --(   )--\n    `-',"symbol.startsWith(""fair"") || symbol.startsWith(""clearsky"") -> ""   \\ | /\n    .-.\n --(   )--\n    `-'"""
app/src/main/java/ohi/andre/consolelauncher/managers/suggestions/SuggestionsManager.kt,135,review-literal,voice call,"private val VOLUME_GET_STREAMS = arrayOf(""voice call"", ""system"", ""ringer"", ""media"", ""alarm"", ""notification"")"
app/src/main/java/ohi/andre/consolelauncher/managers/suggestions/SuggestionsManager.kt,344,review-literal,Invalid suggestion type: ,"Tuils.sendOutput(Color.RED, pack.context, ""Invalid suggestion type: "" + type)"
app/src/main/java/ohi/andre/consolelauncher/managers/suggestions/SuggestionsManager.kt,372,review-literal,Invalid suggestion type: ,"Tuils.sendOutput(Color.RED, pack.context, ""Invalid suggestion type: "" + type)"
app/src/main/java/ohi/andre/consolelauncher/managers/suggestions/SuggestionsManager.kt,708,review-literal,$label $packageName,"SearchResult(label, pack.context.getString(R.string.search_app , packageName), SearchResult.TYPE_APP, app, ""$label $packageName"")"
app/src/main/java/ohi/andre/consolelauncher/managers/suggestions/SuggestionsManager.kt,747,review-literal,$title $app $body ${notification.pkg.orEmpty()},"""$title $app $body ${notification.pkg.orEmpty()}"""
app/src/main/java/ohi/andre/consolelauncher/managers/suggestions/SuggestionsManager.kt,766,review-literal,${alias.name} ${alias.value},"""${alias.name} ${alias.value}"""
app/src/main/java/ohi/andre/consolelauncher/managers/suggestions/SuggestionsManager.kt,811,review-literal,contacts call message people,"""contacts call message people"""
app/src/main/java/ohi/andre/consolelauncher/managers/suggestions/SuggestionsManager.kt,822,review-literal,notifications alerts messages,"""notifications alerts messages"""
app/src/main/java/ohi/andre/consolelauncher/managers/suggestions/SuggestionsManager.kt,949,review-literal,call ${action.number},"mTerminalAdapter.setInput(""call ${action.number}"", null)"
app/src/main/java/ohi/andre/consolelauncher/managers/suggestions/SuggestionsManager.kt,957,review-literal,No messaging app is available.,"showInlineOutput(""No messaging app is available."")"
app/src/main/java/ohi/andre/consolelauncher/managers/suggestions/SuggestionsManager.kt,969,review-literal,No contacts app is available.,"showInlineOutput(""No contacts app is available."")"
app/src/main/java/ohi/andre/consolelauncher/managers/suggestions/SuggestionsManager.kt,1026,review-literal,files -open,"fullInput == ""files -open"" || beforeLastSpace.equals(""files -open"", true) -> ""files -open"" to false"
app/src/main/java/ohi/andre/consolelauncher/managers/suggestions/SuggestionsManager.kt,1026,review-literal,files -open,"fullInput == ""files -open"" || beforeLastSpace.equals(""files -open"", true) -> ""files -open"" to false"
app/src/main/java/ohi/andre/consolelauncher/managers/suggestions/SuggestionsManager.kt,1026,review-literal,files -open,"fullInput == ""files -open"" || beforeLastSpace.equals(""files -open"", true) -> ""files -open"" to false"
app/src/main/java/ohi/andre/consolelauncher/managers/suggestions/SuggestionsManager.kt,1027,review-literal,files -share,"fullInput == ""files -share"" || beforeLastSpace.equals(""files -share"", true) -> ""files -share"" to false"
app/src/main/java/ohi/andre/consolelauncher/managers/suggestions/SuggestionsManager.kt,1027,review-literal,files -share,"fullInput == ""files -share"" || beforeLastSpace.equals(""files -share"", true) -> ""files -share"" to false"
app/src/main/java/ohi/andre/consolelauncher/managers/suggestions/SuggestionsManager.kt,1027,review-literal,files -share,"fullInput == ""files -share"" || beforeLastSpace.equals(""files -share"", true) -> ""files -share"" to false"
app/src/main/java/ohi/andre/consolelauncher/managers/suggestions/SuggestionsManager.kt,1028,review-literal,files -cd,"fullInput == ""files -cd"" || beforeLastSpace.equals(""files -cd"", true) -> ""files -cd"" to true"
app/src/main/java/ohi/andre/consolelauncher/managers/suggestions/SuggestionsManager.kt,1028,review-literal,files -cd,"fullInput == ""files -cd"" || beforeLastSpace.equals(""files -cd"", true) -> ""files -cd"" to true"
app/src/main/java/ohi/andre/consolelauncher/managers/suggestions/SuggestionsManager.kt,1028,review-literal,files -cd,"fullInput == ""files -cd"" || beforeLastSpace.equals(""files -cd"", true) -> ""files -cd"" to true"
app/src/main/java/ohi/andre/consolelauncher/managers/suggestions/SuggestionsManager.kt,1044,review-literal,intent -activity,"if (fullInput == ""intent -activity"" || fullInput == ""intent activity"""
app/src/main/java/ohi/andre/consolelauncher/managers/suggestions/SuggestionsManager.kt,1044,review-literal,intent activity,"if (fullInput == ""intent -activity"" || fullInput == ""intent activity"""
app/src/main/java/ohi/andre/consolelauncher/managers/suggestions/SuggestionsManager.kt,1045,review-literal,intent -broadcast,"|| fullInput == ""intent -broadcast"" || fullInput == ""intent broadcast"") {"
app/src/main/java/ohi/andre/consolelauncher/managers/suggestions/SuggestionsManager.kt,1045,review-literal,intent broadcast,"|| fullInput == ""intent -broadcast"" || fullInput == ""intent broadcast"") {"
app/src/main/java/ohi/andre/consolelauncher/managers/suggestions/SuggestionsManager.kt,1051,review-literal,intent -view,"if (fullInput == ""intent -view"" || fullInput == ""intent view"""
app/src/main/java/ohi/andre/consolelauncher/managers/suggestions/SuggestionsManager.kt,1051,review-literal,intent view,"if (fullInput == ""intent -view"" || fullInput == ""intent view"""
app/src/main/java/ohi/andre/consolelauncher/managers/suggestions/SuggestionsManager.kt,1052,review-literal,intent -uri,"|| fullInput == ""intent -uri"" || fullInput == ""intent uri"") {"
app/src/main/java/ohi/andre/consolelauncher/managers/suggestions/SuggestionsManager.kt,1052,review-literal,intent uri,"|| fullInput == ""intent -uri"" || fullInput == ""intent uri"") {"
app/src/main/java/ohi/andre/consolelauncher/managers/suggestions/SuggestionsManager.kt,1382,review-literal,apps -ls,"suggestions.add(Suggestion(null, ""apps -ls"", true, Suggestion.Companion.TYPE_PERMANENT))"
app/src/main/java/ohi/andre/consolelauncher/managers/suggestions/SuggestionsManager.kt,1383,review-literal,alias -add,"suggestions.add(Suggestion(null, ""alias -add"", false, Suggestion.Companion.TYPE_PERMANENT))"
app/src/main/java/ohi/andre/consolelauncher/managers/suggestions/SuggestionsManager.kt,1384,review-literal,apps -hide,"suggestions.add(Suggestion(null, ""apps -hide"", false, Suggestion.Companion.TYPE_PERMANENT))"
app/src/main/java/ohi/andre/consolelauncher/managers/suggestions/SuggestionsManager.kt,1388,review-literal,wallpaper -auto,"""wallpaper -auto"","
app/src/main/java/ohi/andre/consolelauncher/managers/suggestions/SuggestionsManager.kt,1396,review-literal,preset -save,"""preset -save"","
app/src/main/java/ohi/andre/consolelauncher/managers/suggestions/SuggestionsManager.kt,1401,review-literal,module -ls,"suggestions.add(Suggestion(null, ""module -ls"", true, Suggestion.Companion.TYPE_PERMANENT))"
app/src/main/java/ohi/andre/consolelauncher/managers/suggestions/SuggestionsManager.kt,1406,review-literal,files $label,"val command = ""files $label"""
app/src/main/java/ohi/andre/consolelauncher/managers/suggestions/SuggestionsManager.kt,1456,review-literal,wallpaper -auto,"""wallpaper -auto"","
app/src/main/java/ohi/andre/consolelauncher/managers/suggestions/SuggestionsManager.kt,1602,review-literal,call ,"suggestions.add(Suggestion(null, ""call "" + number, true, Suggestion.Companion.TYPE_COMMAND))"
app/src/main/java/ohi/andre/consolelauncher/managers/suggestions/SuggestionsManager.kt,1606,review-literal,contacts -l ,"""contacts -l "" + number,"
app/src/main/java/ohi/andre/consolelauncher/managers/suggestions/SuggestionsManager.kt,1614,review-literal,contacts -edit ,"""contacts -edit "" + number,"
app/src/main/java/ohi/andre/consolelauncher/managers/suggestions/SuggestionsManager.kt,1859,review-literal,volume -set,"if (before != ""volume -set"" && before != ""volume -get"") {"
app/src/main/java/ohi/andre/consolelauncher/managers/suggestions/SuggestionsManager.kt,1859,review-literal,volume -get,"if (before != ""volume -set"" && before != ""volume -get"") {"
app/src/main/java/ohi/andre/consolelauncher/managers/suggestions/SuggestionsManager.kt,1864,review-literal,volume -set,"val streams = if (before == ""volume -set"") VOLUME_SET_STREAMS else VOLUME_GET_STREAMS"
app/src/main/java/ohi/andre/consolelauncher/managers/suggestions/SuggestionsManager.kt,1883,review-literal,timer -add,"""timer -add"","
app/src/main/java/ohi/andre/consolelauncher/managers/suggestions/SuggestionsManager.kt,1891,review-literal,timer -stop,"""timer -stop"","
app/src/main/java/ohi/andre/consolelauncher/managers/suggestions/SuggestionsManager.kt,1899,review-literal,timer -status,"""timer -status"","
app/src/main/java/ohi/andre/consolelauncher/managers/suggestions/SuggestionsManager.kt,1908,review-literal,timer ,"""timer "" + quick,"
app/src/main/java/ohi/andre/consolelauncher/managers/suggestions/SuggestionsManager.kt,1926,review-literal,stopwatch -stop,"""stopwatch -stop"","
app/src/main/java/ohi/andre/consolelauncher/managers/suggestions/SuggestionsManager.kt,1927,review-literal,stopwatch -reset,"""stopwatch -reset"","
app/src/main/java/ohi/andre/consolelauncher/managers/suggestions/SuggestionsManager.kt,1928,review-literal,stopwatch -status,"""stopwatch -status"""
app/src/main/java/ohi/andre/consolelauncher/managers/suggestions/SuggestionsManager.kt,1939,review-literal,termux -status,"""termux -status"","
app/src/main/java/ohi/andre/consolelauncher/managers/suggestions/SuggestionsManager.kt,1947,review-literal,termux -setup,"""termux -setup"","
app/src/main/java/ohi/andre/consolelauncher/managers/suggestions/SuggestionsManager.kt,1955,review-literal,termux -open,"""termux -open"","
app/src/main/java/ohi/andre/consolelauncher/managers/suggestions/SuggestionsManager.kt,1963,review-literal,termux -apps,"""termux -apps"","
app/src/main/java/ohi/andre/consolelauncher/managers/suggestions/SuggestionsManager.kt,1971,review-literal,termux -run,"""termux -run"","
app/src/main/java/ohi/andre/consolelauncher/managers/suggestions/SuggestionsManager.kt,1979,review-literal,termux -app,"""termux -app"","
app/src/main/java/ohi/andre/consolelauncher/managers/suggestions/SuggestionsManager.kt,1987,review-literal,tmux launch,"""tmux launch"","
app/src/main/java/ohi/andre/consolelauncher/managers/suggestions/SuggestionsManager.kt,1995,review-literal,tmux status,"""tmux status"","
app/src/main/java/ohi/andre/consolelauncher/managers/suggestions/SuggestionsManager.kt,2003,review-literal,termux -rm-app,"""termux -rm-app"","
app/src/main/java/ohi/andre/consolelauncher/managers/suggestions/SuggestionsManager.kt,2013,review-literal,lua -apps,"suggestions.add(Suggestion(null, ""lua -apps"", true, Suggestion.Companion.TYPE_PERMANENT))"
app/src/main/java/ohi/andre/consolelauncher/managers/suggestions/SuggestionsManager.kt,2014,review-literal,lua -new app,"suggestions.add(Suggestion(null, ""lua -new app"", false, Suggestion.Companion.TYPE_PERMANENT))"
app/src/main/java/ohi/andre/consolelauncher/managers/suggestions/SuggestionsManager.kt,2015,review-literal,lua -app,"suggestions.add(Suggestion(null, ""lua -app"", false, Suggestion.Companion.TYPE_PERMANENT))"
app/src/main/java/ohi/andre/consolelauncher/managers/suggestions/SuggestionsManager.kt,2016,review-literal,lua -edit,"suggestions.add(Suggestion(null, ""lua -edit"", false, Suggestion.Companion.TYPE_PERMANENT))"
app/src/main/java/ohi/andre/consolelauncher/managers/suggestions/SuggestionsManager.kt,2017,review-literal,lua -check,"suggestions.add(Suggestion(null, ""lua -check"", false, Suggestion.Companion.TYPE_PERMANENT))"
app/src/main/java/ohi/andre/consolelauncher/managers/suggestions/SuggestionsManager.kt,2024,review-literal,tbridge -status,"""tbridge -status"","
app/src/main/java/ohi/andre/consolelauncher/managers/suggestions/SuggestionsManager.kt,2032,review-literal,tbridge -setup,"""tbridge -setup"","
app/src/main/java/ohi/andre/consolelauncher/managers/suggestions/SuggestionsManager.kt,2040,review-literal,tbridge -probe,"""tbridge -probe"","
app/src/main/java/ohi/andre/consolelauncher/managers/suggestions/SuggestionsManager.kt,2052,review-literal,shell pwd,"""shell pwd"","
app/src/main/java/ohi/andre/consolelauncher/managers/suggestions/SuggestionsManager.kt,2057,review-literal,shell ls,"suggestions.add(Suggestion(null, ""shell ls"", true, Suggestion.Companion.TYPE_PERMANENT))"
app/src/main/java/ohi/andre/consolelauncher/managers/suggestions/SuggestionsManager.kt,2061,review-literal,shell cd,"""shell cd"","
app/src/main/java/ohi/andre/consolelauncher/managers/suggestions/SuggestionsManager.kt,2069,review-literal,shell cd ..,"""shell cd .."","
app/src/main/java/ohi/andre/consolelauncher/managers/suggestions/SuggestionsManager.kt,2080,review-literal,retui-token -status,"""retui-token -status"","
app/src/main/java/ohi/andre/consolelauncher/managers/suggestions/SuggestionsManager.kt,2088,review-literal,retui-token -show,"""retui-token -show"","
app/src/main/java/ohi/andre/consolelauncher/managers/suggestions/SuggestionsManager.kt,2096,review-literal,retui-token -rotate,"""retui-token -rotate"","
app/src/main/java/ohi/andre/consolelauncher/managers/suggestions/SuggestionsManager.kt,2104,review-literal,retui-token -off,"""retui-token -off"","
app/src/main/java/ohi/andre/consolelauncher/managers/suggestions/SuggestionsManager.kt,2115,review-literal,module -ls,"""module -ls"","
app/src/main/java/ohi/andre/consolelauncher/managers/suggestions/SuggestionsManager.kt,2123,review-literal,module -add,"""module -add"","
app/src/main/java/ohi/andre/consolelauncher/managers/suggestions/SuggestionsManager.kt,2131,review-literal,module -refresh,"""module -refresh"","
app/src/main/java/ohi/andre/consolelauncher/managers/suggestions/SuggestionsManager.kt,2139,review-literal,module -rm,"""module -rm"","
app/src/main/java/ohi/andre/consolelauncher/managers/suggestions/SuggestionsManager.kt,2147,review-literal,module -show,"""module -show"","
app/src/main/java/ohi/andre/consolelauncher/managers/suggestions/SuggestionsManager.kt,2155,review-literal,module -close,"""module -close"","
app/src/main/java/ohi/andre/consolelauncher/managers/suggestions/SuggestionsManager.kt,2163,review-literal,module -dock add,"""module -dock add"","
app/src/main/java/ohi/andre/consolelauncher/managers/suggestions/SuggestionsManager.kt,2171,review-literal,module -dock remove,"""module -dock remove"","
app/src/main/java/ohi/andre/consolelauncher/managers/suggestions/SuggestionsManager.kt,2191,review-literal,orientation ,"""orientation "" + option,"
app/src/main/java/ohi/andre/consolelauncher/managers/suggestions/SuggestionsManager.kt,2278,review-literal,timer -add,"} else if (""timer -add"" == normalized) {"
app/src/main/java/ohi/andre/consolelauncher/managers/suggestions/SuggestionsManager.kt,2445,review-literal,-new app,"""-new app"","
app/src/main/java/ohi/andre/consolelauncher/managers/suggestions/SuggestionsManager.kt,2465,review-literal,lua -app,"} else if (""lua -app"" == normalized || ""lua app"" == normalized"
app/src/main/java/ohi/andre/consolelauncher/managers/suggestions/SuggestionsManager.kt,2465,review-literal,lua app,"} else if (""lua -app"" == normalized || ""lua app"" == normalized"
app/src/main/java/ohi/andre/consolelauncher/managers/suggestions/SuggestionsManager.kt,2466,review-literal,lua -edit,"|| ""lua -edit"" == normalized || ""lua edit"" == normalized"
app/src/main/java/ohi/andre/consolelauncher/managers/suggestions/SuggestionsManager.kt,2466,review-literal,lua edit,"|| ""lua -edit"" == normalized || ""lua edit"" == normalized"
app/src/main/java/ohi/andre/consolelauncher/managers/suggestions/SuggestionsManager.kt,2467,review-literal,lua -config,"|| ""lua -config"" == normalized || ""lua config"" == normalized"
app/src/main/java/ohi/andre/consolelauncher/managers/suggestions/SuggestionsManager.kt,2467,review-literal,lua config,"|| ""lua -config"" == normalized || ""lua config"" == normalized"
app/src/main/java/ohi/andre/consolelauncher/managers/suggestions/SuggestionsManager.kt,2468,review-literal,lua -check,"|| ""lua -check"" == normalized || ""lua check"" == normalized"
app/src/main/java/ohi/andre/consolelauncher/managers/suggestions/SuggestionsManager.kt,2468,review-literal,lua check,"|| ""lua -check"" == normalized || ""lua check"" == normalized"
app/src/main/java/ohi/andre/consolelauncher/managers/suggestions/SuggestionsManager.kt,2469,review-literal,lua -info,"|| ""lua -info"" == normalized || ""lua info"" == normalized"
app/src/main/java/ohi/andre/consolelauncher/managers/suggestions/SuggestionsManager.kt,2469,review-literal,lua info,"|| ""lua -info"" == normalized || ""lua info"" == normalized"
app/src/main/java/ohi/andre/consolelauncher/managers/suggestions/SuggestionsManager.kt,2470,review-literal,lua -approve,"|| ""lua -approve"" == normalized || ""lua approve"" == normalized"
app/src/main/java/ohi/andre/consolelauncher/managers/suggestions/SuggestionsManager.kt,2470,review-literal,lua approve,"|| ""lua -approve"" == normalized || ""lua approve"" == normalized"
app/src/main/java/ohi/andre/consolelauncher/managers/suggestions/SuggestionsManager.kt,2471,review-literal,lua -export,"|| ""lua -export"" == normalized || ""lua export"" == normalized"
app/src/main/java/ohi/andre/consolelauncher/managers/suggestions/SuggestionsManager.kt,2471,review-literal,lua export,"|| ""lua -export"" == normalized || ""lua export"" == normalized"
app/src/main/java/ohi/andre/consolelauncher/managers/suggestions/SuggestionsManager.kt,2472,review-literal,lua -disable,"|| ""lua -disable"" == normalized || ""lua disable"" == normalized"
app/src/main/java/ohi/andre/consolelauncher/managers/suggestions/SuggestionsManager.kt,2472,review-literal,lua disable,"|| ""lua -disable"" == normalized || ""lua disable"" == normalized"
app/src/main/java/ohi/andre/consolelauncher/managers/suggestions/SuggestionsManager.kt,2473,review-literal,lua -enable,"|| ""lua -enable"" == normalized || ""lua enable"" == normalized"
app/src/main/java/ohi/andre/consolelauncher/managers/suggestions/SuggestionsManager.kt,2473,review-literal,lua enable,"|| ""lua -enable"" == normalized || ""lua enable"" == normalized"
app/src/main/java/ohi/andre/consolelauncher/managers/suggestions/SuggestionsManager.kt,2476,review-literal,termux -run,"} else if (""termux -run"" == normalized || ""termux run"" == normalized) {"
app/src/main/java/ohi/andre/consolelauncher/managers/suggestions/SuggestionsManager.kt,2476,review-literal,termux run,"} else if (""termux -run"" == normalized || ""termux run"" == normalized) {"
app/src/main/java/ohi/andre/consolelauncher/managers/suggestions/SuggestionsManager.kt,2484,review-literal,termux -app,"} else if (""termux -app"" == normalized || ""termux app"" == normalized) {"
app/src/main/java/ohi/andre/consolelauncher/managers/suggestions/SuggestionsManager.kt,2484,review-literal,termux app,"} else if (""termux -app"" == normalized || ""termux app"" == normalized) {"
app/src/main/java/ohi/andre/consolelauncher/managers/suggestions/SuggestionsManager.kt,2486,review-literal,termux -app-actions,"} else if (""termux -app-actions"" == normalized || ""termux app-actions"" == normalized"
app/src/main/java/ohi/andre/consolelauncher/managers/suggestions/SuggestionsManager.kt,2486,review-literal,termux app-actions,"} else if (""termux -app-actions"" == normalized || ""termux app-actions"" == normalized"
app/src/main/java/ohi/andre/consolelauncher/managers/suggestions/SuggestionsManager.kt,2487,review-literal,termux -app-action,"|| ""termux -app-action"" == normalized || ""termux app-action"" == normalized"
app/src/main/java/ohi/andre/consolelauncher/managers/suggestions/SuggestionsManager.kt,2487,review-literal,termux app-action,"|| ""termux -app-action"" == normalized || ""termux app-action"" == normalized"
app/src/main/java/ohi/andre/consolelauncher/managers/suggestions/SuggestionsManager.kt,2488,review-literal,termux -app-action-rm,"|| ""termux -app-action-rm"" == normalized || ""termux app-action-rm"" == normalized"
app/src/main/java/ohi/andre/consolelauncher/managers/suggestions/SuggestionsManager.kt,2488,review-literal,termux app-action-rm,"|| ""termux -app-action-rm"" == normalized || ""termux app-action-rm"" == normalized"
app/src/main/java/ohi/andre/consolelauncher/managers/suggestions/SuggestionsManager.kt,2489,review-literal,termux -app-info,"|| ""termux -app-info"" == normalized || ""termux app-info"" == normalized"
app/src/main/java/ohi/andre/consolelauncher/managers/suggestions/SuggestionsManager.kt,2489,review-literal,termux app-info,"|| ""termux -app-info"" == normalized || ""termux app-info"" == normalized"
app/src/main/java/ohi/andre/consolelauncher/managers/suggestions/SuggestionsManager.kt,2490,review-literal,termux -app-sync,"|| ""termux -app-sync"" == normalized || ""termux app-sync"" == normalized"
app/src/main/java/ohi/andre/consolelauncher/managers/suggestions/SuggestionsManager.kt,2490,review-literal,termux app-sync,"|| ""termux -app-sync"" == normalized || ""termux app-sync"" == normalized"
app/src/main/java/ohi/andre/consolelauncher/managers/suggestions/SuggestionsManager.kt,2491,review-literal,termux -app-rm,"|| ""termux -app-rm"" == normalized || ""termux app-rm"" == normalized"
app/src/main/java/ohi/andre/consolelauncher/managers/suggestions/SuggestionsManager.kt,2491,review-literal,termux app-rm,"|| ""termux -app-rm"" == normalized || ""termux app-rm"" == normalized"
app/src/main/java/ohi/andre/consolelauncher/managers/suggestions/SuggestionsManager.kt,2492,review-literal,termux -rm-app,"|| ""termux -rm-app"" == normalized || ""termux rm-app"" == normalized"
app/src/main/java/ohi/andre/consolelauncher/managers/suggestions/SuggestionsManager.kt,2492,review-literal,termux rm-app,"|| ""termux -rm-app"" == normalized || ""termux rm-app"" == normalized"
app/src/main/java/ohi/andre/consolelauncher/managers/suggestions/SuggestionsManager.kt,2525,review-literal,cd ..,"""cd .."","
app/src/main/java/ohi/andre/consolelauncher/managers/suggestions/SuggestionsManager.kt,2590,review-literal,module -show,"} else if (""module -show"" == normalized"
app/src/main/java/ohi/andre/consolelauncher/managers/suggestions/SuggestionsManager.kt,2591,review-literal,module -hide,"|| ""module -hide"" == normalized"
app/src/main/java/ohi/andre/consolelauncher/managers/suggestions/SuggestionsManager.kt,2592,review-literal,module -refresh,"|| ""module -refresh"" == normalized"
app/src/main/java/ohi/andre/consolelauncher/managers/suggestions/SuggestionsManager.kt,2593,review-literal,module -rm,"|| ""module -rm"" == normalized"
app/src/main/java/ohi/andre/consolelauncher/managers/suggestions/SuggestionsManager.kt,2596,review-literal,module -new,"} else if (""module -new"" == normalized) {"
app/src/main/java/ohi/andre/consolelauncher/managers/suggestions/SuggestionsManager.kt,2605,review-literal,module -edit,"} else if (""module -edit"" == normalized"
app/src/main/java/ohi/andre/consolelauncher/managers/suggestions/SuggestionsManager.kt,2606,review-literal,module -config,"|| ""module -config"" == normalized"
app/src/main/java/ohi/andre/consolelauncher/managers/suggestions/SuggestionsManager.kt,2607,review-literal,module -prefs,"|| ""module -prefs"" == normalized"
app/src/main/java/ohi/andre/consolelauncher/managers/suggestions/SuggestionsManager.kt,2608,review-literal,module -check,"|| ""module -check"" == normalized"
app/src/main/java/ohi/andre/consolelauncher/managers/suggestions/SuggestionsManager.kt,2609,review-literal,module -info,"|| ""module -info"" == normalized"
app/src/main/java/ohi/andre/consolelauncher/managers/suggestions/SuggestionsManager.kt,2610,review-literal,module -approve,"|| ""module -approve"" == normalized"
app/src/main/java/ohi/andre/consolelauncher/managers/suggestions/SuggestionsManager.kt,2611,review-literal,module -trust,"|| ""module -trust"" == normalized"
app/src/main/java/ohi/andre/consolelauncher/managers/suggestions/SuggestionsManager.kt,2612,review-literal,module -copy-error,"|| ""module -copy-error"" == normalized"
app/src/main/java/ohi/andre/consolelauncher/managers/suggestions/SuggestionsManager.kt,2613,review-literal,module -export,"|| ""module -export"" == normalized"
app/src/main/java/ohi/andre/consolelauncher/managers/suggestions/SuggestionsManager.kt,2614,review-literal,module -disable,"|| ""module -disable"" == normalized"
app/src/main/java/ohi/andre/consolelauncher/managers/suggestions/SuggestionsManager.kt,2615,review-literal,module -enable,"|| ""module -enable"" == normalized"
app/src/main/java/ohi/andre/consolelauncher/managers/suggestions/SuggestionsManager.kt,2616,review-literal,module -rename,"|| ""module -rename"" == normalized"
app/src/main/java/ohi/andre/consolelauncher/managers/suggestions/SuggestionsManager.kt,2619,review-literal,module -expand,"} else if (""module -expand"" == normalized"
app/src/main/java/ohi/andre/consolelauncher/managers/suggestions/SuggestionsManager.kt,2620,review-literal,module -collapse,"|| ""module -collapse"" == normalized"
app/src/main/java/ohi/andre/consolelauncher/managers/suggestions/SuggestionsManager.kt,2621,review-literal,module -toggle,"|| ""module -toggle"" == normalized"
app/src/main/java/ohi/andre/consolelauncher/managers/suggestions/SuggestionsManager.kt,2622,review-literal,module -click,"|| ""module -click"" == normalized"
app/src/main/java/ohi/andre/consolelauncher/managers/suggestions/SuggestionsManager.kt,2625,review-literal,module -add,"} else if (""module -add"" == normalized) {"
app/src/main/java/ohi/andre/consolelauncher/managers/suggestions/SuggestionsManager.kt,2629,review-literal,server termux:/data/data/com.termux/files/home/retui/server-health.sh,"""server termux:/data/data/com.termux/files/home/retui/server-health.sh"","
app/src/main/java/ohi/andre/consolelauncher/managers/suggestions/SuggestionsManager.kt,2634,review-literal,module -dock,"} else if (""module -dock"" == normalized || normalized.startsWith(""module -dock "")) {"
app/src/main/java/ohi/andre/consolelauncher/managers/suggestions/SuggestionsManager.kt,2634,review-literal,module -dock ,"} else if (""module -dock"" == normalized || normalized.startsWith(""module -dock "")) {"
app/src/main/java/ohi/andre/consolelauncher/managers/suggestions/SuggestionsManager.kt,2695,review-literal,inspect ,"if (normalized.startsWith(""inspect "")) {"
app/src/main/java/ohi/andre/consolelauncher/managers/suggestions/SuggestionsManager.kt,2717,review-literal,intent -activity,"if (""intent -activity"" == normalized || ""intent activity"" == normalized) {"
app/src/main/java/ohi/andre/consolelauncher/managers/suggestions/SuggestionsManager.kt,2717,review-literal,intent activity,"if (""intent -activity"" == normalized || ""intent activity"" == normalized) {"
app/src/main/java/ohi/andre/consolelauncher/managers/suggestions/SuggestionsManager.kt,2722,review-literal,intent -broadcast,"if (""intent -broadcast"" == normalized || ""intent broadcast"" == normalized) {"
app/src/main/java/ohi/andre/consolelauncher/managers/suggestions/SuggestionsManager.kt,2722,review-literal,intent broadcast,"if (""intent -broadcast"" == normalized || ""intent broadcast"" == normalized) {"
app/src/main/java/ohi/andre/consolelauncher/managers/suggestions/SuggestionsManager.kt,2737,review-literal,intent ,"return ""intent"" == normalized || normalized.startsWith(""intent "")"
app/src/main/java/ohi/andre/consolelauncher/managers/suggestions/SuggestionsManager.kt,3187,review-literal, -apply,".contains("" -apply"")"
app/src/main/java/ohi/andre/consolelauncher/managers/suggestions/SuggestionsManager.kt,4881,review-literal,Open URI,"""Open URI"" to ""intent -view"","
app/src/main/java/ohi/andre/consolelauncher/managers/suggestions/SuggestionsManager.kt,4881,review-literal,intent -view,"""Open URI"" to ""intent -view"","
app/src/main/java/ohi/andre/consolelauncher/managers/suggestions/SuggestionsManager.kt,4882,review-literal,Start activity,"""Start activity"" to ""intent -activity"","
app/src/main/java/ohi/andre/consolelauncher/managers/suggestions/SuggestionsManager.kt,4882,review-literal,intent -activity,"""Start activity"" to ""intent -activity"","
app/src/main/java/ohi/andre/consolelauncher/managers/suggestions/SuggestionsManager.kt,4883,review-literal,Send broadcast,"""Send broadcast"" to ""intent -broadcast"","
app/src/main/java/ohi/andre/consolelauncher/managers/suggestions/SuggestionsManager.kt,4883,review-literal,intent -broadcast,"""Send broadcast"" to ""intent -broadcast"","
app/src/main/java/ohi/andre/consolelauncher/managers/suggestions/SuggestionsManager.kt,4884,review-literal,Parse intent URI,"""Parse intent URI"" to ""intent -uri"""
app/src/main/java/ohi/andre/consolelauncher/managers/suggestions/SuggestionsManager.kt,4884,review-literal,intent -uri,"""Parse intent URI"" to ""intent -uri"""
app/src/main/java/ohi/andre/consolelauncher/managers/suggestions/SuggestionsManager.kt,4887,review-literal,Action (-a),"""-a"" to ""Action (-a)"","
app/src/main/java/ohi/andre/consolelauncher/managers/suggestions/SuggestionsManager.kt,4888,review-literal,Data URI (-d),"""-d"" to ""Data URI (-d)"","
app/src/main/java/ohi/andre/consolelauncher/managers/suggestions/SuggestionsManager.kt,4889,review-literal,MIME type (-t),"""-t"" to ""MIME type (-t)"","
app/src/main/java/ohi/andre/consolelauncher/managers/suggestions/SuggestionsManager.kt,4890,review-literal,Package (-p),"""-p"" to ""Package (-p)"","
app/src/main/java/ohi/andre/consolelauncher/managers/suggestions/SuggestionsManager.kt,4891,review-literal,Component (-n),"""-n"" to ""Component (-n)"""
app/src/main/java/ohi/andre/consolelauncher/managers/suggestions/SuggestionsManager.kt,4954,review-literal,Google,"""gg"" -> ""Google"""
app/src/main/java/ohi/andre/consolelauncher/managers/suggestions/SuggestionsManager.kt,4955,review-literal,YouTube,"""yt"" -> ""YouTube"""
app/src/main/java/ohi/andre/consolelauncher/managers/suggestions/SuggestionsManager.kt,4956,review-literal,DuckDuckGo,"""dd"" -> ""DuckDuckGo"""
app/src/main/java/ohi/andre/consolelauncher/managers/suggestions/SuggestionsManager.kt,4957,review-literal,Play Store,"""ps"" -> ""Play Store"""
app/src/main/java/ohi/andre/consolelauncher/managers/suggestions/SuggestionsManager.kt,4958,review-literal,Open URL,"""u"" -> ""Open URL"""
app/src/main/java/ohi/andre/consolelauncher/managers/termux/TermuxResultService.kt,1,review-literal,DEPRECATION,"@file:Suppress(""DEPRECATION"", ""OVERRIDE_DEPRECATION"")"
app/src/main/java/ohi/andre/consolelauncher/managers/termux/TermuxResultService.kt,1,review-literal,OVERRIDE_DEPRECATION,"@file:Suppress(""DEPRECATION"", ""OVERRIDE_DEPRECATION"")"
app/src/main/java/ohi/andre/consolelauncher/managers/termux/TermuxResultService.kt,9,review-literal,TermuxResultService,"class TermuxResultService : IntentService(""TermuxResultService"") {"
app/src/main/java/ohi/andre/consolelauncher/managers/termux/TermuxWorkspaceLauncherManager.kt,16,review-literal,Shell,"Launcher(""shell"", ""Shell"", """", true),"
app/src/main/java/ohi/andre/consolelauncher/managers/termux/TermuxWorkspaceLauncherManager.kt,18,review-literal,Midnight Commander,"Launcher(""mc"", ""Midnight Commander"", ""mc"", true),"
app/src/main/java/ohi/andre/consolelauncher/managers/termux/TermuxWorkspaceLauncherManager.kt,19,review-literal,Nano,"Launcher(""nano"", ""Nano"", ""nano"", true),"
app/src/main/java/ohi/andre/consolelauncher/managers/termux/TermuxWorkspaceLauncherManager.kt,20,review-literal,Vim,"Launcher(""vim"", ""Vim"", ""vim"", true),"
app/src/main/java/ohi/andre/consolelauncher/managers/termux/TermuxWorkspaceLauncherManager.kt,21,review-literal,Python REPL,"Launcher(""python"", ""Python REPL"", ""python"", true),"
app/src/main/java/ohi/andre/consolelauncher/managers/termux/TermuxWorkspaceLauncherManager.kt,22,review-literal,Node REPL,"Launcher(""node"", ""Node REPL"", ""node"", true),"
app/src/main/java/ohi/andre/consolelauncher/managers/termux/TermuxWorkspaceLauncherManager.kt,23,review-literal,Bridge Log,"Launcher(""logs"", ""Bridge Log"", ""tail -f ~/.retui/bridge.log"", true)"
app/src/main/java/ohi/andre/consolelauncher/managers/termux/TermuxWorkspaceLauncherManager.kt,23,review-literal,tail -f ~/.retui/bridge.log,"Launcher(""logs"", ""Bridge Log"", ""tail -f ~/.retui/bridge.log"", true)"
app/src/main/java/ohi/andre/consolelauncher/managers/termux/TermuxWorkspaceSocketClient.kt,61,review-literal,socket unavailable,"throw IllegalStateException(""socket unavailable"")"
app/src/main/java/ohi/andre/consolelauncher/managers/termux/TermuxWorkspaceSocketClient.kt,79,review-literal,STREAM,"val mode = if (stream) ""STREAM"" else ""CAPTURE"""
app/src/main/java/ohi/andre/consolelauncher/managers/termux/TermuxWorkspaceSocketClient.kt,79,review-literal,CAPTURE,"val mode = if (stream) ""STREAM"" else ""CAPTURE"""
app/src/main/java/ohi/andre/consolelauncher/managers/termux/TermuxWorkspaceSocketClient.kt,80,review-literal,HELLO $token ${cleanCols(cols)} ${cleanRows(rows)} $mode,"sendRawBlocking(""HELLO $token ${cleanCols(cols)} ${cleanRows(rows)} $mode"")"
app/src/main/java/ohi/andre/consolelauncher/managers/termux/TermuxWorkspaceSocketClient.kt,112,review-literal,CAPTURE ${cleanCols(cols)} ${cleanRows(rows)},"sendRaw(""CAPTURE ${cleanCols(cols)} ${cleanRows(rows)}"")"
app/src/main/java/ohi/andre/consolelauncher/managers/termux/TermuxWorkspaceSocketClient.kt,116,review-literal,ENTER ${cleanCols(cols)} ${cleanRows(rows)},"return sendRaw(""ENTER ${cleanCols(cols)} ${cleanRows(rows)}"")"
app/src/main/java/ohi/andre/consolelauncher/managers/termux/TermuxWorkspaceSocketClient.kt,118,review-literal,SEND ${cleanCols(cols)} ${cleanRows(rows)} ${encode(input)},"return sendRaw(""SEND ${cleanCols(cols)} ${cleanRows(rows)} ${encode(input)}"")"
app/src/main/java/ohi/andre/consolelauncher/managers/termux/TermuxWorkspaceSocketClient.kt,125,review-literal,TYPE ${cleanCols(cols)} ${cleanRows(rows)} ${encode(input)},"return sendRaw(""TYPE ${cleanCols(cols)} ${cleanRows(rows)} ${encode(input)}"")"
app/src/main/java/ohi/andre/consolelauncher/managers/termux/TermuxWorkspaceSocketClient.kt,131,review-literal,NEW ${cleanCols(cols)} ${cleanRows(rows)} $payload $commandPayload,"return sendRaw(""NEW ${cleanCols(cols)} ${cleanRows(rows)} $payload $commandPayload"")"
app/src/main/java/ohi/andre/consolelauncher/managers/termux/TermuxWorkspaceSocketClient.kt,139,review-literal,SWITCH ${cleanCols(cols)} ${cleanRows(rows)} $clean,"return sendRaw(""SWITCH ${cleanCols(cols)} ${cleanRows(rows)} $clean"")"
app/src/main/java/ohi/andre/consolelauncher/managers/termux/TermuxWorkspaceSocketClient.kt,143,review-literal,KEY ${cleanCols(cols)} ${cleanRows(rows)} $key,"sendRaw(""KEY ${cleanCols(cols)} ${cleanRows(rows)} $key"")"
app/src/main/java/ohi/andre/consolelauncher/managers/termux/TermuxWorkspaceSocketClient.kt,165,review-literal,BYE,"writerToClose?.write(""BYE"")"
app/src/main/java/ohi/andre/consolelauncher/managers/termux/TermuxWorkspaceSocketClient.kt,205,review-literal,local socket unavailable: ,"listener.onStatus(""local socket unavailable: "" + (lastError?.message ?: ""unavailable""))"
app/src/main/java/ohi/andre/consolelauncher/managers/termux/TermuxWorkspaceSocketClient.kt,228,review-literal,tcp socket unavailable,"throw lastError ?: IllegalStateException(""tcp socket unavailable"")"
app/src/main/java/ohi/andre/consolelauncher/managers/widgets/AndroidWidgetDrawerManager.kt,348,review-literal,show ,"updateWidgetCommandSuggestions(""show "")"
app/src/main/java/ohi/andre/consolelauncher/managers/widgets/AndroidWidgetDrawerManager.kt,355,review-literal,show ,"updateWidgetCommandSuggestions(""show "")"
app/src/main/java/ohi/andre/consolelauncher/managers/widgets/AndroidWidgetDrawerManager.kt,365,review-literal,resize ,"updateWidgetCommandSuggestions(""resize "")"
app/src/main/java/ohi/andre/consolelauncher/managers/widgets/AndroidWidgetDrawerManager.kt,373,review-literal,resize ,"updateWidgetCommandSuggestions(""resize "")"
app/src/main/java/ohi/andre/consolelauncher/managers/widgets/AndroidWidgetDrawerManager.kt,381,review-literal,resize ${record.wid} ,"updateWidgetCommandSuggestions(""resize ${record.wid} "")"
app/src/main/java/ohi/andre/consolelauncher/managers/widgets/AndroidWidgetDrawerManager.kt,402,review-literal,remove ,"updateWidgetCommandSuggestions(""remove "")"
app/src/main/java/ohi/andre/consolelauncher/managers/widgets/AndroidWidgetDrawerManager.kt,410,review-literal,remove ,"updateWidgetCommandSuggestions(""remove "")"
app/src/main/java/ohi/andre/consolelauncher/managers/widgets/AndroidWidgetDrawerManager.kt,438,review-literal,show ,"suggestions.add(WidgetCommandSuggestion(""show"", ""show ""))"
app/src/main/java/ohi/andre/consolelauncher/managers/widgets/AndroidWidgetDrawerManager.kt,439,review-literal,resize ,"suggestions.add(WidgetCommandSuggestion(""resize"", ""resize ""))"
app/src/main/java/ohi/andre/consolelauncher/managers/widgets/AndroidWidgetDrawerManager.kt,440,review-literal,remove ,"suggestions.add(WidgetCommandSuggestion(""remove"", ""remove ""))"
app/src/main/java/ohi/andre/consolelauncher/managers/widgets/AndroidWidgetDrawerManager.kt,442,review-literal,add ,"lowerInput == ""add"" || lowerInput.startsWith(""add "") -> {"
app/src/main/java/ohi/andre/consolelauncher/managers/widgets/AndroidWidgetDrawerManager.kt,451,review-literal,show ,"lowerInput == ""show"" || lowerInput.startsWith(""show "") -> {"
app/src/main/java/ohi/andre/consolelauncher/managers/widgets/AndroidWidgetDrawerManager.kt,454,review-literal,show ,"suggestions.add(WidgetCommandSuggestion(context.getString(R.string.manager_androidwidgetdrawermanager_no_widgets_40266), ""show ""))"
app/src/main/java/ohi/andre/consolelauncher/managers/widgets/AndroidWidgetDrawerManager.kt,460,review-literal,show ${record.wid},"""show ${record.wid}"""
app/src/main/java/ohi/andre/consolelauncher/managers/widgets/AndroidWidgetDrawerManager.kt,466,review-literal,resize ,"lowerInput == ""resize"" || lowerInput.startsWith(""resize "") -> {"
app/src/main/java/ohi/andre/consolelauncher/managers/widgets/AndroidWidgetDrawerManager.kt,469,review-literal,remove ,"lowerInput == ""remove"" || lowerInput.startsWith(""remove "") -> {"
app/src/main/java/ohi/andre/consolelauncher/managers/widgets/AndroidWidgetDrawerManager.kt,494,review-literal,resize ,"suggestions.add(WidgetCommandSuggestion(context.getString(R.string.manager_androidwidgetdrawermanager_no_widgets_40266), ""resize ""))"
app/src/main/java/ohi/andre/consolelauncher/managers/widgets/AndroidWidgetDrawerManager.kt,504,review-literal,resize ${record.wid} ,"""resize ${record.wid} """
app/src/main/java/ohi/andre/consolelauncher/managers/widgets/AndroidWidgetDrawerManager.kt,519,review-literal,resize ${targetRecord.wid} $height ,"""resize ${targetRecord.wid} $height """
app/src/main/java/ohi/andre/consolelauncher/managers/widgets/AndroidWidgetDrawerManager.kt,531,review-literal,resize ${targetRecord.wid} $supportedHeight $width,"""resize ${targetRecord.wid} $supportedHeight $width"""
app/src/main/java/ohi/andre/consolelauncher/managers/widgets/AndroidWidgetDrawerManager.kt,540,review-literal,remove ,"suggestions.add(WidgetCommandSuggestion(context.getString(R.string.manager_androidwidgetdrawermanager_no_widgets_40266), ""remove ""))"
app/src/main/java/ohi/andre/consolelauncher/managers/widgets/AndroidWidgetDrawerManager.kt,548,review-literal,remove ${record.wid},"""remove ${record.wid}"""
app/src/main/java/ohi/andre/consolelauncher/managers/widgets/AndroidWidgetDrawerManager.kt,691,review-literal,X,"pickerButton(""X"").apply {"
app/src/main/java/ohi/andre/consolelauncher/managers/widgets/AndroidWidgetDrawerManager.kt,860,display-candidate,${option.appLabel} ${option.widgetLabel},"contentDescription = ""${option.appLabel} ${option.widgetLabel}"""
app/src/main/java/ohi/andre/consolelauncher/managers/widgets/AndroidWidgetDrawerManager.kt,1280,review-literal,X,"editControl(""X"", context.getString(R.string.manager_androidwidgetdrawermanager_cancel_widget_edit_6d41a), {"
app/src/main/java/ohi/andre/consolelauncher/managers/widgets/AndroidWidgetDrawerManager.kt,1663,review-literal,DEPRECATION,"@Suppress(""DEPRECATION"")"
app/src/main/java/ohi/andre/consolelauncher/managers/widgets/AndroidWidgetDrawerManager.kt,1732,review-literal,Couldn't add widget,"&& view.text?.toString()?.contains(""Couldn't add widget"", ignoreCase = true) == true"
app/src/main/java/ohi/andre/consolelauncher/managers/xml/XMLPrefsManager.kt,47,review-literal,"<?xml version=\""1.0\"" encoding=\""UTF-8\""?>\n","const val XML_DEFAULT: String = ""<?xml version=\""1.0\"" encoding=\""UTF-8\""?>\n"""
app/src/main/java/ohi/andre/consolelauncher/managers/xml/XMLPrefsManager.kt,453,review-literal, #$section ,"root.appendChild(d.createComment("" #$section ""))"
app/src/main/java/ohi/andre/consolelauncher/managers/xml/XMLPrefsManager.kt,499,review-literal, #$section ,"root.appendChild(d.createComment("" #$section ""))"
app/src/main/java/ohi/andre/consolelauncher/managers/xml/XMLPrefsManager.kt,518,review-literal,General,"val label = save.label() ?: return ""General"""
app/src/main/java/ohi/andre/consolelauncher/managers/xml/XMLPrefsManager.kt,521,review-literal,Surface Borders,"is SurfaceBorderOption -> ""Surface Borders"""
app/src/main/java/ohi/andre/consolelauncher/managers/xml/XMLPrefsManager.kt,525,review-literal,Custom Shortcuts,"is Toolbar -> if (label.startsWith(""shortcut_button"")) ""Custom Shortcuts"" else ""Visibility"""
app/src/main/java/ohi/andre/consolelauncher/managers/xml/XMLPrefsManager.kt,525,review-literal,Visibility,"is Toolbar -> if (label.startsWith(""shortcut_button"")) ""Custom Shortcuts"" else ""Visibility"""
app/src/main/java/ohi/andre/consolelauncher/managers/xml/XMLPrefsManager.kt,527,review-literal,Default App Suggestions,"is Apps -> if (label.startsWith(""default_app_n"")) ""Default App Suggestions"" else ""App Drawer"""
app/src/main/java/ohi/andre/consolelauncher/managers/xml/XMLPrefsManager.kt,527,review-literal,App Drawer,"is Apps -> if (label.startsWith(""default_app_n"")) ""Default App Suggestions"" else ""App Drawer"""
app/src/main/java/ohi/andre/consolelauncher/managers/xml/XMLPrefsManager.kt,529,review-literal,Commands,"is Cmd -> ""Commands"""
app/src/main/java/ohi/andre/consolelauncher/managers/xml/XMLPrefsManager.kt,530,review-literal,General,"else -> ""General"""
app/src/main/java/ohi/andre/consolelauncher/managers/xml/XMLPrefsManager.kt,558,review-literal,Launcher,"label == ""settings_wallpaper_overlay_color"" -> ""Launcher"""
app/src/main/java/ohi/andre/consolelauncher/managers/xml/XMLPrefsManager.kt,569,review-literal,Status Lines,") -> ""Status Lines"""
app/src/main/java/ohi/andre/consolelauncher/managers/xml/XMLPrefsManager.kt,570,review-literal,Terminal Surfaces,"label.contains(""background_color"") || label.contains(""border_color"") || label.contains(""shadow_color"") -> ""Terminal Surfaces"""
app/src/main/java/ohi/andre/consolelauncher/managers/xml/XMLPrefsManager.kt,571,review-literal,Modules And Panels,"label.contains(""module"") || label.startsWith(""terminal_"") -> ""Modules And Panels"""
app/src/main/java/ohi/andre/consolelauncher/managers/xml/XMLPrefsManager.kt,572,review-literal,Terminal Controls,"label.contains(""icon_color"") || label == ""cursor_color"" -> ""Terminal Controls"""
app/src/main/java/ohi/andre/consolelauncher/managers/xml/XMLPrefsManager.kt,573,review-literal,Content Text,"else -> ""Content Text"""
app/src/main/java/ohi/andre/consolelauncher/managers/xml/XMLPrefsManager.kt,577,review-literal,Status Lines,"label.contains(""ascii"") -> ""Status Lines"""
app/src/main/java/ohi/andre/consolelauncher/managers/xml/XMLPrefsManager.kt,580,review-literal,Status Lines,"label.contains(""unlock"") || label.contains(""ascii"") || label.contains(""device"")) -> ""Status Lines"""
app/src/main/java/ohi/andre/consolelauncher/managers/xml/XMLPrefsManager.kt,581,review-literal,Status Lines,"label.endsWith(""_size"") || label.endsWith(""_index"") || label.endsWith(""_alignment"") -> ""Status Lines"""
app/src/main/java/ohi/andre/consolelauncher/managers/xml/XMLPrefsManager.kt,582,review-literal,Text And Font,"label.contains(""font"") || label == ""input_output_size"" -> ""Text And Font"""
app/src/main/java/ohi/andre/consolelauncher/managers/xml/XMLPrefsManager.kt,583,review-literal,Layout,"label.contains(""margin"") || label.contains(""duo"") || label.contains(""fullscreen"") || label.contains(""wallpaper"") -> ""Layout"""
app/src/main/java/ohi/andre/consolelauncher/managers/xml/XMLPrefsManager.kt,584,review-literal,Notes,"label.contains(""notes"") -> ""Notes"""
app/src/main/java/ohi/andre/consolelauncher/managers/xml/XMLPrefsManager.kt,585,review-literal,Weather And Unlock,"label.contains(""weather"") || label.contains(""unlock"") -> ""Weather And Unlock"""
app/src/main/java/ohi/andre/consolelauncher/managers/xml/XMLPrefsManager.kt,586,review-literal,Chrome,"label.contains(""dashed"") || label.contains(""corner_radius"") || label.contains(""header"") || label.contains(""shadow"") -> ""Chrome"""
app/src/main/java/ohi/andre/consolelauncher/managers/xml/XMLPrefsManager.kt,587,review-literal,General,"else -> ""General"""
app/src/main/java/ohi/andre/consolelauncher/managers/xml/XMLPrefsManager.kt,591,review-literal,Sounds,"label.contains(""sound"") -> ""Sounds"""
app/src/main/java/ohi/andre/consolelauncher/managers/xml/XMLPrefsManager.kt,592,review-literal,Notifications,"label.contains(""notification"") -> ""Notifications"""
app/src/main/java/ohi/andre/consolelauncher/managers/xml/XMLPrefsManager.kt,593,review-literal,Weather,"label.contains(""weather"") || label.contains(""location"") -> ""Weather"""
app/src/main/java/ohi/andre/consolelauncher/managers/xml/XMLPrefsManager.kt,594,review-literal,Unlock Counter,"label.contains(""unlock"") -> ""Unlock Counter"""
app/src/main/java/ohi/andre/consolelauncher/managers/xml/XMLPrefsManager.kt,595,review-literal,Modules,"label.contains(""music"") || label.contains(""module"") || label.contains(""pomodoro"") || label.contains(""events"") -> ""Modules"""
app/src/main/java/ohi/andre/consolelauncher/managers/xml/XMLPrefsManager.kt,596,review-literal,Formats,"label.contains(""format"") || label.contains(""separator"") || label == ""not_available_text"" -> ""Formats"""
app/src/main/java/ohi/andre/consolelauncher/managers/xml/XMLPrefsManager.kt,597,review-literal,Commands,"label.contains(""alias"") || label.contains(""cmd"") || label.contains(""command"") || label.contains(""shell"") -> ""Commands"""
app/src/main/java/ohi/andre/consolelauncher/managers/xml/XMLPrefsManager.kt,598,review-literal,Files And Paths,"label.contains(""path"") || label.contains(""storage"") || label.contains(""backend"") -> ""Files And Paths"""
app/src/main/java/ohi/andre/consolelauncher/managers/xml/XMLPrefsManager.kt,599,review-literal,Input,"label.contains(""click"") || label.contains(""tap"") || label.contains(""keyboard"") || label.contains(""swipe"") || label.contains(""button"") -> ""Input"""
app/src/main/java/ohi/andre/consolelauncher/managers/xml/XMLPrefsManager.kt,600,review-literal,Terminal Behavior,"else -> ""Terminal Behavior"""
app/src/main/java/ohi/andre/consolelauncher/managers/xml/XMLPrefsManager.kt,605,review-literal,Default Styling,"if (label.startsWith(""default_"")) ""Default Styling"" else ""Category Styling"""
app/src/main/java/ohi/andre/consolelauncher/managers/xml/XMLPrefsManager.kt,605,review-literal,Category Styling,"if (label.startsWith(""default_"")) ""Default Styling"" else ""Category Styling"""
app/src/main/java/ohi/andre/consolelauncher/managers/xml/XMLPrefsManager.kt,607,review-literal,Ordering,"label.contains(""order"") -> ""Ordering"""
app/src/main/java/ohi/andre/consolelauncher/managers/xml/XMLPrefsManager.kt,609,review-literal,Performance,"label.contains(""per_category"") || label.contains(""min_command_priority"") -> ""Performance"""
app/src/main/java/ohi/andre/consolelauncher/managers/xml/XMLPrefsManager.kt,610,review-literal,Display,"else -> ""Display"""
app/src/main/java/ohi/andre/consolelauncher/managers/xml/XMLPrefsManager.kt,614,review-literal,Display,"label.contains(""format"") || label.contains(""color"") -> ""Display"""
app/src/main/java/ohi/andre/consolelauncher/managers/xml/XMLPrefsManager.kt,615,review-literal,Actions,"label.contains(""popup"") || label.contains(""click"") -> ""Actions"""
app/src/main/java/ohi/andre/consolelauncher/managers/xml/XMLPrefsManager.kt,616,review-literal,Enablement,"else -> ""Enablement"""
app/src/main/java/ohi/andre/consolelauncher/managers/xml/XMLPrefsManager.kt,620,review-literal,Download Messages,"label.contains(""download"") -> ""Download Messages"""
app/src/main/java/ohi/andre/consolelauncher/managers/xml/XMLPrefsManager.kt,621,review-literal,Filtering,"label.contains(""hidden"") || label.contains(""include"") -> ""Filtering"""
app/src/main/java/ohi/andre/consolelauncher/managers/xml/XMLPrefsManager.kt,622,review-literal,Actions,"label.contains(""click"") -> ""Actions"""
app/src/main/java/ohi/andre/consolelauncher/managers/xml/XMLPrefsManager.kt,623,review-literal,Item Display,"else -> ""Item Display"""
app/src/main/java/ohi/andre/consolelauncher/managers/xml/XMLPrefsManager.kt,755,review-literal,Entry not found for ,"if (entry == null) throw NullPointerException(""Entry not found for "" + prefsSave.label())"
app/src/main/java/ohi/andre/consolelauncher/managers/xml/XMLPrefsManager.kt,761,review-literal,XMLPrefsManager.get error for ,"Tuils.log(""XMLPrefsManager.get error for "" + (if (prefsSave != null) prefsSave.label() else ""null"") + "": "" + e.message)"
app/src/main/java/ohi/andre/consolelauncher/managers/xml/classes/XMLPrefsEntry.kt,13,review-literal,$key --> $value,"override fun toString(): String = ""$key --> $value"""
app/src/main/java/ohi/andre/consolelauncher/managers/xml/options/Behavior.kt,372,setting-schema-review,d MMM yyyy HH:mm:ss,"return ""d MMM yyyy HH:mm:ss"""
app/src/main/java/ohi/andre/consolelauncher/managers/xml/options/Behavior.kt,385,setting-schema-review,HH:mm:ss,"return ""HH:mm:ss"""
app/src/main/java/ohi/andre/consolelauncher/managers/xml/options/Behavior.kt,437,setting-schema-review,%d: %u,"return ""%d: %u"""
app/src/main/java/ohi/andre/consolelauncher/managers/xml/options/Behavior.kt,450,setting-schema-review,Available RAM: %avgb GB of %totgb GB (%av%%),"return ""Available RAM: %avgb GB of %totgb GB (%av%%)"""
app/src/main/java/ohi/andre/consolelauncher/managers/xml/options/Behavior.kt,463,setting-schema-review,%(Charging: /)%v%,"return ""%(Charging: /)%v%"""
app/src/main/java/ohi/andre/consolelauncher/managers/xml/options/Behavior.kt,515,setting-schema-review,Internal Storage: %iavgb GB / %itotgb GB (%iav%%),"return ""Internal Storage: %iavgb GB / %itotgb GB (%iav%%)"""
app/src/main/java/ohi/andre/consolelauncher/managers/xml/options/Behavior.kt,528,setting-schema-review,%(WiFi - %wn/%[Mobile Data: %d3/No Internet access]),"return ""%(WiFi - %wn/%[Mobile Data: %d3/No Internet access])"""
app/src/main/java/ohi/andre/consolelauncher/managers/xml/options/Behavior.kt,541,setting-schema-review,[%t] %p %i,"return ""[%t] %p %i"""
app/src/main/java/ohi/andre/consolelauncher/managers/xml/options/Behavior.kt,580,setting-schema-review,--> %a,"return ""--> %a"""
app/src/main/java/ohi/andre/consolelauncher/managers/xml/options/Behavior.kt,710,setting-schema-review,%a --> [%v],"return ""%a --> [%v]"""
app/src/main/java/ohi/andre/consolelauncher/managers/xml/options/Behavior.kt,736,setting-schema-review,App installed: %p,"return ""App installed: %p"""
app/src/main/java/ohi/andre/consolelauncher/managers/xml/options/Behavior.kt,749,setting-schema-review,App updated: %p,"return ""App updated: %p"""
app/src/main/java/ohi/andre/consolelauncher/managers/xml/options/Behavior.kt,762,setting-schema-review,App uninstalled: %p,"return ""App uninstalled: %p"""
app/src/main/java/ohi/andre/consolelauncher/managers/xml/options/Behavior.kt,801,setting-schema-review,Re:T-UI,"return ""Re:T-UI"""
app/src/main/java/ohi/andre/consolelauncher/managers/xml/options/Behavior.kt,814,setting-schema-review,Re:T-UI is running,"return ""Re:T-UI is running"""
app/src/main/java/ohi/andre/consolelauncher/managers/xml/options/Behavior.kt,1022,setting-schema-review,%t -> %v%n%a(%an = %av)(%n),"return ""%t -> %v%n%a(%an = %av)(%n)"""
app/src/main/java/ohi/andre/consolelauncher/managers/xml/options/Behavior.kt,1100,setting-schema-review,"Weather: %main, Temp: %temp","return ""Weather: %main, Temp: %temp"""
app/src/main/java/ohi/andre/consolelauncher/managers/xml/options/Behavior.kt,1126,setting-schema-review,Unlocked %c times (%a10/)%n%t(Unlock n. %i --> %w)3,"return ""Unlocked %c times (%a10/)%n%t(Unlock n. %i --> %w)3"""
app/src/main/java/ohi/andre/consolelauncher/managers/xml/options/Notifications.kt,20,setting-schema-review,[%t] %pkg: %[100][teal]title --- %text,"notification_format(""[%t] %pkg: %[100][teal]title --- %text"", R.string.setting_notifications_notification_format_description, XMLPrefsSave.TEXT),"
app/src/main/java/ohi/andre/consolelauncher/managers/xml/options/Rss.kt,15,setting-schema-review,%[50][green]title ### %[100][teal]description (%pubDate),"""%[50][green]title ### %[100][teal]description (%pubDate)"","
app/src/main/java/ohi/andre/consolelauncher/managers/xml/options/Rss.kt,27,setting-schema-review,RSS: %id --- Downloaded %sb bytes,"rss_download_format(""RSS: %id --- Downloaded %sb bytes"", R.string.setting_rss_rss_download_format_description, XMLPrefsSave.TEXT),"
app/src/main/java/ohi/andre/consolelauncher/managers/xml/options/Ui.kt,783,setting-schema-review,%( --- Notes : %c ---%n/No notes),"return ""%( --- Notes : %c ---%n/No notes)"""
app/src/main/java/ohi/andre/consolelauncher/managers/xml/options/Ui.kt,796,setting-schema-review,%(%n --- ----- ---/),"return ""%(%n --- ----- ---/)"""
app/src/main/java/ohi/andre/consolelauncher/notes/CrtOverlayDrawable.kt,19,review-literal,Deprecated in Java,"override fun setAlpha(a:Int){ listOf(tint,line,beam,mask,shade).forEach{it.alpha=a} }; override fun setColorFilter(f:ColorFilter?){ listOf(tint,line,beam,mask,shade).forEach{it.colorFilter=f} }; @Deprecated(""Deprecated in Java"") override fun getOpacity()=PixelFormat.TRANSLUCENT"
app/src/main/java/ohi/andre/consolelauncher/notes/LauncherFrame.kt,49,review-literal,frame_asset_id must be 64 lowercase hex characters,"if (!ASSET.matches(assetId)) return ""frame_asset_id must be 64 lowercase hex characters"""
app/src/main/java/ohi/andre/consolelauncher/notes/LauncherFrame.kt,50,review-literal,frame dimensions are outside 1..2048,"if (width !in 1..2048 || height !in 1..2048) return ""frame dimensions are outside 1..2048"""
app/src/main/java/ohi/andre/consolelauncher/notes/LauncherFrame.kt,51,review-literal,frame slices must be positive,"if (listOf(sliceLeft, sliceTop, sliceRight, sliceBottom).any { it <= 0 }) return ""frame slices must be positive"""
app/src/main/java/ohi/andre/consolelauncher/notes/LauncherFrame.kt,52,review-literal,frame slices overlap,"if (sliceLeft + sliceRight >= width || sliceTop + sliceBottom >= height) return ""frame slices overlap"""
app/src/main/java/ohi/andre/consolelauncher/notes/LauncherFrame.kt,53,review-literal,frame borders are invalid,"if (listOf(borderLeft, borderTop, borderRight, borderBottom).any { !it.isFinite() || it !in 0f..256f }) return ""frame borders are invalid"""
app/src/main/java/ohi/andre/consolelauncher/notes/LauncherFrame.kt,54,review-literal,frame edge mode is invalid,"if (listOf(modeTop, modeRight, modeBottom, modeLeft).any { it != STRETCH && it != TILE }) return ""frame edge mode is invalid"""
app/src/main/java/ohi/andre/consolelauncher/notes/LauncherFrame.kt,55,review-literal,frame center mode is invalid,"if (modeCenter !in setOf(STRETCH, TILE, NONE)) return ""frame center mode is invalid"""
app/src/main/java/ohi/andre/consolelauncher/notes/LauncherFrame.kt,56,review-literal,frame filtering is invalid,"if (filtering != NEAREST && filtering != LINEAR) return ""frame filtering is invalid"""
app/src/main/java/ohi/andre/consolelauncher/notes/LauncherFrame.kt,107,review-literal,frame_available must be a Boolean,"clear(""frame_available must be a Boolean"")"
app/src/main/java/ohi/andre/consolelauncher/notes/LauncherFrame.kt,122,review-literal,invalid Launcher frame,"}.onFailure { clear(it.message ?: ""invalid Launcher frame"", it) }"
app/src/main/java/ohi/andre/consolelauncher/notes/LauncherFrame.kt,133,review-literal,cached frame cannot be decoded,"val bitmap = BitmapFactory.decodeFile(file.absolutePath) ?: error(""cached frame cannot be decoded"")"
app/src/main/java/ohi/andre/consolelauncher/notes/LauncherFrame.kt,135,review-literal,Ignoring invalid cached Launcher frame,"}.onFailure { clear(""Ignoring invalid cached Launcher frame"", it) }.getOrNull()"
app/src/main/java/ohi/andre/consolelauncher/notes/LauncherFrame.kt,139,review-literal,invalid $key,"fun string(key: String) = (raw(extras, key) as? String)?.takeIf(String::isNotBlank) ?: error(""invalid $key"")"
app/src/main/java/ohi/andre/consolelauncher/notes/LauncherFrame.kt,140,review-literal,invalid $key,"fun int(key: String) = raw(extras, key) as? Int ?: error(""invalid $key"")"
app/src/main/java/ohi/andre/consolelauncher/notes/LauncherFrame.kt,141,review-literal,invalid $key,"fun float(key: String) = (raw(extras, key) as? Float)?.takeIf(Float::isFinite) ?: error(""invalid $key"")"
app/src/main/java/ohi/andre/consolelauncher/notes/LauncherFrame.kt,150,review-literal,invalid ${v.FRAME_ASSET_ID},"if (!LauncherFrameSpec.ASSET.matches(spec.assetId)) error(""invalid ${v.FRAME_ASSET_ID}"")"
app/src/main/java/ohi/andre/consolelauncher/notes/LauncherFrame.kt,152,review-literal,invalid ${v.FRAME_IMAGE_URI},"if (uri.scheme != ""content"" || uri.authority != PreviewContract.LAUNCHER_PACKAGE + "".FILE_PROVIDER"") error(""invalid ${v.FRAME_IMAGE_URI}"")"
app/src/main/java/ohi/andre/consolelauncher/notes/LauncherFrame.kt,159,review-literal,frame_image_uri is unreadable,"val source = openFrame(uri) ?: error(""frame_image_uri is unreadable"")"
app/src/main/java/ohi/andre/consolelauncher/notes/LauncherFrame.kt,168,review-literal,Launcher frame exceeds 4 MiB,"if (total > MAX_BYTES) error(""Launcher frame exceeds 4 MiB"")"
app/src/main/java/ohi/andre/consolelauncher/notes/LauncherFrame.kt,191,review-literal,frame PNG is missing or too large,"if (!file.isFile || file.length() !in PNG.size.toLong()..MAX_BYTES) return ""frame PNG is missing or too large"""
app/src/main/java/ohi/andre/consolelauncher/notes/LauncherFrame.kt,194,review-literal,invalid PNG signature,"if (input.read(signature) != signature.size || !signature.contentEquals(PNG)) return ""invalid PNG signature"""
app/src/main/java/ohi/andre/consolelauncher/notes/LauncherFrame.kt,199,review-literal,frame PNG cannot be decoded,"val decoded = BitmapFactory.decodeFile(file.absolutePath) ?: return ""frame PNG cannot be decoded"""
app/src/main/java/ohi/andre/consolelauncher/notes/LauncherFrame.kt,234,review-literal,missing $key,"if (!extras.containsKey(key)) error(""missing $key"") else @Suppress(""DEPRECATION"") extras.get(key)"
app/src/main/java/ohi/andre/consolelauncher/notes/LauncherFrame.kt,234,review-literal,DEPRECATION,"if (!extras.containsKey(key)) error(""missing $key"") else @Suppress(""DEPRECATION"") extras.get(key)"
app/src/main/java/ohi/andre/consolelauncher/notes/LauncherFrame.kt,260,review-literal,LauncherFrame,"private const val TAG = ""LauncherFrame"""
app/src/main/java/ohi/andre/consolelauncher/notes/LauncherNotes.kt,31,review-literal,UTF-8,"val parser = android.util.Xml.newPullParser().apply { setInput(input, ""UTF-8"") }"
app/src/main/java/ohi/andre/consolelauncher/notes/LauncherNotes.kt,35,review-literal,Unsupported note document declaration,"require(parser.eventType != org.xmlpull.v1.XmlPullParser.DOCDECL) { ""Unsupported note document declaration"" }"
app/src/main/java/ohi/andre/consolelauncher/notes/LauncherNotes.kt,38,review-literal,NOTES,"require(parser.name == ""NOTES"") { ""Invalid legacy notes root"" }"
app/src/main/java/ohi/andre/consolelauncher/notes/LauncherNotes.kt,38,review-literal,Invalid legacy notes root,"require(parser.name == ""NOTES"") { ""Invalid legacy notes root"" }"
app/src/main/java/ohi/andre/consolelauncher/notes/LauncherNotes.kt,41,display-candidate,Missing note text,"val text = parser.getAttributeValue(null, ""value"") ?: error(""Missing note text"")"
app/src/main/java/ohi/andre/consolelauncher/notes/LauncherNotes.kt,54,review-literal,Empty legacy notes document,"require(rootSeen) { ""Empty legacy notes document"" }"
app/src/main/java/ohi/andre/consolelauncher/notes/LauncherNotes.kt,60,review-literal,Untitled note,"?.trim()?.take(120).orEmpty().ifBlank { ""Untitled note"" }"
app/src/main/java/ohi/andre/consolelauncher/notes/MarkdownDocument.kt,7,review-literal,(?m)^[ \\t]*- \\[([ xX])][ \\t]+(.*)$,"private val check = Regex(""(?m)^[ \\t]*- \\[([ xX])][ \\t]+(.*)$"")"
app/src/main/java/ohi/andre/consolelauncher/notes/MarkdownDocument.kt,8,review-literal,"^(?:#{1,6}|- \\[[ xX]]|[-*+]|\\d+\\.|>)\\s*$","private val emptyVisualMarker = Regex(""^(?:#{1,6}|- \\[[ xX]]|[-*+]|\\d+\\.|>)\\s*$"")"
app/src/main/java/ohi/andre/consolelauncher/notes/MarkdownDocument.kt,11,review-literal,Untitled note,"append(""# "").append(note.title.ifBlank { ""Untitled note"" }).append(""\n\n"")"
app/src/main/java/ohi/andre/consolelauncher/notes/MarkdownDocument.kt,39,review-literal,"(?m)^#{1,6}[ \\t]+",".replace(Regex(""(?m)^#{1,6}[ \\t]+""), """")"
app/src/main/java/ohi/andre/consolelauncher/notes/MarkdownDocument.kt,40,review-literal,(?m)^[ \\t]*(?:- \\[[ xX]] |[-*+] |\\d+\\. |> ),".replace(Regex(""(?m)^[ \\t]*(?:- \\[[ xX]] |[-*+] |\\d+\\. |> )""), """")"
app/src/main/java/ohi/andre/consolelauncher/notes/MarkdownEditText.kt,31,review-literal,AppCompatCustomView,"@android.annotation.SuppressLint(""AppCompatCustomView"")"
app/src/main/java/ohi/andre/consolelauncher/notes/MarkdownEditText.kt,89,review-literal,\n![${alt.ifBlank { ,"replaceSelection(""\n![${alt.ifBlank { ""image"" }}]($path)\n"")"
app/src/main/java/ohi/andre/consolelauncher/notes/MarkdownEditText.kt,89,review-literal, }}]($path)\n,"replaceSelection(""\n![${alt.ifBlank { ""image"" }}]($path)\n"")"
app/src/main/java/ohi/andre/consolelauncher/notes/MarkdownEditText.kt,128,review-literal,"(?m)^(#{1,6})[ \\t]+(.*)$","Regex(""(?m)^(#{1,6})[ \\t]+(.*)$"").findAll(value).forEach { match ->"
app/src/main/java/ohi/andre/consolelauncher/notes/MarkdownEditText.kt,134,review-literal,(?m)^([ \\t]*- \\[([ xX])])(?:[ \\t]+|$),"Regex(""(?m)^([ \\t]*- \\[([ xX])])(?:[ \\t]+|$)"").findAll(value).forEach { match ->"
app/src/main/java/ohi/andre/consolelauncher/notes/MarkdownEditText.kt,163,review-literal,^(\\s*- \\[)([ xX])(]),"val match = Regex(""^(\\s*- \\[)([ xX])(])"").find(markdown().substring(start, end))"
app/src/main/java/ohi/andre/consolelauncher/notes/MarkdownEditText.kt,248,review-literal,^\\s*- \\[[ xX]] .+,"Regex(""^\\s*- \\[[ xX]] .+"").matches(previous) -> previous.takeWhile(Char::isWhitespace) + ""- [ ] """
app/src/main/java/ohi/andre/consolelauncher/notes/MarkdownEditText.kt,249,review-literal,^\\s*[-*+] .+,"Regex(""^\\s*[-*+] .+"").matches(previous) -> previous.takeWhile(Char::isWhitespace) + previous.trimStart().take(2)"
app/src/main/java/ohi/andre/consolelauncher/notes/MarkdownEditText.kt,250,review-literal,^\\s*> .+,"Regex(""^\\s*> .+"").matches(previous) -> previous.takeWhile(Char::isWhitespace) + ""> """
app/src/main/java/ohi/andre/consolelauncher/notes/MarkdownEditText.kt,251,review-literal,^\\s*\\d+\\. .+,"Regex(""^\\s*\\d+\\. .+"").matches(previous) -> {"
app/src/main/java/ohi/andre/consolelauncher/notes/MarkdownEditText.kt,254,review-literal,$indent$number. ,"""$indent$number. """
app/src/main/java/ohi/andre/consolelauncher/notes/MarkdownEditText.kt,258,review-literal,^\\s*(?:- \\[[ xX]] |[-*+] |> |\\d+\\. )$,"val emptyMarker = Regex(""^\\s*(?:- \\[[ xX]] |[-*+] |> |\\d+\\. )$"").matches(previous)"
app/src/main/java/ohi/andre/consolelauncher/notes/MarkdownEditText.kt,303,review-literal,${index + 1}. ,"val marker = if (prefix == ""1. "") ""${index + 1}. "" else prefix"
app/src/main/java/ohi/andre/consolelauncher/notes/MarkdownEditText.kt,304,review-literal,"^\\s*(?:#{1,6} |[-*+] |\\d+\\. |> |- \\[[ xX]] )","if (line.isBlank()) marker else marker + line.replace(Regex(""^\\s*(?:#{1,6} |[-*+] |\\d+\\. |> |- \\[[ xX]] )""), """")"
app/src/main/java/ohi/andre/consolelauncher/notes/MarkdownEditText.kt,362,review-literal,M,"(paint.measureText(""M"") * characters.coerceIn(4, 24)).roundToInt()"
app/src/main/java/ohi/andre/consolelauncher/notes/Models.kt,58,review-literal,Untitled note,"fun Note.preview(): String = title.ifBlank { MarkdownDocument.plainText(markdown).take(80).ifBlank { ""Untitled note"" } }"
app/src/main/java/ohi/andre/consolelauncher/notes/NoteExporter.kt,31,review-literal,${safeName(note.title.ifBlank { ,"val markdown = File(bundle, ""${safeName(note.title.ifBlank { ""untitled"" })}.md"")"
app/src/main/java/ohi/andre/consolelauncher/notes/NoteExporter.kt,31,review-literal, })}.md,"val markdown = File(bundle, ""${safeName(note.title.ifBlank { ""untitled"" })}.md"")"
app/src/main/java/ohi/andre/consolelauncher/notes/NoteExporter.kt,44,review-literal,${safeName(note.title.ifBlank { ,"val noteName = ""${safeName(note.title.ifBlank { ""untitled"" })}-${note.id.take(8)}"""
app/src/main/java/ohi/andre/consolelauncher/notes/NoteExporter.kt,44,review-literal, })}-${note.id.take(8)},"val noteName = ""${safeName(note.title.ifBlank { ""untitled"" })}-${note.id.take(8)}"""
app/src/main/java/ohi/andre/consolelauncher/notes/NoteExporter.kt,94,review-literal,Pinned: yes\n\n,"if (note.pinned) append(""Pinned: yes\n\n"")"
app/src/main/java/ohi/andre/consolelauncher/notes/NoteExporter.kt,95,review-literal,Tags: ,"if (note.tags.isNotEmpty()) append(""Tags: "").append(note.tags.joinToString("", "") { ""#$it"" }).append(""\n\n"")"
app/src/main/java/ohi/andre/consolelauncher/notes/NoteExporter.kt,96,review-literal,Location: ,"note.location?.let { append(""Location: "").append(it.label).append("" ("").append(it.latitude).append("", "").append(it.longitude).append("")\n\n"") }"
app/src/main/java/ohi/andre/consolelauncher/notes/NoteStore.kt,19,review-literal,Unable to read notes; existing data was preserved.,"class ReadException(cause: Throwable) : Exception(""Unable to read notes; existing data was preserved."", cause)"
app/src/main/java/ohi/andre/consolelauncher/notes/NoteStore.kt,37,review-literal,UTF-8,"val p = Xml.newPullParser().apply { setInput(input, ""UTF-8"") }"
app/src/main/java/ohi/andre/consolelauncher/notes/NoteStore.kt,46,review-literal,Invalid note index,"require(p.name == ""notes"") { ""Invalid note index"" }"
app/src/main/java/ohi/andre/consolelauncher/notes/NoteStore.kt,74,review-literal,Unsupported note index,"require(rootSeen && version in 1..4) { ""Unsupported note index"" }"
app/src/main/java/ohi/andre/consolelauncher/notes/NoteStore.kt,75,review-literal,Duplicate note IDs,"require(notes.map { it.id }.distinct().size == notes.size) { ""Duplicate note IDs"" }"
app/src/main/java/ohi/andre/consolelauncher/notes/NoteStore.kt,82,review-literal,Missing Markdown file for ${item.id},"val relative = item.file ?: error(""Missing Markdown file for ${item.id}"")"
app/src/main/java/ohi/andre/consolelauncher/notes/NoteStore.kt,101,review-literal,UTF-8,"setOutput(out, ""UTF-8"")"
app/src/main/java/ohi/andre/consolelauncher/notes/NoteStore.kt,102,review-literal,UTF-8,"startDocument(""UTF-8"", true)"
app/src/main/java/ohi/andre/consolelauncher/notes/NoteStore.kt,164,review-literal,notes-library/${note.folderId ?: ,"return ""notes-library/${note.folderId ?: ""unfiled""}/${note.id}.md"""
app/src/main/java/ohi/andre/consolelauncher/notes/RedactionCrypto.kt,38,review-literal,Invalid redaction payload,"require(payload.size > IV_SIZE + 16) { ""Invalid redaction payload"" }"
app/src/main/java/ohi/andre/consolelauncher/notes/RedactionCrypto.kt,44,review-literal,Invalid redaction length,"require(length in 0..clear.size - 4) { ""Invalid redaction length"" }"
app/src/main/java/ohi/andre/consolelauncher/notes/RedactionCrypto.kt,62,review-literal,DEPRECATION,"@Suppress(""DEPRECATION"")"
app/src/main/java/ohi/andre/consolelauncher/notes/RedactionCrypto.kt,77,review-literal,AndroidKeyStore,"private const val KEYSTORE = ""AndroidKeyStore"""
app/src/main/java/ohi/andre/consolelauncher/notes/RedactionCrypto.kt,79,review-literal,AES/GCM/NoPadding,"private const val TRANSFORMATION = ""AES/GCM/NoPadding"""
app/src/main/java/ohi/andre/consolelauncher/notes/RedactionFormat.kt,8,review-literal,"^\\s*(?:#{1,6}\\s+|- \\[[ xX]]\\s+|[-*+]\\s+|\\d+\\.\\s+|>\\s+)?","private val markdownPrefix = Regex(""^\\s*(?:#{1,6}\\s+|- \\[[ xX]]\\s+|[-*+]\\s+|\\d+\\.\\s+|>\\s+)?"")"
app/src/main/java/ohi/andre/consolelauncher/notes/RedactionFormat.kt,14,review-literal,"{{remember-redact:v1:${width.coerceIn(4, 96)}:$payload}}","fun encoded(width: Int, payload: String) = ""{{remember-redact:v1:${width.coerceIn(4, 96)}:$payload}}"""
app/src/main/java/ohi/andre/consolelauncher/notes/RememberActivity.kt,546,review-literal,# $name\n\n,"note = Note(title = name, markdown = ""# $name\n\n"", folderId = folderId)"
app/src/main/java/ohi/andre/consolelauncher/notes/RememberActivity.kt,851,review-literal,DEPRECATION,"@Suppress(""DEPRECATION"")"
app/src/main/java/ohi/andre/consolelauncher/notes/RememberActivity.kt,867,review-literal,DEPRECATION,"@Suppress(""DEPRECATION"")"
app/src/main/java/ohi/andre/consolelauncher/notes/RememberActivity.kt,1025,review-literal,Deprecated in Java,"@Deprecated(""Deprecated in Java"")"
app/src/main/java/ohi/andre/consolelauncher/notes/SettingsActivity.kt,193,review-literal,Deprecated in Java,"@Deprecated(""Deprecated in Java"")"
app/src/main/java/ohi/andre/consolelauncher/notes/Theme.kt,84,review-literal,DEPRECATION,".associateWith { @Suppress(""DEPRECATION"") extras.get(it) }"
app/src/main/java/ohi/andre/consolelauncher/notes/Theme.kt,108,review-literal,CUSTOM FONT,"context.getSharedPreferences(PREFS, 0).getString(IMPORTED_FONT_LABEL, ""CUSTOM FONT"")"
app/src/main/java/ohi/andre/consolelauncher/notes/Theme.kt,275,review-literal,DEPRECATION,"@Suppress(""DEPRECATION"")"
app/src/main/java/ohi/andre/consolelauncher/notes/Theme.kt,297,review-literal,DEPRECATION,"@Suppress(""DEPRECATION"")"
app/src/main/java/ohi/andre/consolelauncher/notes/Theme.kt,299,review-literal,DEPRECATION,"@Suppress(""DEPRECATION"")"
app/src/main/java/ohi/andre/consolelauncher/notes/Theme.kt,301,review-literal,DEPRECATION,"@Suppress(""DEPRECATION"")"
app/src/main/java/ohi/andre/consolelauncher/notes/Theme.kt,303,review-literal,DEPRECATION,"@Suppress(""DEPRECATION"")"
app/src/main/java/ohi/andre/consolelauncher/notes/Theme.kt,453,review-literal,RE:MEMBER,"fun Activity.retuiIdentityTab(): LinearLayout = retuiHeaderTab(""RE:MEMBER"")"
app/src/main/java/ohi/andre/consolelauncher/notes/Theme.kt,488,review-literal,CLOSE,"actionLabel: String = ""CLOSE"","
app/src/main/java/ohi/andre/consolelauncher/profile/ProfilePaneController.kt,424,review-literal,UTF-8,"put(EncodeHintType.CHARACTER_SET, ""UTF-8"")"
app/src/main/java/ohi/andre/consolelauncher/profile/ProfileStore.kt,36,review-literal,OPERATOR,"prefs.getString(NAME, ""OPERATOR"") ?: ""OPERATOR"","
app/src/main/java/ohi/andre/consolelauncher/profile/ProfileStore.kt,36,review-literal,OPERATOR,"prefs.getString(NAME, ""OPERATOR"") ?: ""OPERATOR"","
app/src/main/java/ohi/andre/consolelauncher/profile/ProfileStore.kt,49,review-literal,OPERATOR,".putString(NAME, profile.name.trim().ifEmpty { ""OPERATOR"" })"
app/src/main/java/ohi/andre/consolelauncher/profile/ProfileStore.kt,58,review-literal,NOT SET,"return if (phone.isEmpty()) ""NOT SET"" else ""*"".repeat((phone.length - visible.length).coerceAtLeast(5)) + visible"
app/src/main/java/ohi/andre/consolelauncher/profile/ProfileStore.kt,62,review-literal,BEGIN:VCARD\r\n,"""BEGIN:VCARD\r\n"" +"
app/src/main/java/ohi/andre/consolelauncher/profile/ProfileStore.kt,63,review-literal,VERSION:3.0\r\n,"""VERSION:3.0\r\n"" +"
app/src/main/java/ohi/andre/consolelauncher/profile/ProfileStore.kt,64,review-literal,FN:${escapeVCard(name)}\r\n,"""FN:${escapeVCard(name)}\r\n"" +"
app/src/main/java/ohi/andre/consolelauncher/profile/ProfileStore.kt,65,review-literal,TEL;TYPE=CELL:${escapeVCard(phone)}\r\n,"""TEL;TYPE=CELL:${escapeVCard(phone)}\r\n"" +"
app/src/main/java/ohi/andre/consolelauncher/profile/ProfileStore.kt,66,review-literal,END:VCARD,"""END:VCARD"""
app/src/main/java/ohi/andre/consolelauncher/profile/ProfileStore.kt,71,review-literal,YouTube links are not allowed in profile QR codes.,"return ""YouTube links are not allowed in profile QR codes."""
app/src/main/java/ohi/andre/consolelauncher/profile/ProfileStore.kt,74,review-literal,Shortened links are not allowed. Use the full destination URL.,"return ""Shortened links are not allowed. Use the full destination URL."""
app/src/main/java/ohi/andre/consolelauncher/tuils/AsciiArtTextView.kt,533,review-literal,M,"return max(1f, asciiPaint.measureText(""M""))"
app/src/main/java/ohi/andre/consolelauncher/tuils/CrtOverlayDrawable.kt,112,review-literal,Deprecated in Java,"@Deprecated(""Deprecated in Java"")"
app/src/main/java/ohi/andre/consolelauncher/tuils/CyberpunkBackdropDrawable.kt,92,review-literal,Deprecated in Java,"@Deprecated(""Deprecated in Java"")"
app/src/main/java/ohi/andre/consolelauncher/tuils/CyberpunkIconFrameDrawable.kt,61,review-literal,Deprecated in Java,"@Deprecated(""Deprecated in Java"")"
app/src/main/java/ohi/andre/consolelauncher/tuils/FrameManager.kt,106,review-literal,Sprout Lands — Art by Cup Nooble,"private const val SPROUT_LANDS_PACK_NAME = ""Sprout Lands — Art by Cup Nooble"""
app/src/main/java/ohi/andre/consolelauncher/tuils/FrameManager.kt,161,review-literal,Sprout Lands panel and button,"""Sprout Lands panel and button"","
app/src/main/java/ohi/andre/consolelauncher/tuils/FrameManager.kt,167,review-literal,Sprout Lands pressed button,"""Sprout Lands pressed button"","
app/src/main/java/ohi/andre/consolelauncher/tuils/FrameManager.kt,173,review-literal,Sprout Lands icon button,"""Sprout Lands icon button"","
app/src/main/java/ohi/andre/consolelauncher/tuils/FrameManager.kt,176,review-literal,Sprout Lands toggle off,"BundledFrame(setOf(FrameTarget.TOGGLE_OFF), ""toggle_off.png"", ""Sprout Lands toggle off"", bundledSpec(17, 8, 4, 8)),"
app/src/main/java/ohi/andre/consolelauncher/tuils/FrameManager.kt,177,review-literal,Sprout Lands toggle on,"BundledFrame(setOf(FrameTarget.TOGGLE_ON), ""toggle_on.png"", ""Sprout Lands toggle on"", bundledSpec(4, 8, 17, 8)),"
app/src/main/java/ohi/andre/consolelauncher/tuils/FrameManager.kt,181,review-literal,Sprout Lands slider,"""Sprout Lands slider"","
app/src/main/java/ohi/andre/consolelauncher/tuils/FrameManager.kt,184,review-literal,Sprout Lands slider thumb,"BundledFrame(setOf(FrameTarget.SLIDER_THUMB), ""slider_thumb.png"", ""Sprout Lands slider thumb"", bundledSpec(5, 6, 5, 8)),"
app/src/main/java/ohi/andre/consolelauncher/tuils/FrameManager.kt,185,review-literal,Sprout Lands keyboard,"BundledFrame(setOf(FrameTarget.KEYBOARD), ""keys.png"", ""Sprout Lands keyboard"", bundledSpec(5, 6, 5, 8))"
app/src/main/java/ohi/andre/consolelauncher/tuils/FrameManager.kt,414,review-literal,${manifest.name} - $label,"""${manifest.name} - $label"".take(80),"
app/src/main/java/ohi/andre/consolelauncher/tuils/FrameManager.kt,546,review-literal,TUI-FRAME,"Log.e(""TUI-FRAME"", ""Unable to share $assetId frame"", error)"
app/src/main/java/ohi/andre/consolelauncher/tuils/FrameManager.kt,546,review-literal,Unable to share $assetId frame,"Log.e(""TUI-FRAME"", ""Unable to share $assetId frame"", error)"
app/src/main/java/ohi/andre/consolelauncher/tuils/FrameManager.kt,745,review-literal,TUI-FRAME,"Log.e(""TUI-FRAME"", ""Unable to read frame settings; using default borders"", error)"
app/src/main/java/ohi/andre/consolelauncher/tuils/FrameManager.kt,745,review-literal,Unable to read frame settings; using default borders,"Log.e(""TUI-FRAME"", ""Unable to read frame settings; using default borders"", error)"
app/src/main/java/ohi/andre/consolelauncher/tuils/FrameManager.kt,881,review-literal,TUI-FRAME,"Log.e(""TUI-FRAME"", ""Unable to read frame settings; leaving them for repair"", error)"
app/src/main/java/ohi/andre/consolelauncher/tuils/FrameManager.kt,881,review-literal,Unable to read frame settings; leaving them for repair,"Log.e(""TUI-FRAME"", ""Unable to read frame settings; leaving them for repair"", error)"
app/src/main/java/ohi/andre/consolelauncher/tuils/FrameManager.kt,888,review-literal,TUI-FRAME,"Log.e(""TUI-FRAME"", ""Unable to migrate frame settings; leaving them for repair"", error)"
app/src/main/java/ohi/andre/consolelauncher/tuils/FrameManager.kt,888,review-literal,Unable to migrate frame settings; leaving them for repair,"Log.e(""TUI-FRAME"", ""Unable to migrate frame settings; leaving them for repair"", error)"
app/src/main/java/ohi/andre/consolelauncher/tuils/FrameManager.kt,944,review-literal,TUI-FRAME,"Log.e(""TUI-FRAME"", ""Unable to load $key frame"", error)"
app/src/main/java/ohi/andre/consolelauncher/tuils/FrameManager.kt,944,review-literal,Unable to load $key frame,"Log.e(""TUI-FRAME"", ""Unable to load $key frame"", error)"
app/src/main/java/ohi/andre/consolelauncher/tuils/FrameManager.kt,956,review-literal,TUI-FRAME,"Log.e(""TUI-FRAME"", ""Unable to preview $key frame"", error)"
app/src/main/java/ohi/andre/consolelauncher/tuils/FrameManager.kt,956,review-literal,Unable to preview $key frame,"Log.e(""TUI-FRAME"", ""Unable to preview $key frame"", error)"
app/src/main/java/ohi/andre/consolelauncher/tuils/FrameManager.kt,1072,review-literal,SHA-256,"private fun sha256(bytes: ByteArray): String = MessageDigest.getInstance(""SHA-256"")"
app/src/main/java/ohi/andre/consolelauncher/tuils/LauncherSystemUi.kt,1,review-literal,DEPRECATION,"@file:Suppress(""DEPRECATION"")"
app/src/main/java/ohi/andre/consolelauncher/tuils/LongClickableSpan.kt,136,review-literal,reply -to ,"""reply -to "" + n.pkg + Tuils.SPACE"
app/src/main/java/ohi/andre/consolelauncher/tuils/LongClickableSpan.kt,154,review-literal,reply -to ,"""reply -to "" + n.pkg + Tuils.SPACE"
app/src/main/java/ohi/andre/consolelauncher/tuils/MimeTypes.kt,43,review-literal,Z,"put(""Z"", ""application/x-compress"")"
app/src/main/java/ohi/andre/consolelauncher/tuils/NetUtils.kt,1,review-literal,DEPRECATION,"@file:Suppress(""DEPRECATION"")"
app/src/main/java/ohi/andre/consolelauncher/tuils/NineSliceFrameDrawable.kt,137,review-literal,Deprecated in Java,"@Deprecated(""Deprecated in Java"")"
app/src/main/java/ohi/andre/consolelauncher/tuils/PrivateIOReceiver.kt,91,review-literal,The bundle is null,"Tuils.sendOutput(Color.RED, context, ""The bundle is null"")"
app/src/main/java/ohi/andre/consolelauncher/tuils/PrivateIOReceiver.kt,96,review-literal,No remote inputs,"Tuils.sendOutput(Color.RED, context, ""No remote inputs"")"
app/src/main/java/ohi/andre/consolelauncher/tuils/PrivateIOReceiver.kt,101,review-literal,The pending intent couldn\'t be found,"Tuils.sendOutput(Color.RED, context, ""The pending intent couldn\'t be found"")"
app/src/main/java/ohi/andre/consolelauncher/tuils/PrivateIOReceiver.kt,127,review-literal,RetuiReplyDebug,"""RetuiReplyDebug"", (""sending reply pendingIntent="" + pi"
app/src/main/java/ohi/andre/consolelauncher/tuils/PrivateIOReceiver.kt,127,review-literal,sending reply pendingIntent=,"""RetuiReplyDebug"", (""sending reply pendingIntent="" + pi"
app/src/main/java/ohi/andre/consolelauncher/tuils/PrivateIOReceiver.kt,128,display-candidate, text=,"+ "" text="" + text"
app/src/main/java/ohi/andre/consolelauncher/tuils/PrivateIOReceiver.kt,129,review-literal, remoteInputCount=,"+ "" remoteInputCount="" + rms.size"
app/src/main/java/ohi/andre/consolelauncher/tuils/PrivateIOReceiver.kt,130,review-literal, resultKeys=,"+ "" resultKeys="" + results.keySet())"
app/src/main/java/ohi/andre/consolelauncher/tuils/PrivateIOReceiver.kt,133,review-literal,RetuiReplyDebug,"Log.i(""RetuiReplyDebug"", ""pendingIntent send completed"")"
app/src/main/java/ohi/andre/consolelauncher/tuils/PrivateIOReceiver.kt,133,review-literal,pendingIntent send completed,"Log.i(""RetuiReplyDebug"", ""pendingIntent send completed"")"
app/src/main/java/ohi/andre/consolelauncher/tuils/PrivateIOReceiver.kt,135,review-literal,RetuiReplyDebug,"Log.e(""RetuiReplyDebug"", ""pendingIntent send failed"", e)"
app/src/main/java/ohi/andre/consolelauncher/tuils/PrivateIOReceiver.kt,135,review-literal,pendingIntent send failed,"Log.e(""RetuiReplyDebug"", ""pendingIntent send failed"", e)"
app/src/main/java/ohi/andre/consolelauncher/tuils/PublicIOReceiver.kt,1,review-literal,DEPRECATION,"@file:Suppress(""DEPRECATION"")"
app/src/main/java/ohi/andre/consolelauncher/tuils/SystemUtils.kt,1,review-literal,DEPRECATION,"@file:Suppress(""DEPRECATION"")"
app/src/main/java/ohi/andre/consolelauncher/tuils/SystemUtils.kt,38,review-literal,MemTotal,"if (line.contains(""MemTotal"")) {"
app/src/main/java/ohi/andre/consolelauncher/tuils/TerminalBorderDrawable.kt,233,review-literal,Deprecated in Java,"@Deprecated(""Deprecated in Java"")"
app/src/main/java/ohi/andre/consolelauncher/tuils/TextUtils.kt,59,review-literal,"' && !inSingleQuote) {
                inDoubleQuote = !inDoubleQuote
                sb.append(c)
                continue
            }
            if (c == '\'' && !inDoubleQuote) {
                inSingleQuote = !inSingleQuote
                sb.append(c)
                continue
            }

            if (Character.isWhitespace(c) && !inDoubleQuote && !inSingleQuote) {
                if (sb.isNotEmpty() && !Character.isWhitespace(sb[sb.length - 1])) {
                    sb.append(","if (c == '""' && !inSingleQuote) {
                inDoubleQuote = !inDoubleQuote
                sb.append(c)
                continue
            }
            if (c == '\'' && !inDoubleQuote) {
                inSingleQuote = !inSingleQuote
                sb.append(c)
                continue
            }

            if (Character.isWhitespace(c) && !inDoubleQuote && !inSingleQuote) {
                if (sb.isNotEmpty() && !Character.isWhitespace(sb[sb.length - 1])) {
                    sb.append("" "")"
app/src/main/java/ohi/andre/consolelauncher/tuils/TextUtils.kt,72,review-literal,")
                }
            } else {
                sb.append(c)
            }
        }
        return sb.toString().trim()
    }

    @JvmStatic
    fun splitArgs(input: String?): List<String> {
        val args: MutableList<String> = ArrayList()
        if (input == null) {
            return args
        }

        val currentArg = StringBuilder()
        var inDoubleQuote = false
        var inSingleQuote = false
        var escaped = false

        for (c in input) {
            if (escaped) {
                currentArg.append(c)
                escaped = false
                continue
            }
            if (c == '\\') {
                escaped = true
                continue
            }
            if (c == '","sb.append("" "")
                }
            } else {
                sb.append(c)
            }
        }
        return sb.toString().trim()
    }

    @JvmStatic
    fun splitArgs(input: String?): List<String> {
        val args: MutableList<String> = ArrayList()
        if (input == null) {
            return args
        }

        val currentArg = StringBuilder()
        var inDoubleQuote = false
        var inSingleQuote = false
        var escaped = false

        for (c in input) {
            if (escaped) {
                currentArg.append(c)
                escaped = false
                continue
            }
            if (c == '\\') {
                escaped = true
                continue
            }
            if (c == '""' && !inSingleQuote) {"
app/src/main/java/ohi/andre/consolelauncher/tuils/Tuils.kt,115,review-literal,TUI,"private const val TAG = ""TUI"""
app/src/main/java/ohi/andre/consolelauncher/tuils/Tuils.kt,146,review-literal,now im,"log(""now im"", input)"
app/src/main/java/ohi/andre/consolelauncher/tuils/Tuils.kt,165,review-literal,TUI-FONT,"Log.e(""TUI-FONT"", ""Unable to load font prefs, trying filesystem fallback"", e)"
app/src/main/java/ohi/andre/consolelauncher/tuils/Tuils.kt,165,review-literal,"Unable to load font prefs, trying filesystem fallback","Log.e(""TUI-FONT"", ""Unable to load font prefs, trying filesystem fallback"", e)"
app/src/main/java/ohi/andre/consolelauncher/tuils/Tuils.kt,183,review-literal,TUI-FONT,"Log.e(""TUI-FONT"", ""Using system font"")"
app/src/main/java/ohi/andre/consolelauncher/tuils/Tuils.kt,183,review-literal,Using system font,"Log.e(""TUI-FONT"", ""Using system font"")"
app/src/main/java/ohi/andre/consolelauncher/tuils/Tuils.kt,187,review-literal,TUI-FONT,"Log.e(""TUI-FONT"", ""Attempting to create Typeface from: "" + fontPath)"
app/src/main/java/ohi/andre/consolelauncher/tuils/Tuils.kt,187,review-literal,Attempting to create Typeface from: ,"Log.e(""TUI-FONT"", ""Attempting to create Typeface from: "" + fontPath)"
app/src/main/java/ohi/andre/consolelauncher/tuils/Tuils.kt,189,review-literal,TUI-FONT,"Log.e(""TUI-FONT"", ""Loaded custom font: "" + fontPath)"
app/src/main/java/ohi/andre/consolelauncher/tuils/Tuils.kt,189,review-literal,Loaded custom font: ,"Log.e(""TUI-FONT"", ""Loaded custom font: "" + fontPath)"
app/src/main/java/ohi/andre/consolelauncher/tuils/Tuils.kt,191,review-literal,TUI-FONT,"Log.e(""TUI-FONT"", ""Failed to load font from "" + font.getAbsolutePath(), e)"
app/src/main/java/ohi/andre/consolelauncher/tuils/Tuils.kt,191,review-literal,Failed to load font from ,"Log.e(""TUI-FONT"", ""Failed to load font from "" + font.getAbsolutePath(), e)"
app/src/main/java/ohi/andre/consolelauncher/tuils/Tuils.kt,203,review-literal,TUI-FONT,"Log.e(""TUI-FONT"", ""Falling back to bundled font"")"
app/src/main/java/ohi/andre/consolelauncher/tuils/Tuils.kt,203,review-literal,Falling back to bundled font,"Log.e(""TUI-FONT"", ""Falling back to bundled font"")"
app/src/main/java/ohi/andre/consolelauncher/tuils/Tuils.kt,207,review-literal,TUI-FONT,"Log.e(""TUI-FONT"", ""Falling back to system default font"")"
app/src/main/java/ohi/andre/consolelauncher/tuils/Tuils.kt,207,review-literal,Falling back to system default font,"Log.e(""TUI-FONT"", ""Falling back to system default font"")"
app/src/main/java/ohi/andre/consolelauncher/tuils/Tuils.kt,663,review-literal,insertOld fallback failed: ,"Tuils.toFile(""insertOld fallback failed: "" + e.message)"
app/src/main/java/ohi/andre/consolelauncher/tuils/Tuils.kt,687,review-literal,end of parents of: ,"log(""end of parents of: "" + v.toString())"
app/src/main/java/ohi/andre/consolelauncher/tuils/Tuils.kt,710,review-literal,No drawable on given view,"throw NoSuchElementException(""No drawable on given view"")"
app/src/main/java/ohi/andre/consolelauncher/tuils/Tuils.kt,719,review-literal,Can't find bitmap on given view/drawable,"throw NoSuchElementException(""Can't find bitmap on given view/drawable"")"
app/src/main/java/ohi/andre/consolelauncher/tuils/Tuils.kt,879,review-literal,MemTotal,"if (line!!.startsWith(""MemTotal"")) {"
app/src/main/java/ohi/andre/consolelauncher/tuils/Tuils.kt,1218,review-literal,"' && !inSingleQuote) {
                inDoubleQuote = !inDoubleQuote
            } else if (c == '\'' && !inDoubleQuote) {
                inSingleQuote = !inSingleQuote
            } else if (Character.isWhitespace(c) && !inDoubleQuote && !inSingleQuote) {
                if (currentArg.length > 0) {
                    args.add(currentArg.toString())
                    currentArg.setLength(0)
                }
            } else {
                currentArg.append(c)
            }
        }
        if (currentArg.length > 0) {
            args.add(currentArg.toString())
        }
        return args
    }

    fun getStackTrace(throwable: Throwable): String {
        val sw = StringWriter()
        val pw = PrintWriter(sw, true)
        throwable.printStackTrace(pw)
        return sw.getBuffer().toString()
    }

    fun isAlpha(s: String?): Boolean {
        if (s == null) {
            return false
        }
        val chars = s.toCharArray()

        for (c in chars) if (!Character.isLetter(c)) return false

        return true
    }

    fun isPhoneNumber(s: String?): Boolean {
        if (s == null) {
            return false
        }
        val chars = s.toCharArray()

        for (c in chars) {
            if (Character.isLetter(c)) {
                return false
            }
        }

        return true
    }

    //    return 0 if only digit
    fun firstNonDigit(s: String?): Char {
        if (s == null) {
            return 0.toChar()
        }

        val chars = s.toCharArray()

        for (c in chars) {
            if (!Character.isDigit(c)) {
                return c
            }
        }

        return 0.toChar()
    }

    fun isNumber(s: String?): Boolean {
        if (s == null || s.length == 0) {
            return false
        }

        val chars = s.toCharArray()

        for (c in chars) {
            if (!Character.isDigit(c)) {
                return false
            }
        }

        return true
    }

    fun openFile(c: Context, f: File): Intent {
        val intent: Intent = Intent(Intent.ACTION_VIEW)
        intent.addFlags(Intent.FLAG_ACTIVITY_NEW_TASK)

        val u = buildFile(c, f)
        val mimetype = MimeTypes.getMimeType(f.getAbsolutePath(), f.isDirectory())

        intent.setDataAndType(u, mimetype)

        val flags: Int =
            Intent.FLAG_GRANT_READ_URI_PERMISSION or Intent.FLAG_GRANT_WRITE_URI_PERMISSION or Intent.FLAG_GRANT_PREFIX_URI_PERMISSION

        intent.addFlags(flags)

        return intent
    }

    fun shareFile(c: Context, f: File): Intent {
        val intent: Intent = Intent(Intent.ACTION_SEND)
        intent.addFlags(Intent.FLAG_ACTIVITY_NEW_TASK)

        val u = buildFile(c, f)

        val mimetype = MimeTypes.getMimeType(f.getAbsolutePath(), f.isDirectory())

        intent.setDataAndType(u, mimetype)

        intent.addFlags(Intent.FLAG_GRANT_READ_URI_PERMISSION)
        intent.putExtra(Intent.EXTRA_STREAM, u)

        return intent
    }

    private fun buildFile(context: Context, file: File): Uri? {
        return FileProvider.getUriForFile(context, GenericFileProvider.PROVIDER_NAME, file)
    }

    fun eval(str: String): Double {
        return object : Any() {
            var pos: Int = -1
            var ch: Int = 0

            fun nextChar() {
                ch = if (++pos < str.length) str.get(pos).code else -1
            }

            fun eat(charToEat: Int): Boolean {
                while (ch == ' '.code) nextChar()
                if (ch == charToEat) {
                    nextChar()
                    return true
                }
                return false
            }

            fun parse(): Double {
                nextChar()
                val x = parseExpression()
                if (pos < str.length) throw RuntimeException(","} else if (c == '\""' && !inSingleQuote) {
                inDoubleQuote = !inDoubleQuote
            } else if (c == '\'' && !inDoubleQuote) {
                inSingleQuote = !inSingleQuote
            } else if (Character.isWhitespace(c) && !inDoubleQuote && !inSingleQuote) {
                if (currentArg.length > 0) {
                    args.add(currentArg.toString())
                    currentArg.setLength(0)
                }
            } else {
                currentArg.append(c)
            }
        }
        if (currentArg.length > 0) {
            args.add(currentArg.toString())
        }
        return args
    }

    fun getStackTrace(throwable: Throwable): String {
        val sw = StringWriter()
        val pw = PrintWriter(sw, true)
        throwable.printStackTrace(pw)
        return sw.getBuffer().toString()
    }

    fun isAlpha(s: String?): Boolean {
        if (s == null) {
            return false
        }
        val chars = s.toCharArray()

        for (c in chars) if (!Character.isLetter(c)) return false

        return true
    }

    fun isPhoneNumber(s: String?): Boolean {
        if (s == null) {
            return false
        }
        val chars = s.toCharArray()

        for (c in chars) {
            if (Character.isLetter(c)) {
                return false
            }
        }

        return true
    }

    //    return 0 if only digit
    fun firstNonDigit(s: String?): Char {
        if (s == null) {
            return 0.toChar()
        }

        val chars = s.toCharArray()

        for (c in chars) {
            if (!Character.isDigit(c)) {
                return c
            }
        }

        return 0.toChar()
    }

    fun isNumber(s: String?): Boolean {
        if (s == null || s.length == 0) {
            return false
        }

        val chars = s.toCharArray()

        for (c in chars) {
            if (!Character.isDigit(c)) {
                return false
            }
        }

        return true
    }

    fun openFile(c: Context, f: File): Intent {
        val intent: Intent = Intent(Intent.ACTION_VIEW)
        intent.addFlags(Intent.FLAG_ACTIVITY_NEW_TASK)

        val u = buildFile(c, f)
        val mimetype = MimeTypes.getMimeType(f.getAbsolutePath(), f.isDirectory())

        intent.setDataAndType(u, mimetype)

        val flags: Int =
            Intent.FLAG_GRANT_READ_URI_PERMISSION or Intent.FLAG_GRANT_WRITE_URI_PERMISSION or Intent.FLAG_GRANT_PREFIX_URI_PERMISSION

        intent.addFlags(flags)

        return intent
    }

    fun shareFile(c: Context, f: File): Intent {
        val intent: Intent = Intent(Intent.ACTION_SEND)
        intent.addFlags(Intent.FLAG_ACTIVITY_NEW_TASK)

        val u = buildFile(c, f)

        val mimetype = MimeTypes.getMimeType(f.getAbsolutePath(), f.isDirectory())

        intent.setDataAndType(u, mimetype)

        intent.addFlags(Intent.FLAG_GRANT_READ_URI_PERMISSION)
        intent.putExtra(Intent.EXTRA_STREAM, u)

        return intent
    }

    private fun buildFile(context: Context, file: File): Uri? {
        return FileProvider.getUriForFile(context, GenericFileProvider.PROVIDER_NAME, file)
    }

    fun eval(str: String): Double {
        return object : Any() {
            var pos: Int = -1
            var ch: Int = 0

            fun nextChar() {
                ch = if (++pos < str.length) str.get(pos).code else -1
            }

            fun eat(charToEat: Int): Boolean {
                while (ch == ' '.code) nextChar()
                if (ch == charToEat) {
                    nextChar()
                    return true
                }
                return false
            }

            fun parse(): Double {
                nextChar()
                val x = parseExpression()
                if (pos < str.length) throw RuntimeException(""Unexpected: "" + ch.toChar())"
app/src/main/java/ohi/andre/consolelauncher/tuils/Tuils.kt,1361,review-literal," + ch.toChar())
                return x
            }

            fun parseExpression(): Double {
                var x = parseTerm()
                while (true) {
                    if (eat('+'.code)) x += parseTerm()
                    else if (eat('-'.code)) x -= parseTerm()
                    else return x
                }
            }

            fun parseTerm(): Double {
                var x = parseFactor()
                while (true) {
                    if (eat('*'.code)) x *= parseFactor()
                    else if (eat('/'.code)) x /= parseFactor()
                    else return x
                }
            }

            fun parseFactor(): Double {
                if (eat('+'.code)) return parseFactor()
                if (eat('-'.code)) return -parseFactor()

                var x: Double
                val startPos = this.pos
                if (eat('('.code)) {
                    x = parseExpression()
                    eat(')'.code)
                } else if ((ch >= '0'.code && ch <= '9'.code) || ch == '.'.code) {
                    while ((ch >= '0'.code && ch <= '9'.code) || ch == '.'.code) nextChar()
                    x = str.substring(startPos, this.pos).toDouble()
                } else if (ch >= 'a'.code && ch <= 'z'.code) {
                    while (ch >= 'a'.code && ch <= 'z'.code) nextChar()
                    val func = str.substring(startPos, this.pos)
                    x = parseFactor()
                    if (func == ","if (pos < str.length) throw RuntimeException(""Unexpected: "" + ch.toChar())
                return x
            }

            fun parseExpression(): Double {
                var x = parseTerm()
                while (true) {
                    if (eat('+'.code)) x += parseTerm()
                    else if (eat('-'.code)) x -= parseTerm()
                    else return x
                }
            }

            fun parseTerm(): Double {
                var x = parseFactor()
                while (true) {
                    if (eat('*'.code)) x *= parseFactor()
                    else if (eat('/'.code)) x /= parseFactor()
                    else return x
                }
            }

            fun parseFactor(): Double {
                if (eat('+'.code)) return parseFactor()
                if (eat('-'.code)) return -parseFactor()

                var x: Double
                val startPos = this.pos
                if (eat('('.code)) {
                    x = parseExpression()
                    eat(')'.code)
                } else if ((ch >= '0'.code && ch <= '9'.code) || ch == '.'.code) {
                    while ((ch >= '0'.code && ch <= '9'.code) || ch == '.'.code) nextChar()
                    x = str.substring(startPos, this.pos).toDouble()
                } else if (ch >= 'a'.code && ch <= 'z'.code) {
                    while (ch >= 'a'.code && ch <= 'z'.code) nextChar()
                    val func = str.substring(startPos, this.pos)
                    x = parseFactor()
                    if (func == ""sqrt"") x = sqrt(x)"
app/src/main/java/ohi/andre/consolelauncher/tuils/Tuils.kt,1399,review-literal,") x = sqrt(x)
                    else if (func == ","if (func == ""sqrt"") x = sqrt(x)
                    else if (func == ""sin"") x = sin(Math.toRadians(x))"
app/src/main/java/ohi/andre/consolelauncher/tuils/Tuils.kt,1400,review-literal,") x = sin(Math.toRadians(x))
                    else if (func == ","else if (func == ""sin"") x = sin(Math.toRadians(x))
                    else if (func == ""cos"") x = cos(Math.toRadians(x))"
app/src/main/java/ohi/andre/consolelauncher/tuils/Tuils.kt,1401,review-literal,") x = cos(Math.toRadians(x))
                    else if (func == ","else if (func == ""cos"") x = cos(Math.toRadians(x))
                    else if (func == ""tan"") x = tan(Math.toRadians(x))"
app/src/main/java/ohi/andre/consolelauncher/tuils/Tuils.kt,1402,review-literal,") x = tan(Math.toRadians(x))
                    else throw RuntimeException(","else if (func == ""tan"") x = tan(Math.toRadians(x))
                    else throw RuntimeException(""Unknown function: "" + func)"
app/src/main/java/ohi/andre/consolelauncher/tuils/Tuils.kt,1403,review-literal," + func)
                } else {
                    throw RuntimeException(","else throw RuntimeException(""Unknown function: "" + func)
                } else {
                    throw RuntimeException(""Unexpected: "" + ch.toChar())"
app/src/main/java/ohi/andre/consolelauncher/tuils/Tuils.kt,1405,review-literal," + ch.toChar())
                }

                if (eat('^'.code)) x = x.pow(parseFactor())

                return x
            }
        }.parse()
    }

    fun getTextFromClipboard(context: Context): String? {
        try {
            val manager =
                context.getSystemService(Context.CLIPBOARD_SERVICE) as ClipboardManager
            val item: ClipData.Item = manager.getPrimaryClip()!!.getItemAt(0)
            return item.getText().toString()
        } catch (e: Exception) {
            return null
        }
    }

    fun dpToPx(resources: Resources, dp: Int): Int {
        val displayMetrics: DisplayMetrics = resources.getDisplayMetrics()
        return Math.round(dp * (displayMetrics.xdpi / DisplayMetrics.DENSITY_DEFAULT))
    }

    private const val FORK_FOLDER_NAME = ","throw RuntimeException(""Unexpected: "" + ch.toChar())
                }

                if (eat('^'.code)) x = x.pow(parseFactor())

                return x
            }
        }.parse()
    }

    fun getTextFromClipboard(context: Context): String? {
        try {
            val manager =
                context.getSystemService(Context.CLIPBOARD_SERVICE) as ClipboardManager
            val item: ClipData.Item = manager.getPrimaryClip()!!.getItemAt(0)
            return item.getText().toString()
        } catch (e: Exception) {
            return null
        }
    }

    fun dpToPx(resources: Resources, dp: Int): Int {
        val displayMetrics: DisplayMetrics = resources.getDisplayMetrics()
        return Math.round(dp * (displayMetrics.xdpi / DisplayMetrics.DENSITY_DEFAULT))
    }

    private const val FORK_FOLDER_NAME = ""Re-T-UI"""
app/src/main/java/ohi/andre/consolelauncher/tuils/Tuils.kt,1431,review-literal,"
    private var folder: File? = null

    @JvmStatic
    fun getFolder(): File {
        return folder ?: File(","private const val FORK_FOLDER_NAME = ""Re-T-UI""
    private var folder: File? = null

    @JvmStatic
    fun getFolder(): File {
        return folder ?: File("""")"
app/src/main/java/ohi/andre/consolelauncher/tuils/Tuils.kt,1436,review-literal,")
    }

    fun init(context: Context) {
        if (folder?.isDirectory == true) return
        Log.e(","return folder ?: File("""")
    }

    fun init(context: Context) {
        if (folder?.isDirectory == true) return
        Log.e(""TUI-INIT"", ""Starting Tuils.init()"")"
app/src/main/java/ohi/andre/consolelauncher/tuils/Tuils.kt,1441,review-literal,")
        try {
            val sharedRoot: File? = Environment.getExternalStorageDirectory()
            var newFolder: File?
            if (isPlayStoreBuild) {
                var appExternalRoot = context.getExternalFilesDir(null)
                if (appExternalRoot == null) {
                    appExternalRoot = context.getFilesDir()
                }
                // Play Store flavor does not request shared-storage permissions.
                // Keep the folder name Linux/path friendly, but store it in app-owned
                // external storage so normal File APIs can read/write reliably.
                newFolder = File(appExternalRoot, FORK_FOLDER_NAME)
                Log.e(","Log.e(""TUI-INIT"", ""Starting Tuils.init()"")
        try {
            val sharedRoot: File? = Environment.getExternalStorageDirectory()
            var newFolder: File?
            if (isPlayStoreBuild) {
                var appExternalRoot = context.getExternalFilesDir(null)
                if (appExternalRoot == null) {
                    appExternalRoot = context.getFilesDir()
                }
                // Play Store flavor does not request shared-storage permissions.
                // Keep the folder name Linux/path friendly, but store it in app-owned
                // external storage so normal File APIs can read/write reliably.
                newFolder = File(appExternalRoot, FORK_FOLDER_NAME)
                Log.e(""TUI-INIT"", ""Play Store app-owned folder: "" + newFolder.getAbsolutePath())"
app/src/main/java/ohi/andre/consolelauncher/tuils/Tuils.kt,1454,review-literal," + newFolder.getAbsolutePath())
            } else {
                // F-Droid/debug channel can own the shared user-facing root.
                newFolder = File(sharedRoot, FORK_FOLDER_NAME)
            }

            Log.e(","Log.e(""TUI-INIT"", ""Play Store app-owned folder: "" + newFolder.getAbsolutePath())
            } else {
                // F-Droid/debug channel can own the shared user-facing root.
                newFolder = File(sharedRoot, FORK_FOLDER_NAME)
            }

            Log.e(""TUI-INIT"", ""Target folder: "" + newFolder.getAbsolutePath())"
app/src/main/java/ohi/andre/consolelauncher/tuils/Tuils.kt,1460,review-literal," + newFolder.getAbsolutePath())

            if (!newFolder.exists()) {
                val created = newFolder.mkdirs()
                Log.e(","Log.e(""TUI-INIT"", ""Target folder: "" + newFolder.getAbsolutePath())

            if (!newFolder.exists()) {
                val created = newFolder.mkdirs()
                Log.e(""TUI-INIT"", ""Root folder creation attempt: "" + created)"
app/src/main/java/ohi/andre/consolelauncher/tuils/Tuils.kt,1464,review-literal," + created)


                // Fallback to private storage if shared root is not accessible
                if (!created) {
                    var appExternalRoot = context.getExternalFilesDir(null)
                    if (appExternalRoot == null) {
                        appExternalRoot = context.getFilesDir()
                    }
                    newFolder = File(appExternalRoot, FORK_FOLDER_NAME)
                    newFolder.mkdirs()
                    Log.e(","Log.e(""TUI-INIT"", ""Root folder creation attempt: "" + created)


                // Fallback to private storage if shared root is not accessible
                if (!created) {
                    var appExternalRoot = context.getExternalFilesDir(null)
                    if (appExternalRoot == null) {
                        appExternalRoot = context.getFilesDir()
                    }
                    newFolder = File(appExternalRoot, FORK_FOLDER_NAME)
                    newFolder.mkdirs()
                    Log.e(""TUI-INIT"", ""Fallback to private storage: "" + newFolder.getAbsolutePath())"
app/src/main/java/ohi/andre/consolelauncher/tuils/Tuils.kt,1475,review-literal," + newFolder.getAbsolutePath())
                }
            }

            val legacyForkFolder = File(sharedRoot, ","Log.e(""TUI-INIT"", ""Fallback to private storage: "" + newFolder.getAbsolutePath())
                }
            }

            val legacyForkFolder = File(sharedRoot, ""Re:T-UI"")"
app/src/main/java/ohi/andre/consolelauncher/tuils/Tuils.kt,1479,review-literal,")
            val legacyOriginalFolder = File(sharedRoot, ","val legacyForkFolder = File(sharedRoot, ""Re:T-UI"")
            val legacyOriginalFolder = File(sharedRoot, ""T-UI"")"
app/src/main/java/ohi/andre/consolelauncher/tuils/Tuils.kt,1480,review-literal,")

            if (newFolder.exists() && isDirectoryEffectivelyEmpty(newFolder)) {
                if (legacyForkFolder.exists() && legacyForkFolder.isDirectory()) {
                    Log.e(","val legacyOriginalFolder = File(sharedRoot, ""T-UI"")

            if (newFolder.exists() && isDirectoryEffectivelyEmpty(newFolder)) {
                if (legacyForkFolder.exists() && legacyForkFolder.isDirectory()) {
                    Log.e(""TUI-INIT"", ""Legacy Re:T-UI folder found, migration skipped for now..."")"
app/src/main/java/ohi/andre/consolelauncher/tuils/Tuils.kt,1484,review-literal,")
                    // copyDirectory(legacyForkFolder, newFolder);
                } else if (legacyOriginalFolder.exists() && legacyOriginalFolder.isDirectory()) {
                    Log.e(","Log.e(""TUI-INIT"", ""Legacy Re:T-UI folder found, migration skipped for now..."")
                    // copyDirectory(legacyForkFolder, newFolder);
                } else if (legacyOriginalFolder.exists() && legacyOriginalFolder.isDirectory()) {
                    Log.e(""TUI-INIT"", ""Old T-UI folder found, migration skipped for now..."")"
app/src/main/java/ohi/andre/consolelauncher/tuils/Tuils.kt,1487,review-literal,")
                    // copyDirectory(legacyOriginalFolder, newFolder);
                }
            }

            if (newFolder.exists()) {
                folder = newFolder
                val subfolders = arrayOf<String?>(","Log.e(""TUI-INIT"", ""Old T-UI folder found, migration skipped for now..."")
                    // copyDirectory(legacyOriginalFolder, newFolder);
                }
            }

            if (newFolder.exists()) {
                folder = newFolder
                val subfolders = arrayOf<String?>(""fonts"", ""rss"", ""old"")"
app/src/main/java/ohi/andre/consolelauncher/tuils/Tuils.kt,1494,review-literal,")
                for (sub in subfolders) {
                    val f = File(newFolder, sub)
                    if (!f.exists()) {
                        f.mkdirs()
                    }
                }
                Log.e(","val subfolders = arrayOf<String?>(""fonts"", ""rss"", ""old"")
                for (sub in subfolders) {
                    val f = File(newFolder, sub)
                    if (!f.exists()) {
                        f.mkdirs()
                    }
                }
                Log.e(""TUI-INIT"", ""Subfolders checked/created"")"
app/src/main/java/ohi/andre/consolelauncher/tuils/Tuils.kt,1501,review-literal,")
            } else {
                Log.e(","Log.e(""TUI-INIT"", ""Subfolders checked/created"")
            } else {
                Log.e(""TUI-INIT"", ""Folder still does not exist after mkdirs()"")"
app/src/main/java/ohi/andre/consolelauncher/tuils/Tuils.kt,1503,review-literal,")
            }
        } catch (e: Exception) {
            Log.e(","Log.e(""TUI-INIT"", ""Folder still does not exist after mkdirs()"")
            }
        } catch (e: Exception) {
            Log.e(""TUI-INIT"", ""Crash in Tuils.init"", e)"
app/src/main/java/ohi/andre/consolelauncher/tuils/Tuils.kt,1506,review-literal,", e)
            toFile(e)
        }
    }

    private val isPlayStoreBuild: Boolean
        get() = ","Log.e(""TUI-INIT"", ""Crash in Tuils.init"", e)
            toFile(e)
        }
    }

    private val isPlayStoreBuild: Boolean
        get() = ""playstore"".equals(BuildConfig.FLAVOR, ignoreCase = true)"
app/src/main/java/ohi/andre/consolelauncher/tuils/Tuils.kt,1512,review-literal,".equals(BuildConfig.FLAVOR, ignoreCase = true)

    private fun isDirectoryEffectivelyEmpty(dir: File): Boolean {
        val files = dir.listFiles()
        return files == null || files.size == 0
    }

    @Throws(IOException::class)
    fun copyDirectory(source: File, target: File) {
        if (source.isDirectory()) {
            if (!target.exists() && !target.mkdirs()) {
                throw IOException(","get() = ""playstore"".equals(BuildConfig.FLAVOR, ignoreCase = true)

    private fun isDirectoryEffectivelyEmpty(dir: File): Boolean {
        val files = dir.listFiles()
        return files == null || files.size == 0
    }

    @Throws(IOException::class)
    fun copyDirectory(source: File, target: File) {
        if (source.isDirectory()) {
            if (!target.exists() && !target.mkdirs()) {
                throw IOException(""Cannot create dir "" + target.getAbsolutePath())"
app/src/main/java/ohi/andre/consolelauncher/tuils/Tuils.kt,1523,review-literal," + target.getAbsolutePath())
            }

            val children = source.list()
            if (children != null) {
                for (child in children) {
                    copyDirectory(File(source, child), File(target, child))
                }
            }
        } else {
            val parent = target.getParentFile()
            if (parent != null && !parent.exists() && !parent.mkdirs()) {
                throw IOException(","throw IOException(""Cannot create dir "" + target.getAbsolutePath())
            }

            val children = source.list()
            if (children != null) {
                for (child in children) {
                    copyDirectory(File(source, child), File(target, child))
                }
            }
        } else {
            val parent = target.getParentFile()
            if (parent != null && !parent.exists() && !parent.mkdirs()) {
                throw IOException(""Cannot create dir "" + parent.getAbsolutePath())"
app/src/main/java/ohi/andre/consolelauncher/tuils/Tuils.kt,1535,review-literal," + parent.getAbsolutePath())
            }

            val `in`: InputStream = FileInputStream(source)
            val out: OutputStream = FileOutputStream(target)

            val buf = ByteArray(1024)
            var len: Int
            while ((`in`.read(buf).also { len = it }) > 0) {
                out.write(buf, 0, len)
            }
            `in`.close()
            out.close()
        }
    }

    fun alphabeticCompare(s1: String?, s2: String?): Int {
        val cmd1 = removeSpaces(s1 ?: EMPTYSTRING).lowercase(Locale.getDefault())
        val cmd2 = removeSpaces(s2 ?: EMPTYSTRING).lowercase(Locale.getDefault())

        var count = 0
        while (count < cmd1.length && count < cmd2.length) {
            val c1 = cmd1.get(count)
            val c2 = cmd2.get(count)

            if (c1 < c2) {
                return -1
            } else if (c1 > c2) {
                return 1
            }
            count++
        }

        if (cmd1.length > cmd2.length) {
            return 1
        } else if (cmd1.length < cmd2.length) {
            return -1
        }
        return 0
    }

    private const val SPACE_REGEXP = ","throw IOException(""Cannot create dir "" + parent.getAbsolutePath())
            }

            val `in`: InputStream = FileInputStream(source)
            val out: OutputStream = FileOutputStream(target)

            val buf = ByteArray(1024)
            var len: Int
            while ((`in`.read(buf).also { len = it }) > 0) {
                out.write(buf, 0, len)
            }
            `in`.close()
            out.close()
        }
    }

    fun alphabeticCompare(s1: String?, s2: String?): Int {
        val cmd1 = removeSpaces(s1 ?: EMPTYSTRING).lowercase(Locale.getDefault())
        val cmd2 = removeSpaces(s2 ?: EMPTYSTRING).lowercase(Locale.getDefault())

        var count = 0
        while (count < cmd1.length && count < cmd2.length) {
            val c1 = cmd1.get(count)
            val c2 = cmd2.get(count)

            if (c1 < c2) {
                return -1
            } else if (c1 > c2) {
                return 1
            }
            count++
        }

        if (cmd1.length > cmd2.length) {
            return 1
        } else if (cmd1.length < cmd2.length) {
            return -1
        }
        return 0
    }

    private const val SPACE_REGEXP = ""\\s"""
app/src/main/java/ohi/andre/consolelauncher/tuils/Tuils.kt,1576,review-literal,"
    fun removeSpaces(string: String): String {
        return string.replace(SPACE_REGEXP.toRegex(), EMPTYSTRING)
    }

    fun getNetworkType(context: Context): String {
        return NetUtils.getNetworkType(context)
    }

    @SuppressLint(","private const val SPACE_REGEXP = ""\\s""
    fun removeSpaces(string: String): String {
        return string.replace(SPACE_REGEXP.toRegex(), EMPTYSTRING)
    }

    fun getNetworkType(context: Context): String {
        return NetUtils.getNetworkType(context)
    }

    @SuppressLint(""SoonBlockedPrivateApi"")"
app/src/main/java/ohi/andre/consolelauncher/tuils/libsuperuser/Shell.kt,154,review-literal,UTF-8,"STDIN.write((write + ""\n"").toByteArray(charset(""UTF-8"")))"
app/src/main/java/ohi/andre/consolelauncher/tuils/libsuperuser/Shell.kt,157,review-literal,UTF-8,"STDIN.write(""exit\n"".toByteArray(charset(""UTF-8"")))"
app/src/main/java/ohi/andre/consolelauncher/tuils/libsuperuser/Shell.kt,160,review-literal,EPIPE,"if (e.message!!.contains(""EPIPE"") || e.message!!.contains(""Stream closed"")) {"
app/src/main/java/ohi/andre/consolelauncher/tuils/libsuperuser/Shell.kt,160,review-literal,Stream closed,"if (e.message!!.contains(""EPIPE"") || e.message!!.contains(""Stream closed"")) {"
app/src/main/java/ohi/andre/consolelauncher/tuils/libsuperuser/Shell.kt,208,review-literal,echo -BOC-,"""echo -BOC-"","
app/src/main/java/ohi/andre/consolelauncher/tuils/libsuperuser/Shell.kt,373,review-literal,su -V,"if (internal) ""su -V"" else ""su -v"","
app/src/main/java/ohi/andre/consolelauncher/tuils/libsuperuser/Shell.kt,373,review-literal,su -v,"if (internal) ""su -V"" else ""su -v"","
app/src/main/java/ohi/andre/consolelauncher/tuils/libsuperuser/Shell.kt,448,review-literal,SUPERSU,"(display.endsWith(""SUPERSU"")) &&"
app/src/main/java/ohi/andre/consolelauncher/tuils/libsuperuser/Shell.kt,451,review-literal,%s --context %s,"shell = String.format(Locale.ENGLISH, ""%s --context %s"", shell, context)"
app/src/main/java/ohi/andre/consolelauncher/tuils/libsuperuser/Shell.kt,458,review-literal,%s %d,"shell = String.format(Locale.ENGLISH, ""%s %d"", shell, uid)"
app/src/main/java/ohi/andre/consolelauncher/tuils/libsuperuser/Shell.kt,472,review-literal,su --mount-master,"return ""su --mount-master"""
app/src/main/java/ohi/andre/consolelauncher/tuils/libsuperuser/Shell.kt,1389,review-literal,UTF-8,"STDIN!!.write((write + ""\n"").toByteArray(charset(""UTF-8"")))"
app/src/main/java/ohi/andre/consolelauncher/tuils/libsuperuser/Shell.kt,1391,review-literal,echo ,"STDIN!!.write((""echo "" + command.marker + "" $?\n"").toByteArray(charset(""UTF-8"")))"
app/src/main/java/ohi/andre/consolelauncher/tuils/libsuperuser/Shell.kt,1391,review-literal, $?\n,"STDIN!!.write((""echo "" + command.marker + "" $?\n"").toByteArray(charset(""UTF-8"")))"
app/src/main/java/ohi/andre/consolelauncher/tuils/libsuperuser/Shell.kt,1391,review-literal,UTF-8,"STDIN!!.write((""echo "" + command.marker + "" $?\n"").toByteArray(charset(""UTF-8"")))"
app/src/main/java/ohi/andre/consolelauncher/tuils/libsuperuser/Shell.kt,1392,review-literal,echo ,"STDIN!!.write((""echo "" + command.marker + "" >&2\n"").toByteArray(charset(""UTF-8"")))"
app/src/main/java/ohi/andre/consolelauncher/tuils/libsuperuser/Shell.kt,1392,review-literal, >&2\n,"STDIN!!.write((""echo "" + command.marker + "" >&2\n"").toByteArray(charset(""UTF-8"")))"
app/src/main/java/ohi/andre/consolelauncher/tuils/libsuperuser/Shell.kt,1392,review-literal,UTF-8,"STDIN!!.write((""echo "" + command.marker + "" >&2\n"").toByteArray(charset(""UTF-8"")))"
app/src/main/java/ohi/andre/consolelauncher/tuils/libsuperuser/Shell.kt,1658,review-literal,UTF-8,"STDIN!!.write((""exit\n"").toByteArray(charset(""UTF-8"")))"
app/src/main/java/ohi/andre/consolelauncher/tuils/libsuperuser/Shell.kt,1661,review-literal,EPIPE,"if (e.message!!.contains(""EPIPE"") || e.message!!.contains(""Stream closed"")) {"
app/src/main/java/ohi/andre/consolelauncher/tuils/libsuperuser/Shell.kt,1661,review-literal,Stream closed,"if (e.message!!.contains(""EPIPE"") || e.message!!.contains(""Stream closed"")) {"
app/src/main/java/ohi/andre/consolelauncher/tuils/libsuperuser/ShellHolder.kt,26,review-literal,cd ,"interactive.addCommand(""cd "" + XMLPrefsManager.get(File::class.java, Behavior.home_path))"
app/src/main/java/ohi/andre/consolelauncher/tuils/stuff/PolicyReceiver.kt,1,review-literal,OVERRIDE_DEPRECATION,"@file:Suppress(""OVERRIDE_DEPRECATION"")"
app/src/main/java/ohi/andre/consolelauncher/wallpaper/RetuiWallpaperActivity.kt,67,review-literal,black hole,"val scenes = listOf(""csakura"", ""black hole"", ""solid"")"
app/src/main/java/ohi/andre/consolelauncher/wallpaper/RetuiWallpaperActivity.kt,75,review-literal,black hole,"heightLabel = label(if (scene == ""black hole"") getString(R.string.editor_retuiwallpaperactivity_tilt_aceae) else getString(R.string.editor_retuiwallpaperactivity_height_6ea6c))"
app/src/main/java/ohi/andre/consolelauncher/wallpaper/RetuiWallpaperActivity.kt,86,review-literal,black hole,"boundsLabel = label(if (scene == ""black hole"") getString(R.string.editor_retuiwallpaperactivity_radius_69ea4) else getString(R.string.editor_retuiwallpaperactivity_bounds_d399f))"
app/src/main/java/ohi/andre/consolelauncher/wallpaper/RetuiWallpaperActivity.kt,90,review-literal,black hole,"densityLabel = label(if (scene == ""black hole"") getString(R.string.editor_retuiwallpaperactivity_dust_1717e) else getString(R.string.editor_retuiwallpaperactivity_petals_5dc16))"
app/src/main/java/ohi/andre/consolelauncher/wallpaper/RetuiWallpaperActivity.kt,155,review-literal,black hole,"""black hole"" -> BlackHoleView(this).apply { loadPosition() }"
app/src/main/java/ohi/andre/consolelauncher/wallpaper/RetuiWallpaperActivity.kt,172,display-candidate,black hole,"densityLabel.text = if (scene == ""black hole"") getString(R.string.editor_retuiwallpaperactivity_dust_1717e) else getString(R.string.editor_retuiwallpaperactivity_petals_5dc16)"
app/src/main/java/ohi/andre/consolelauncher/wallpaper/RetuiWallpaperActivity.kt,173,display-candidate,black hole,"heightLabel.text = if (scene == ""black hole"") getString(R.string.editor_retuiwallpaperactivity_tilt_aceae) else getString(R.string.editor_retuiwallpaperactivity_height_6ea6c)"
app/src/main/java/ohi/andre/consolelauncher/wallpaper/RetuiWallpaperActivity.kt,174,display-candidate,black hole,"boundsLabel.text = if (scene == ""black hole"") getString(R.string.editor_retuiwallpaperactivity_radius_69ea4) else getString(R.string.editor_retuiwallpaperactivity_bounds_d399f)"
app/src/main/java/ohi/andre/consolelauncher/wallpaper/RetuiWallpaperActivity.kt,192,review-literal,PICK…,"val colors = listOf(""PICK…"", currentHex) + themeColors.filterNot { it == currentHex }"
app/src/main/java/ohi/andre/consolelauncher/wallpaper/RetuiWallpaperActivity.kt,194,review-literal,PICK…,"if (value == ""PICK…"") showSolidColorPicker(current) else current.color = Color.parseColor(value) or Color.BLACK"
app/src/main/java/ohi/andre/consolelauncher/wallpaper/RetuiWallpaperActivity.kt,272,display-candidate,PICK…,"if (value == ""PICK…"") text.text = getString(R.string.wallpaper_pick_color)"
app/src/main/java/ohi/andre/consolelauncher/wallpaper/RetuiWallpaperActivity.kt,273,review-literal,PICK…,"val swatch = value.takeUnless { it == ""PICK…"" }?.let {"
app/src/main/java/ohi/andre/consolelauncher/wallpaper/RetuiWallpaperActivity.kt,355,review-literal,black hole,"""black hole"" -> getString(R.string.wallpaper_black_hole)"
app/src/main/java/ohi/andre/consolelauncher/wallpaper/RetuiWallpaperService.kt,202,review-literal,black hole,"""black hole"" -> BlackHoleView(this@RetuiWallpaperService).apply { loadPosition() }"
app/src/main/java/ohi/andre/consolelauncher/wallpaper/RetuiWallpaperService.kt,208,review-literal,black hole,"""black hole"" -> view is BlackHoleView"
app/src/main/java/ohi/andre/consolelauncher/wallpaper/RetuiWallpaperSettings.kt,35,review-literal,black hole,"""waterfall"" -> ""black hole"""
retui-datetime-picker/src/main/java/com/dvil/retui/datetimepicker/RetuiDateTimePickerView.kt,37,review-literal,DEPRECATION,"@Suppress(""DEPRECATION"")"
retui-contract/src/main/java/com/dvil/retui/contract/RetuiVisualContract.kt,164,review-literal,DEPRECATION,"@Suppress(""DEPRECATION"")"
retui-contract/src/main/java/com/dvil/retui/contract/RetuiVisualContract.kt,177,review-literal,DEPRECATION,"@Suppress(""DEPRECATION"")"
retui-contract/src/main/java/com/dvil/retui/contract/RetuiVisualContract.kt,194,review-literal,DEPRECATION,"@Suppress(""DEPRECATION"")"
retui-contract/src/main/java/com/dvil/retui/contract/RetuiVisualContract.kt,229,review-literal,DEPRECATION,"@Suppress(""DEPRECATION"")"
retui-contract/src/main/java/com/dvil/retui/contract/RetuiVisualContract.kt,243,review-literal,DEPRECATION,"@Suppress(""DEPRECATION"")"
